Analysis & Synthesis report for HF_SDR
Fri Mar 20 01:16:36 2026
Quartus II 64-Bit Version 13.1.0 Build 162 10/23/2013 SJ Web Edition


---------------------
; Table of Contents ;
---------------------
  1. Legal Notice
  2. Analysis & Synthesis Summary
  3. Analysis & Synthesis Settings
  4. Parallel Compilation
  5. Analysis & Synthesis Source Files Read
  6. Analysis & Synthesis Resource Usage Summary
  7. Analysis & Synthesis Resource Utilization by Entity
  8. Analysis & Synthesis RAM Summary
  9. Analysis & Synthesis DSP Block Usage Summary
 10. Analysis & Synthesis IP Cores Summary
 11. Registers Removed During Synthesis
 12. Removed Registers Triggering Further Register Optimizations
 13. General Register Statistics
 14. Inverted Register Statistics
 15. Registers Packed Into Inferred Megafunctions
 16. Multiplexer Restructuring Statistics (Restructuring Performed)
 17. Source assignments for multi_band_modulator:u_band_mod|sine_rom:rom_inst_iA|altsyncram:altsyncram_component|altsyncram_4jc1:auto_generated
 18. Source assignments for multi_band_modulator:u_band_mod|sine_rom:rom_inst_qA|altsyncram:altsyncram_component|altsyncram_4jc1:auto_generated
 19. Source assignments for multi_band_modulator:u_band_mod|sine_rom:rom_inst_iB|altsyncram:altsyncram_component|altsyncram_4jc1:auto_generated
 20. Source assignments for multi_band_modulator:u_band_mod|sine_rom:rom_inst_qB|altsyncram:altsyncram_component|altsyncram_4jc1:auto_generated
 21. Source assignments for dac_ddio:u_ddio|altddio_out:ALTDDIO_OUT_component
 22. Source assignments for dac_ddio:u_ddio|altddio_out:ALTDDIO_OUT_component|ddio_out_dbj:auto_generated
 23. Source assignments for hilbert_filter:u_hilbert|altsyncram:history_rtl_0|altsyncram_1si1:auto_generated
 24. Source assignments for hilbert_filter:u_hilbert|altsyncram:coef_rom_rtl_0|altsyncram_ff91:auto_generated
 25. Parameter Settings for User Entity Instance: sys_pll:u_pll|altpll:altpll_component
 26. Parameter Settings for User Entity Instance: multi_band_modulator:u_band_mod|sine_rom:rom_inst_iA|altsyncram:altsyncram_component
 27. Parameter Settings for User Entity Instance: multi_band_modulator:u_band_mod|sine_rom:rom_inst_qA|altsyncram:altsyncram_component
 28. Parameter Settings for User Entity Instance: multi_band_modulator:u_band_mod|sine_rom:rom_inst_iB|altsyncram:altsyncram_component
 29. Parameter Settings for User Entity Instance: multi_band_modulator:u_band_mod|sine_rom:rom_inst_qB|altsyncram:altsyncram_component
 30. Parameter Settings for User Entity Instance: dac_ddio:u_ddio|altddio_out:ALTDDIO_OUT_component
 31. Parameter Settings for Inferred Entity Instance: hilbert_filter:u_hilbert|altsyncram:history_rtl_0
 32. Parameter Settings for Inferred Entity Instance: hilbert_filter:u_hilbert|altsyncram:coef_rom_rtl_0
 33. Parameter Settings for Inferred Entity Instance: multi_band_modulator:u_band_mod|lpm_mult:Mult3
 34. Parameter Settings for Inferred Entity Instance: multi_band_modulator:u_band_mod|lpm_mult:Mult2
 35. Parameter Settings for Inferred Entity Instance: multi_band_modulator:u_band_mod|lpm_mult:Mult0
 36. Parameter Settings for Inferred Entity Instance: multi_band_modulator:u_band_mod|lpm_mult:Mult1
 37. Parameter Settings for Inferred Entity Instance: hilbert_filter:u_hilbert|lpm_mult:Mult0
 38. altpll Parameter Settings by Entity Instance
 39. altsyncram Parameter Settings by Entity Instance
 40. lpm_mult Parameter Settings by Entity Instance
 41. Port Connectivity Checks: "multi_band_modulator:u_band_mod"
 42. Port Connectivity Checks: "sys_pll:u_pll"
 43. Elapsed Time Per Partition
 44. Analysis & Synthesis Messages



----------------
; Legal Notice ;
----------------
Copyright (C) 1991-2013 Altera Corporation
Your use of Altera Corporation's design tools, logic functions 
and other software and tools, and its AMPP partner logic 
functions, and any output files from any of the foregoing 
(including device programming or simulation files), and any 
associated documentation or information are expressly subject 
to the terms and conditions of the Altera Program License 
Subscription Agreement, Altera MegaCore Function License 
Agreement, or other applicable license agreement, including, 
without limitation, that your use is for the sole purpose of 
programming logic devices manufactured by Altera and sold by 
Altera or its authorized distributors.  Please refer to the 
applicable agreement for further details.



+---------------------------------------------------------------------------------+
; Analysis & Synthesis Summary                                                    ;
+------------------------------------+--------------------------------------------+
; Analysis & Synthesis Status        ; Successful - Fri Mar 20 01:16:36 2026      ;
; Quartus II 64-Bit Version          ; 13.1.0 Build 162 10/23/2013 SJ Web Edition ;
; Revision Name                      ; HF_SDR                                     ;
; Top-level Entity Name              ; HF_SDR                                     ;
; Family                             ; Cyclone IV E                               ;
; Total logic elements               ; 2,354                                      ;
;     Total combinational functions  ; 1,949                                      ;
;     Dedicated logic registers      ; 1,366                                      ;
; Total registers                    ; 1394                                       ;
; Total pins                         ; 28                                         ;
; Total virtual pins                 ; 0                                          ;
; Total memory bits                  ; 65,280                                     ;
; Embedded Multiplier 9-bit elements ; 10                                         ;
; Total PLLs                         ; 1                                          ;
+------------------------------------+--------------------------------------------+


+----------------------------------------------------------------------------------------------------------------------+
; Analysis & Synthesis Settings                                                                                        ;
+----------------------------------------------------------------------------+--------------------+--------------------+
; Option                                                                     ; Setting            ; Default Value      ;
+----------------------------------------------------------------------------+--------------------+--------------------+
; Device                                                                     ; EP4CE10F17C8       ;                    ;
; Top-level entity name                                                      ; HF_SDR             ; HF_SDR             ;
; Family name                                                                ; Cyclone IV E       ; Cyclone IV GX      ;
; Maximum processors allowed for parallel compilation                        ; All                ;                    ;
; Use smart compilation                                                      ; Off                ; Off                ;
; Enable parallel Assembler and TimeQuest Timing Analyzer during compilation ; On                 ; On                 ;
; Enable compact report table                                                ; Off                ; Off                ;
; Restructure Multiplexers                                                   ; Auto               ; Auto               ;
; Create Debugging Nodes for IP Cores                                        ; Off                ; Off                ;
; Preserve fewer node names                                                  ; On                 ; On                 ;
; Disable OpenCore Plus hardware evaluation                                  ; Off                ; Off                ;
; Verilog Version                                                            ; Verilog_2001       ; Verilog_2001       ;
; VHDL Version                                                               ; VHDL_1993          ; VHDL_1993          ;
; State Machine Processing                                                   ; Auto               ; Auto               ;
; Safe State Machine                                                         ; Off                ; Off                ;
; Extract Verilog State Machines                                             ; On                 ; On                 ;
; Extract VHDL State Machines                                                ; On                 ; On                 ;
; Ignore Verilog initial constructs                                          ; Off                ; Off                ;
; Iteration limit for constant Verilog loops                                 ; 5000               ; 5000               ;
; Iteration limit for non-constant Verilog loops                             ; 250                ; 250                ;
; Add Pass-Through Logic to Inferred RAMs                                    ; On                 ; On                 ;
; Infer RAMs from Raw Logic                                                  ; On                 ; On                 ;
; Parallel Synthesis                                                         ; On                 ; On                 ;
; DSP Block Balancing                                                        ; Auto               ; Auto               ;
; NOT Gate Push-Back                                                         ; On                 ; On                 ;
; Power-Up Don't Care                                                        ; On                 ; On                 ;
; Remove Redundant Logic Cells                                               ; Off                ; Off                ;
; Remove Duplicate Registers                                                 ; On                 ; On                 ;
; Ignore CARRY Buffers                                                       ; Off                ; Off                ;
; Ignore CASCADE Buffers                                                     ; Off                ; Off                ;
; Ignore GLOBAL Buffers                                                      ; Off                ; Off                ;
; Ignore ROW GLOBAL Buffers                                                  ; Off                ; Off                ;
; Ignore LCELL Buffers                                                       ; Off                ; Off                ;
; Ignore SOFT Buffers                                                        ; On                 ; On                 ;
; Limit AHDL Integers to 32 Bits                                             ; Off                ; Off                ;
; Optimization Technique                                                     ; Balanced           ; Balanced           ;
; Carry Chain Length                                                         ; 70                 ; 70                 ;
; Auto Carry Chains                                                          ; On                 ; On                 ;
; Auto Open-Drain Pins                                                       ; On                 ; On                 ;
; Perform WYSIWYG Primitive Resynthesis                                      ; Off                ; Off                ;
; Auto ROM Replacement                                                       ; On                 ; On                 ;
; Auto RAM Replacement                                                       ; On                 ; On                 ;
; Auto DSP Block Replacement                                                 ; On                 ; On                 ;
; Auto Shift Register Replacement                                            ; Auto               ; Auto               ;
; Allow Shift Register Merging across Hierarchies                            ; Auto               ; Auto               ;
; Auto Clock Enable Replacement                                              ; On                 ; On                 ;
; Strict RAM Replacement                                                     ; Off                ; Off                ;
; Allow Synchronous Control Signals                                          ; On                 ; On                 ;
; Force Use of Synchronous Clear Signals                                     ; Off                ; Off                ;
; Auto RAM Block Balancing                                                   ; On                 ; On                 ;
; Auto RAM to Logic Cell Conversion                                          ; Off                ; Off                ;
; Auto Resource Sharing                                                      ; Off                ; Off                ;
; Allow Any RAM Size For Recognition                                         ; Off                ; Off                ;
; Allow Any ROM Size For Recognition                                         ; Off                ; Off                ;
; Allow Any Shift Register Size For Recognition                              ; Off                ; Off                ;
; Use LogicLock Constraints during Resource Balancing                        ; On                 ; On                 ;
; Ignore translate_off and synthesis_off directives                          ; Off                ; Off                ;
; Timing-Driven Synthesis                                                    ; On                 ; On                 ;
; Report Parameter Settings                                                  ; On                 ; On                 ;
; Report Source Assignments                                                  ; On                 ; On                 ;
; Report Connectivity Checks                                                 ; On                 ; On                 ;
; Ignore Maximum Fan-Out Assignments                                         ; Off                ; Off                ;
; Synchronization Register Chain Length                                      ; 2                  ; 2                  ;
; PowerPlay Power Optimization                                               ; Normal compilation ; Normal compilation ;
; HDL message level                                                          ; Level2             ; Level2             ;
; Suppress Register Optimization Related Messages                            ; Off                ; Off                ;
; Number of Removed Registers Reported in Synthesis Report                   ; 5000               ; 5000               ;
; Number of Swept Nodes Reported in Synthesis Report                         ; 5000               ; 5000               ;
; Number of Inverted Registers Reported in Synthesis Report                  ; 100                ; 100                ;
; Clock MUX Protection                                                       ; On                 ; On                 ;
; Auto Gated Clock Conversion                                                ; Off                ; Off                ;
; Block Design Naming                                                        ; Auto               ; Auto               ;
; SDC constraint protection                                                  ; Off                ; Off                ;
; Synthesis Effort                                                           ; Auto               ; Auto               ;
; Shift Register Replacement - Allow Asynchronous Clear Signal               ; On                 ; On                 ;
; Pre-Mapping Resynthesis Optimization                                       ; Off                ; Off                ;
; Analysis & Synthesis Message Level                                         ; Medium             ; Medium             ;
; Disable Register Merging Across Hierarchies                                ; Auto               ; Auto               ;
; Resource Aware Inference For Block RAM                                     ; On                 ; On                 ;
; Synthesis Seed                                                             ; 1                  ; 1                  ;
+----------------------------------------------------------------------------+--------------------+--------------------+


+------------------------------------------+
; Parallel Compilation                     ;
+----------------------------+-------------+
; Processors                 ; Number      ;
+----------------------------+-------------+
; Number detected on machine ; 48          ;
; Maximum allowed            ; 16          ;
;                            ;             ;
; Average used               ; 1.00        ;
; Maximum used               ; 8           ;
;                            ;             ;
; Usage by Processor         ; % Time Used ;
;     Processor 1            ; 100.0%      ;
;     Processors 2-8         ; < 0.1%      ;
;     Processors 9-48        ;   0.0%      ;
+----------------------------+-------------+


+--------------------------------------------------------------------------------------------------------------------------------------------------------------------------------------------------------------------------+
; Analysis & Synthesis Source Files Read                                                                                                                                                                                   ;
+------------------------------------------------+-----------------+-------------------------------------------------------+-------------------------------------------------------------------------------------+---------+
; File Name with User-Entered Path               ; Used in Netlist ; File Type                                             ; File Name with Absolute Path                                                        ; Library ;
+------------------------------------------------+-----------------+-------------------------------------------------------+-------------------------------------------------------------------------------------+---------+
; sys_pll.v                                      ; yes             ; User Wizard-Generated File                            ; C:/Users/Admin/Documents/FPGA/HF_SDR/sys_pll.v                                      ;         ;
; dac_ddio.vhd                                   ; yes             ; User Wizard-Generated File                            ; C:/Users/Admin/Documents/FPGA/HF_SDR/dac_ddio.vhd                                   ;         ;
; HF_SDR.v                                       ; yes             ; User Verilog HDL File                                 ; C:/Users/Admin/Documents/FPGA/HF_SDR/HF_SDR.v                                       ;         ;
; sine_rom.v                                     ; yes             ; User Wizard-Generated File                            ; C:/Users/Admin/Documents/FPGA/HF_SDR/sine_rom.v                                     ;         ;
; altpll.tdf                                     ; yes             ; Megafunction                                          ; d:/quaturs/quartus/libraries/megafunctions/altpll.tdf                               ;         ;
; aglobal131.inc                                 ; yes             ; Megafunction                                          ; d:/quaturs/quartus/libraries/megafunctions/aglobal131.inc                           ;         ;
; stratix_pll.inc                                ; yes             ; Megafunction                                          ; d:/quaturs/quartus/libraries/megafunctions/stratix_pll.inc                          ;         ;
; stratixii_pll.inc                              ; yes             ; Megafunction                                          ; d:/quaturs/quartus/libraries/megafunctions/stratixii_pll.inc                        ;         ;
; cycloneii_pll.inc                              ; yes             ; Megafunction                                          ; d:/quaturs/quartus/libraries/megafunctions/cycloneii_pll.inc                        ;         ;
; db/sys_pll_altpll.v                            ; yes             ; Auto-Generated Megafunction                           ; C:/Users/Admin/Documents/FPGA/HF_SDR/db/sys_pll_altpll.v                            ;         ;
; altsyncram.tdf                                 ; yes             ; Megafunction                                          ; d:/quaturs/quartus/libraries/megafunctions/altsyncram.tdf                           ;         ;
; stratix_ram_block.inc                          ; yes             ; Megafunction                                          ; d:/quaturs/quartus/libraries/megafunctions/stratix_ram_block.inc                    ;         ;
; lpm_mux.inc                                    ; yes             ; Megafunction                                          ; d:/quaturs/quartus/libraries/megafunctions/lpm_mux.inc                              ;         ;
; lpm_decode.inc                                 ; yes             ; Megafunction                                          ; d:/quaturs/quartus/libraries/megafunctions/lpm_decode.inc                           ;         ;
; a_rdenreg.inc                                  ; yes             ; Megafunction                                          ; d:/quaturs/quartus/libraries/megafunctions/a_rdenreg.inc                            ;         ;
; altrom.inc                                     ; yes             ; Megafunction                                          ; d:/quaturs/quartus/libraries/megafunctions/altrom.inc                               ;         ;
; altram.inc                                     ; yes             ; Megafunction                                          ; d:/quaturs/quartus/libraries/megafunctions/altram.inc                               ;         ;
; altdpram.inc                                   ; yes             ; Megafunction                                          ; d:/quaturs/quartus/libraries/megafunctions/altdpram.inc                             ;         ;
; db/altsyncram_4jc1.tdf                         ; yes             ; Auto-Generated Megafunction                           ; C:/Users/Admin/Documents/FPGA/HF_SDR/db/altsyncram_4jc1.tdf                         ;         ;
; sine_quarter.mif                               ; yes             ; Auto-Found Memory Initialization File                 ; C:/Users/Admin/Documents/FPGA/HF_SDR/sine_quarter.mif                               ;         ;
; altddio_out.tdf                                ; yes             ; Megafunction                                          ; d:/quaturs/quartus/libraries/megafunctions/altddio_out.tdf                          ;         ;
; stratix_ddio.inc                               ; yes             ; Megafunction                                          ; d:/quaturs/quartus/libraries/megafunctions/stratix_ddio.inc                         ;         ;
; cyclone_ddio.inc                               ; yes             ; Megafunction                                          ; d:/quaturs/quartus/libraries/megafunctions/cyclone_ddio.inc                         ;         ;
; stratix_lcell.inc                              ; yes             ; Megafunction                                          ; d:/quaturs/quartus/libraries/megafunctions/stratix_lcell.inc                        ;         ;
; db/ddio_out_dbj.tdf                            ; yes             ; Auto-Generated Megafunction                           ; C:/Users/Admin/Documents/FPGA/HF_SDR/db/ddio_out_dbj.tdf                            ;         ;
; db/altsyncram_1si1.tdf                         ; yes             ; Auto-Generated Megafunction                           ; C:/Users/Admin/Documents/FPGA/HF_SDR/db/altsyncram_1si1.tdf                         ;         ;
; db/altsyncram_ff91.tdf                         ; yes             ; Auto-Generated Megafunction                           ; C:/Users/Admin/Documents/FPGA/HF_SDR/db/altsyncram_ff91.tdf                         ;         ;
; db/hf_sdr.ram0_hilbert_filter_c6935fb5.hdl.mif ; yes             ; Auto-Generated Auto-Found Memory Initialization File  ; C:/Users/Admin/Documents/FPGA/HF_SDR/db/hf_sdr.ram0_hilbert_filter_c6935fb5.hdl.mif ;         ;
; lpm_mult.tdf                                   ; yes             ; Megafunction                                          ; d:/quaturs/quartus/libraries/megafunctions/lpm_mult.tdf                             ;         ;
; lpm_add_sub.inc                                ; yes             ; Megafunction                                          ; d:/quaturs/quartus/libraries/megafunctions/lpm_add_sub.inc                          ;         ;
; multcore.inc                                   ; yes             ; Megafunction                                          ; d:/quaturs/quartus/libraries/megafunctions/multcore.inc                             ;         ;
; bypassff.inc                                   ; yes             ; Megafunction                                          ; d:/quaturs/quartus/libraries/megafunctions/bypassff.inc                             ;         ;
; altshift.inc                                   ; yes             ; Megafunction                                          ; d:/quaturs/quartus/libraries/megafunctions/altshift.inc                             ;         ;
; db/mult_56t.tdf                                ; yes             ; Auto-Generated Megafunction                           ; C:/Users/Admin/Documents/FPGA/HF_SDR/db/mult_56t.tdf                                ;         ;
; db/mult_16t.tdf                                ; yes             ; Auto-Generated Megafunction                           ; C:/Users/Admin/Documents/FPGA/HF_SDR/db/mult_16t.tdf                                ;         ;
+------------------------------------------------+-----------------+-------------------------------------------------------+-------------------------------------------------------------------------------------+---------+


+------------------------------------------------------------------------------------------------------------------------------------+
; Analysis & Synthesis Resource Usage Summary                                                                                        ;
+---------------------------------------------+--------------------------------------------------------------------------------------+
; Resource                                    ; Usage                                                                                ;
+---------------------------------------------+--------------------------------------------------------------------------------------+
; Estimated Total logic elements              ; 2,354                                                                                ;
;                                             ;                                                                                      ;
; Total combinational functions               ; 1949                                                                                 ;
; Logic element usage by number of LUT inputs ;                                                                                      ;
;     -- 4 input functions                    ; 144                                                                                  ;
;     -- 3 input functions                    ; 1365                                                                                 ;
;     -- <=2 input functions                  ; 440                                                                                  ;
;                                             ;                                                                                      ;
; Logic elements by mode                      ;                                                                                      ;
;     -- normal mode                          ; 529                                                                                  ;
;     -- arithmetic mode                      ; 1420                                                                                 ;
;                                             ;                                                                                      ;
; Total registers                             ; 1394                                                                                 ;
;     -- Dedicated logic registers            ; 1366                                                                                 ;
;     -- I/O registers                        ; 56                                                                                   ;
;                                             ;                                                                                      ;
; I/O pins                                    ; 28                                                                                   ;
; Total memory bits                           ; 65280                                                                                ;
; Embedded Multiplier 9-bit elements          ; 10                                                                                   ;
; Total PLLs                                  ; 1                                                                                    ;
;     -- PLLs                                 ; 1                                                                                    ;
;                                             ;                                                                                      ;
; Maximum fan-out node                        ; sys_pll:u_pll|altpll:altpll_component|sys_pll_altpll:auto_generated|wire_pll1_clk[0] ;
; Maximum fan-out                             ; 1469                                                                                 ;
; Total fan-out                               ; 10636                                                                                ;
; Average fan-out                             ; 3.05                                                                                 ;
+---------------------------------------------+--------------------------------------------------------------------------------------+


+-------------------------------------------------------------------------------------------------------------------------------------------------------------------------------------------------------------------------------------------------------------------------------------------------------+
; Analysis & Synthesis Resource Utilization by Entity                                                                                                                                                                                                                                                   ;
+----------------------------------------------+-------------------+--------------+-------------+--------------+---------+-----------+------+--------------+-----------------------------------------------------------------------------------------------------------------------------+--------------+
; Compilation Hierarchy Node                   ; LC Combinationals ; LC Registers ; Memory Bits ; DSP Elements ; DSP 9x9 ; DSP 18x18 ; Pins ; Virtual Pins ; Full Hierarchy Name                                                                                                         ; Library Name ;
+----------------------------------------------+-------------------+--------------+-------------+--------------+---------+-----------+------+--------------+-----------------------------------------------------------------------------------------------------------------------------+--------------+
; |HF_SDR                                      ; 1949 (42)         ; 1366 (32)    ; 65280       ; 10           ; 0       ; 5         ; 28   ; 0            ; |HF_SDR                                                                                                                     ; work         ;
;    |cic_interpolator:u_cic_i|                ; 156 (156)         ; 201 (201)    ; 0           ; 0            ; 0       ; 0         ; 0    ; 0            ; |HF_SDR|cic_interpolator:u_cic_i                                                                                            ; work         ;
;    |cic_interpolator:u_cic_q|                ; 156 (156)         ; 202 (202)    ; 0           ; 0            ; 0       ; 0         ; 0    ; 0            ; |HF_SDR|cic_interpolator:u_cic_q                                                                                            ; work         ;
;    |dac_ddio:u_ddio|                         ; 0 (0)             ; 0 (0)        ; 0           ; 0            ; 0       ; 0         ; 0    ; 0            ; |HF_SDR|dac_ddio:u_ddio                                                                                                     ; work         ;
;       |altddio_out:ALTDDIO_OUT_component|    ; 0 (0)             ; 0 (0)        ; 0           ; 0            ; 0       ; 0         ; 0    ; 0            ; |HF_SDR|dac_ddio:u_ddio|altddio_out:ALTDDIO_OUT_component                                                                   ; work         ;
;          |ddio_out_dbj:auto_generated|       ; 0 (0)             ; 0 (0)        ; 0           ; 0            ; 0       ; 0         ; 0    ; 0            ; |HF_SDR|dac_ddio:u_ddio|altddio_out:ALTDDIO_OUT_component|ddio_out_dbj:auto_generated                                       ; work         ;
;    |hilbert_filter:u_hilbert|                ; 129 (129)         ; 166 (166)    ; 7936        ; 2            ; 0       ; 1         ; 0    ; 0            ; |HF_SDR|hilbert_filter:u_hilbert                                                                                            ; work         ;
;       |altsyncram:coef_rom_rtl_0|            ; 0 (0)             ; 0 (0)        ; 4352        ; 0            ; 0       ; 0         ; 0    ; 0            ; |HF_SDR|hilbert_filter:u_hilbert|altsyncram:coef_rom_rtl_0                                                                  ; work         ;
;          |altsyncram_ff91:auto_generated|    ; 0 (0)             ; 0 (0)        ; 4352        ; 0            ; 0       ; 0         ; 0    ; 0            ; |HF_SDR|hilbert_filter:u_hilbert|altsyncram:coef_rom_rtl_0|altsyncram_ff91:auto_generated                                   ; work         ;
;       |altsyncram:history_rtl_0|             ; 0 (0)             ; 0 (0)        ; 3584        ; 0            ; 0       ; 0         ; 0    ; 0            ; |HF_SDR|hilbert_filter:u_hilbert|altsyncram:history_rtl_0                                                                   ; work         ;
;          |altsyncram_1si1:auto_generated|    ; 0 (0)             ; 0 (0)        ; 3584        ; 0            ; 0       ; 0         ; 0    ; 0            ; |HF_SDR|hilbert_filter:u_hilbert|altsyncram:history_rtl_0|altsyncram_1si1:auto_generated                                    ; work         ;
;       |lpm_mult:Mult0|                       ; 0 (0)             ; 0 (0)        ; 0           ; 2            ; 0       ; 1         ; 0    ; 0            ; |HF_SDR|hilbert_filter:u_hilbert|lpm_mult:Mult0                                                                             ; work         ;
;          |mult_16t:auto_generated|           ; 0 (0)             ; 0 (0)        ; 0           ; 2            ; 0       ; 1         ; 0    ; 0            ; |HF_SDR|hilbert_filter:u_hilbert|lpm_mult:Mult0|mult_16t:auto_generated                                                     ; work         ;
;    |i2s_rx:u_i2s_rx|                         ; 120 (120)         ; 106 (106)    ; 0           ; 0            ; 0       ; 0         ; 0    ; 0            ; |HF_SDR|i2s_rx:u_i2s_rx                                                                                                     ; work         ;
;    |multi_band_modulator:u_band_mod|         ; 253 (253)         ; 320 (320)    ; 57344       ; 8            ; 0       ; 4         ; 0    ; 0            ; |HF_SDR|multi_band_modulator:u_band_mod                                                                                     ; work         ;
;       |lpm_mult:Mult0|                       ; 0 (0)             ; 0 (0)        ; 0           ; 2            ; 0       ; 1         ; 0    ; 0            ; |HF_SDR|multi_band_modulator:u_band_mod|lpm_mult:Mult0                                                                      ; work         ;
;          |mult_56t:auto_generated|           ; 0 (0)             ; 0 (0)        ; 0           ; 2            ; 0       ; 1         ; 0    ; 0            ; |HF_SDR|multi_band_modulator:u_band_mod|lpm_mult:Mult0|mult_56t:auto_generated                                              ; work         ;
;       |lpm_mult:Mult1|                       ; 0 (0)             ; 0 (0)        ; 0           ; 2            ; 0       ; 1         ; 0    ; 0            ; |HF_SDR|multi_band_modulator:u_band_mod|lpm_mult:Mult1                                                                      ; work         ;
;          |mult_56t:auto_generated|           ; 0 (0)             ; 0 (0)        ; 0           ; 2            ; 0       ; 1         ; 0    ; 0            ; |HF_SDR|multi_band_modulator:u_band_mod|lpm_mult:Mult1|mult_56t:auto_generated                                              ; work         ;
;       |lpm_mult:Mult2|                       ; 0 (0)             ; 0 (0)        ; 0           ; 2            ; 0       ; 1         ; 0    ; 0            ; |HF_SDR|multi_band_modulator:u_band_mod|lpm_mult:Mult2                                                                      ; work         ;
;          |mult_56t:auto_generated|           ; 0 (0)             ; 0 (0)        ; 0           ; 2            ; 0       ; 1         ; 0    ; 0            ; |HF_SDR|multi_band_modulator:u_band_mod|lpm_mult:Mult2|mult_56t:auto_generated                                              ; work         ;
;       |lpm_mult:Mult3|                       ; 0 (0)             ; 0 (0)        ; 0           ; 2            ; 0       ; 1         ; 0    ; 0            ; |HF_SDR|multi_band_modulator:u_band_mod|lpm_mult:Mult3                                                                      ; work         ;
;          |mult_56t:auto_generated|           ; 0 (0)             ; 0 (0)        ; 0           ; 2            ; 0       ; 1         ; 0    ; 0            ; |HF_SDR|multi_band_modulator:u_band_mod|lpm_mult:Mult3|mult_56t:auto_generated                                              ; work         ;
;       |sine_rom:rom_inst_iA|                 ; 0 (0)             ; 0 (0)        ; 14336       ; 0            ; 0       ; 0         ; 0    ; 0            ; |HF_SDR|multi_band_modulator:u_band_mod|sine_rom:rom_inst_iA                                                                ; work         ;
;          |altsyncram:altsyncram_component|   ; 0 (0)             ; 0 (0)        ; 14336       ; 0            ; 0       ; 0         ; 0    ; 0            ; |HF_SDR|multi_band_modulator:u_band_mod|sine_rom:rom_inst_iA|altsyncram:altsyncram_component                                ; work         ;
;             |altsyncram_4jc1:auto_generated| ; 0 (0)             ; 0 (0)        ; 14336       ; 0            ; 0       ; 0         ; 0    ; 0            ; |HF_SDR|multi_band_modulator:u_band_mod|sine_rom:rom_inst_iA|altsyncram:altsyncram_component|altsyncram_4jc1:auto_generated ; work         ;
;       |sine_rom:rom_inst_iB|                 ; 0 (0)             ; 0 (0)        ; 14336       ; 0            ; 0       ; 0         ; 0    ; 0            ; |HF_SDR|multi_band_modulator:u_band_mod|sine_rom:rom_inst_iB                                                                ; work         ;
;          |altsyncram:altsyncram_component|   ; 0 (0)             ; 0 (0)        ; 14336       ; 0            ; 0       ; 0         ; 0    ; 0            ; |HF_SDR|multi_band_modulator:u_band_mod|sine_rom:rom_inst_iB|altsyncram:altsyncram_component                                ; work         ;
;             |altsyncram_4jc1:auto_generated| ; 0 (0)             ; 0 (0)        ; 14336       ; 0            ; 0       ; 0         ; 0    ; 0            ; |HF_SDR|multi_band_modulator:u_band_mod|sine_rom:rom_inst_iB|altsyncram:altsyncram_component|altsyncram_4jc1:auto_generated ; work         ;
;       |sine_rom:rom_inst_qA|                 ; 0 (0)             ; 0 (0)        ; 14336       ; 0            ; 0       ; 0         ; 0    ; 0            ; |HF_SDR|multi_band_modulator:u_band_mod|sine_rom:rom_inst_qA                                                                ; work         ;
;          |altsyncram:altsyncram_component|   ; 0 (0)             ; 0 (0)        ; 14336       ; 0            ; 0       ; 0         ; 0    ; 0            ; |HF_SDR|multi_band_modulator:u_band_mod|sine_rom:rom_inst_qA|altsyncram:altsyncram_component                                ; work         ;
;             |altsyncram_4jc1:auto_generated| ; 0 (0)             ; 0 (0)        ; 14336       ; 0            ; 0       ; 0         ; 0    ; 0            ; |HF_SDR|multi_band_modulator:u_band_mod|sine_rom:rom_inst_qA|altsyncram:altsyncram_component|altsyncram_4jc1:auto_generated ; work         ;
;       |sine_rom:rom_inst_qB|                 ; 0 (0)             ; 0 (0)        ; 14336       ; 0            ; 0       ; 0         ; 0    ; 0            ; |HF_SDR|multi_band_modulator:u_band_mod|sine_rom:rom_inst_qB                                                                ; work         ;
;          |altsyncram:altsyncram_component|   ; 0 (0)             ; 0 (0)        ; 14336       ; 0            ; 0       ; 0         ; 0    ; 0            ; |HF_SDR|multi_band_modulator:u_band_mod|sine_rom:rom_inst_qB|altsyncram:altsyncram_component                                ; work         ;
;             |altsyncram_4jc1:auto_generated| ; 0 (0)             ; 0 (0)        ; 14336       ; 0            ; 0       ; 0         ; 0    ; 0            ; |HF_SDR|multi_band_modulator:u_band_mod|sine_rom:rom_inst_qB|altsyncram:altsyncram_component|altsyncram_4jc1:auto_generated ; work         ;
;    |sys_pll:u_pll|                           ; 0 (0)             ; 0 (0)        ; 0           ; 0            ; 0       ; 0         ; 0    ; 0            ; |HF_SDR|sys_pll:u_pll                                                                                                       ; work         ;
;       |altpll:altpll_component|              ; 0 (0)             ; 0 (0)        ; 0           ; 0            ; 0       ; 0         ; 0    ; 0            ; |HF_SDR|sys_pll:u_pll|altpll:altpll_component                                                                               ; work         ;
;          |sys_pll_altpll:auto_generated|     ; 0 (0)             ; 0 (0)        ; 0           ; 0            ; 0       ; 0         ; 0    ; 0            ; |HF_SDR|sys_pll:u_pll|altpll:altpll_component|sys_pll_altpll:auto_generated                                                 ; work         ;
;    |tx_audio_proc:u_tx_audio_proc|           ; 1093 (1093)       ; 339 (339)    ; 0           ; 0            ; 0       ; 0         ; 0    ; 0            ; |HF_SDR|tx_audio_proc:u_tx_audio_proc                                                                                       ; work         ;
+----------------------------------------------+-------------------+--------------+-------------+--------------+---------+-----------+------+--------------+-----------------------------------------------------------------------------------------------------------------------------+--------------+
Note: For table entries with two numbers listed, the numbers in parentheses indicate the number of resources of the given type used by the specific entity alone. The numbers listed outside of parentheses indicate the total resources of the given type used by the specific entity and all of its sub-entities in the hierarchy.


+-------------------------------------------------------------------------------------------------------------------------------------------------------------------------------------------------------------------------------------------------------------------------------+
; Analysis & Synthesis RAM Summary                                                                                                                                                                                                                                              ;
+--------------------------------------------------------------------------------------------------------------------------------+------+------------------+--------------+--------------+--------------+--------------+-------+------------------------------------------------+
; Name                                                                                                                           ; Type ; Mode             ; Port A Depth ; Port A Width ; Port B Depth ; Port B Width ; Size  ; MIF                                            ;
+--------------------------------------------------------------------------------------------------------------------------------+------+------------------+--------------+--------------+--------------+--------------+-------+------------------------------------------------+
; hilbert_filter:u_hilbert|altsyncram:coef_rom_rtl_0|altsyncram_ff91:auto_generated|ALTSYNCRAM                                   ; M9K  ; ROM              ; 256          ; 17           ; --           ; --           ; 4352  ; db/HF_SDR.ram0_hilbert_filter_c6935fb5.hdl.mif ;
; hilbert_filter:u_hilbert|altsyncram:history_rtl_0|altsyncram_1si1:auto_generated|ALTSYNCRAM                                    ; M9K  ; Simple Dual Port ; 256          ; 14           ; 256          ; 14           ; 3584  ; None                                           ;
; multi_band_modulator:u_band_mod|sine_rom:rom_inst_iA|altsyncram:altsyncram_component|altsyncram_4jc1:auto_generated|ALTSYNCRAM ; M9K  ; ROM              ; 1024         ; 14           ; --           ; --           ; 14336 ; sine_quarter.mif                               ;
; multi_band_modulator:u_band_mod|sine_rom:rom_inst_iB|altsyncram:altsyncram_component|altsyncram_4jc1:auto_generated|ALTSYNCRAM ; M9K  ; ROM              ; 1024         ; 14           ; --           ; --           ; 14336 ; sine_quarter.mif                               ;
; multi_band_modulator:u_band_mod|sine_rom:rom_inst_qA|altsyncram:altsyncram_component|altsyncram_4jc1:auto_generated|ALTSYNCRAM ; M9K  ; ROM              ; 1024         ; 14           ; --           ; --           ; 14336 ; sine_quarter.mif                               ;
; multi_band_modulator:u_band_mod|sine_rom:rom_inst_qB|altsyncram:altsyncram_component|altsyncram_4jc1:auto_generated|ALTSYNCRAM ; M9K  ; ROM              ; 1024         ; 14           ; --           ; --           ; 14336 ; sine_quarter.mif                               ;
+--------------------------------------------------------------------------------------------------------------------------------+------+------------------+--------------+--------------+--------------+--------------+-------+------------------------------------------------+


+-----------------------------------------------------+
; Analysis & Synthesis DSP Block Usage Summary        ;
+---------------------------------------+-------------+
; Statistic                             ; Number Used ;
+---------------------------------------+-------------+
; Simple Multipliers (9-bit)            ; 0           ;
; Simple Multipliers (18-bit)           ; 5           ;
; Embedded Multiplier Blocks            ; --          ;
; Embedded Multiplier 9-bit elements    ; 10          ;
; Signed Embedded Multipliers           ; 5           ;
; Unsigned Embedded Multipliers         ; 0           ;
; Mixed Sign Embedded Multipliers       ; 0           ;
; Variable Sign Embedded Multipliers    ; 0           ;
; Dedicated Input Shift Register Chains ; 0           ;
+---------------------------------------+-------------+
Note: number of Embedded Multiplier Blocks used is only available after a successful fit.


+----------------------------------------------------------------------------------------------------------------------------------------------------------------------------------+
; Analysis & Synthesis IP Cores Summary                                                                                                                                            ;
+--------+--------------+---------+--------------+--------------+--------------------------------------------------------------+---------------------------------------------------+
; Vendor ; IP Core Name ; Version ; Release Date ; License Type ; Entity Instance                                              ; IP Include File                                   ;
+--------+--------------+---------+--------------+--------------+--------------------------------------------------------------+---------------------------------------------------+
; Altera ; ROM: 1-PORT  ; 13.1    ; N/A          ; N/A          ; |HF_SDR|multi_band_modulator:u_band_mod|sine_rom:rom_inst_iA ; C:/Users/Admin/Documents/FPGA/HF_SDR/sine_rom.v   ;
; Altera ; ROM: 1-PORT  ; 13.1    ; N/A          ; N/A          ; |HF_SDR|multi_band_modulator:u_band_mod|sine_rom:rom_inst_iB ; C:/Users/Admin/Documents/FPGA/HF_SDR/sine_rom.v   ;
; Altera ; ROM: 1-PORT  ; 13.1    ; N/A          ; N/A          ; |HF_SDR|multi_band_modulator:u_band_mod|sine_rom:rom_inst_qA ; C:/Users/Admin/Documents/FPGA/HF_SDR/sine_rom.v   ;
; Altera ; ROM: 1-PORT  ; 13.1    ; N/A          ; N/A          ; |HF_SDR|multi_band_modulator:u_band_mod|sine_rom:rom_inst_qB ; C:/Users/Admin/Documents/FPGA/HF_SDR/sine_rom.v   ;
; Altera ; ALTDDIO_OUT  ; 13.1    ; N/A          ; N/A          ; |HF_SDR|dac_ddio:u_ddio                                      ; C:/Users/Admin/Documents/FPGA/HF_SDR/dac_ddio.vhd ;
; Altera ; ALTPLL       ; 13.1    ; N/A          ; N/A          ; |HF_SDR|sys_pll:u_pll                                        ; C:/Users/Admin/Documents/FPGA/HF_SDR/sys_pll.v    ;
+--------+--------------+---------+--------------+--------------+--------------------------------------------------------------+---------------------------------------------------+


+-----------------------------------------------------------------------------------------------------+
; Registers Removed During Synthesis                                                                  ;
+----------------------------------------------+------------------------------------------------------+
; Register name                                ; Reason for Removal                                   ;
+----------------------------------------------+------------------------------------------------------+
; multi_band_modulator:u_band_mod|sideband_d1  ; Stuck at GND due to stuck port data_in               ;
; multi_band_modulator:u_band_mod|sideband_d2  ; Stuck at GND due to stuck port data_in               ;
; multi_band_modulator:u_band_mod|sideband_d3  ; Stuck at GND due to stuck port data_in               ;
; tx_audio_proc:u_tx_audio_proc|out_shift[3]   ; Stuck at GND due to stuck port data_in               ;
; cic_interpolator:u_cic_q|c1_d1[14..47]       ; Merged with cic_interpolator:u_cic_q|c1_d1[13]       ;
; cic_interpolator:u_cic_i|valid_d1            ; Merged with cic_interpolator:u_cic_q|valid_d1        ;
; cic_interpolator:u_cic_i|c1_d1[14..47]       ; Merged with cic_interpolator:u_cic_i|c1_d1[13]       ;
; hilbert_filter:u_hilbert|coef_addr0[0]       ; Merged with hilbert_filter:u_hilbert|tap0[0]         ;
; hilbert_filter:u_hilbert|coef_addr0[1]       ; Merged with hilbert_filter:u_hilbert|tap0[1]         ;
; hilbert_filter:u_hilbert|coef_addr0[2]       ; Merged with hilbert_filter:u_hilbert|tap0[2]         ;
; hilbert_filter:u_hilbert|coef_addr0[3]       ; Merged with hilbert_filter:u_hilbert|tap0[3]         ;
; hilbert_filter:u_hilbert|coef_addr0[4]       ; Merged with hilbert_filter:u_hilbert|tap0[4]         ;
; hilbert_filter:u_hilbert|coef_addr0[5]       ; Merged with hilbert_filter:u_hilbert|tap0[5]         ;
; hilbert_filter:u_hilbert|coef_addr0[6]       ; Merged with hilbert_filter:u_hilbert|tap0[6]         ;
; hilbert_filter:u_hilbert|coef_addr0[7]       ; Merged with hilbert_filter:u_hilbert|tap0[7]         ;
; tx_audio_proc:u_tx_audio_proc|x_prev[24..27] ; Merged with tx_audio_proc:u_tx_audio_proc|x_prev[23] ;
; cic_interpolator:u_cic_q|c1_out[15..47]      ; Merged with cic_interpolator:u_cic_q|c1_out[14]      ;
; cic_interpolator:u_cic_i|c1_out[15..47]      ; Merged with cic_interpolator:u_cic_i|c1_out[14]      ;
; cic_interpolator:u_cic_q|c2_d1[15..47]       ; Merged with cic_interpolator:u_cic_q|c2_d1[14]       ;
; cic_interpolator:u_cic_i|c2_d1[15..47]       ; Merged with cic_interpolator:u_cic_i|c2_d1[14]       ;
; cic_interpolator:u_cic_q|c2_out[16..47]      ; Merged with cic_interpolator:u_cic_q|c2_out[15]      ;
; cic_interpolator:u_cic_i|c2_out[16..47]      ; Merged with cic_interpolator:u_cic_i|c2_out[15]      ;
; cic_interpolator:u_cic_q|c3_d1[16..47]       ; Merged with cic_interpolator:u_cic_q|c3_d1[15]       ;
; cic_interpolator:u_cic_i|c3_d1[16..47]       ; Merged with cic_interpolator:u_cic_i|c3_d1[15]       ;
; cic_interpolator:u_cic_q|c3_out[17..47]      ; Merged with cic_interpolator:u_cic_q|c3_out[16]      ;
; cic_interpolator:u_cic_i|c3_out[17..47]      ; Merged with cic_interpolator:u_cic_i|c3_out[16]      ;
; hilbert_filter:u_hilbert|mult2[29,30]        ; Lost fanout                                          ;
; hilbert_filter:u_hilbert|acc[29..35]         ; Lost fanout                                          ;
; cic_interpolator:u_cic_q|i3_out[36..47]      ; Lost fanout                                          ;
; cic_interpolator:u_cic_i|i3_out[36..47]      ; Lost fanout                                          ;
; cic_interpolator:u_cic_q|i2_out[36..47]      ; Lost fanout                                          ;
; cic_interpolator:u_cic_i|i2_out[36..47]      ; Lost fanout                                          ;
; cic_interpolator:u_cic_q|i1_out[36..47]      ; Lost fanout                                          ;
; cic_interpolator:u_cic_i|i1_out[36..47]      ; Lost fanout                                          ;
; Total Number of Removed Registers = 488      ;                                                      ;
+----------------------------------------------+------------------------------------------------------+


+----------------------------------------------------------------------------------------------------------------------------------------------------+
; Removed Registers Triggering Further Register Optimizations                                                                                        ;
+---------------------------------------------+---------------------------+--------------------------------------------------------------------------+
; Register name                               ; Reason for Removal        ; Registers Removed due to This Register                                   ;
+---------------------------------------------+---------------------------+--------------------------------------------------------------------------+
; hilbert_filter:u_hilbert|acc[35]            ; Lost Fanouts              ; hilbert_filter:u_hilbert|acc[34], hilbert_filter:u_hilbert|acc[33],      ;
;                                             ;                           ; hilbert_filter:u_hilbert|acc[32], hilbert_filter:u_hilbert|acc[31],      ;
;                                             ;                           ; hilbert_filter:u_hilbert|acc[30], hilbert_filter:u_hilbert|acc[29]       ;
; multi_band_modulator:u_band_mod|sideband_d1 ; Stuck at GND              ; multi_band_modulator:u_band_mod|sideband_d2,                             ;
;                                             ; due to stuck port data_in ; multi_band_modulator:u_band_mod|sideband_d3                              ;
; cic_interpolator:u_cic_q|i3_out[36]         ; Lost Fanouts              ; cic_interpolator:u_cic_q|i2_out[36], cic_interpolator:u_cic_q|i1_out[36] ;
; cic_interpolator:u_cic_q|i3_out[37]         ; Lost Fanouts              ; cic_interpolator:u_cic_q|i2_out[37], cic_interpolator:u_cic_q|i1_out[37] ;
; cic_interpolator:u_cic_q|i3_out[38]         ; Lost Fanouts              ; cic_interpolator:u_cic_q|i2_out[38], cic_interpolator:u_cic_q|i1_out[38] ;
; cic_interpolator:u_cic_q|i3_out[39]         ; Lost Fanouts              ; cic_interpolator:u_cic_q|i2_out[39], cic_interpolator:u_cic_q|i1_out[39] ;
; cic_interpolator:u_cic_q|i3_out[40]         ; Lost Fanouts              ; cic_interpolator:u_cic_q|i2_out[40], cic_interpolator:u_cic_q|i1_out[40] ;
; cic_interpolator:u_cic_q|i3_out[41]         ; Lost Fanouts              ; cic_interpolator:u_cic_q|i2_out[41], cic_interpolator:u_cic_q|i1_out[41] ;
; cic_interpolator:u_cic_q|i3_out[42]         ; Lost Fanouts              ; cic_interpolator:u_cic_q|i2_out[42], cic_interpolator:u_cic_q|i1_out[42] ;
; cic_interpolator:u_cic_q|i3_out[43]         ; Lost Fanouts              ; cic_interpolator:u_cic_q|i2_out[43], cic_interpolator:u_cic_q|i1_out[43] ;
; cic_interpolator:u_cic_q|i3_out[44]         ; Lost Fanouts              ; cic_interpolator:u_cic_q|i2_out[44], cic_interpolator:u_cic_q|i1_out[44] ;
; cic_interpolator:u_cic_q|i3_out[45]         ; Lost Fanouts              ; cic_interpolator:u_cic_q|i2_out[45], cic_interpolator:u_cic_q|i1_out[45] ;
; cic_interpolator:u_cic_q|i3_out[46]         ; Lost Fanouts              ; cic_interpolator:u_cic_q|i2_out[46], cic_interpolator:u_cic_q|i1_out[46] ;
; cic_interpolator:u_cic_q|i3_out[47]         ; Lost Fanouts              ; cic_interpolator:u_cic_q|i2_out[47], cic_interpolator:u_cic_q|i1_out[47] ;
; cic_interpolator:u_cic_i|i3_out[36]         ; Lost Fanouts              ; cic_interpolator:u_cic_i|i2_out[36], cic_interpolator:u_cic_i|i1_out[36] ;
; cic_interpolator:u_cic_i|i3_out[37]         ; Lost Fanouts              ; cic_interpolator:u_cic_i|i2_out[37], cic_interpolator:u_cic_i|i1_out[37] ;
; cic_interpolator:u_cic_i|i3_out[38]         ; Lost Fanouts              ; cic_interpolator:u_cic_i|i2_out[38], cic_interpolator:u_cic_i|i1_out[38] ;
; cic_interpolator:u_cic_i|i3_out[39]         ; Lost Fanouts              ; cic_interpolator:u_cic_i|i2_out[39], cic_interpolator:u_cic_i|i1_out[39] ;
; cic_interpolator:u_cic_i|i3_out[40]         ; Lost Fanouts              ; cic_interpolator:u_cic_i|i2_out[40], cic_interpolator:u_cic_i|i1_out[40] ;
; cic_interpolator:u_cic_i|i3_out[41]         ; Lost Fanouts              ; cic_interpolator:u_cic_i|i2_out[41], cic_interpolator:u_cic_i|i1_out[41] ;
; cic_interpolator:u_cic_i|i3_out[42]         ; Lost Fanouts              ; cic_interpolator:u_cic_i|i2_out[42], cic_interpolator:u_cic_i|i1_out[42] ;
; cic_interpolator:u_cic_i|i3_out[43]         ; Lost Fanouts              ; cic_interpolator:u_cic_i|i2_out[43], cic_interpolator:u_cic_i|i1_out[43] ;
; cic_interpolator:u_cic_i|i3_out[44]         ; Lost Fanouts              ; cic_interpolator:u_cic_i|i2_out[44], cic_interpolator:u_cic_i|i1_out[44] ;
; cic_interpolator:u_cic_i|i3_out[45]         ; Lost Fanouts              ; cic_interpolator:u_cic_i|i2_out[45], cic_interpolator:u_cic_i|i1_out[45] ;
; cic_interpolator:u_cic_i|i3_out[46]         ; Lost Fanouts              ; cic_interpolator:u_cic_i|i2_out[46], cic_interpolator:u_cic_i|i1_out[46] ;
; cic_interpolator:u_cic_i|i3_out[47]         ; Lost Fanouts              ; cic_interpolator:u_cic_i|i2_out[47], cic_interpolator:u_cic_i|i1_out[47] ;
+---------------------------------------------+---------------------------+--------------------------------------------------------------------------+


+------------------------------------------------------+
; General Register Statistics                          ;
+----------------------------------------------+-------+
; Statistic                                    ; Value ;
+----------------------------------------------+-------+
; Total registers                              ; 1366  ;
; Number of registers using Synchronous Clear  ; 211   ;
; Number of registers using Synchronous Load   ; 69    ;
; Number of registers using Asynchronous Clear ; 0     ;
; Number of registers using Asynchronous Load  ; 0     ;
; Number of registers using Clock Enable       ; 778   ;
; Number of registers using Preset             ; 0     ;
+----------------------------------------------+-------+


+--------------------------------------------------+
; Inverted Register Statistics                     ;
+----------------------------------------+---------+
; Inverted Register                      ; Fan out ;
+----------------------------------------+---------+
; key0_stable_d                          ; 1       ;
; key0_stable                            ; 4       ;
; key_d0[3]                              ; 3       ;
; key_d1[3]                              ; 2       ;
; key_d1[1]                              ; 1       ;
; key_d0[1]                              ; 2       ;
; key_d0[2]                              ; 3       ;
; key_d1[2]                              ; 2       ;
; key_d0[0]                              ; 2       ;
; Total number of inverted registers = 9 ;         ;
+----------------------------------------+---------+


+----------------------------------------------------------------------------------------+
; Registers Packed Into Inferred Megafunctions                                           ;
+---------------------------------------+-----------------------------------------+------+
; Register Name                         ; Megafunction                            ; Type ;
+---------------------------------------+-----------------------------------------+------+
; hilbert_filter:u_hilbert|data1[0..13] ; hilbert_filter:u_hilbert|history_rtl_0  ; RAM  ;
; hilbert_filter:u_hilbert|coef1[0..16] ; hilbert_filter:u_hilbert|coef_rom_rtl_0 ; RAM  ;
+---------------------------------------+-----------------------------------------+------+


+---------------------------------------------------------------------------------------------------------------------------------------------------------------------+
; Multiplexer Restructuring Statistics (Restructuring Performed)                                                                                                      ;
+--------------------+-----------+---------------+----------------------+------------------------+------------+-------------------------------------------------------+
; Multiplexer Inputs ; Bus Width ; Baseline Area ; Area if Restructured ; Saving if Restructured ; Registered ; Example Multiplexer Output                            ;
+--------------------+-----------+---------------+----------------------+------------------------+------------+-------------------------------------------------------+
; 3:1                ; 20 bits   ; 40 LEs        ; 20 LEs               ; 20 LEs                 ; Yes        ; |HF_SDR|debounce_cnt[2]                               ;
; 3:1                ; 14 bits   ; 28 LEs        ; 14 LEs               ; 14 LEs                 ; Yes        ; |HF_SDR|hilbert_filter:u_hilbert|acc[24]              ;
; 3:1                ; 14 bits   ; 28 LEs        ; 14 LEs               ; 14 LEs                 ; Yes        ; |HF_SDR|hilbert_filter:u_hilbert|audio_i_captured[12] ;
; 3:1                ; 2 bits    ; 4 LEs         ; 4 LEs                ; 0 LEs                  ; Yes        ; |HF_SDR|tx_audio_proc:u_tx_audio_proc|agc_sample[2]   ;
; 3:1                ; 28 bits   ; 56 LEs        ; 56 LEs               ; 0 LEs                  ; Yes        ; |HF_SDR|tx_audio_proc:u_tx_audio_proc|env[8]          ;
; 3:1                ; 14 bits   ; 28 LEs        ; 28 LEs               ; 0 LEs                  ; Yes        ; |HF_SDR|multi_band_modulator:u_band_mod|dac_out_B[13] ;
; 3:1                ; 14 bits   ; 28 LEs        ; 28 LEs               ; 0 LEs                  ; Yes        ; |HF_SDR|multi_band_modulator:u_band_mod|dac_out_A[10] ;
; 4:1                ; 2 bits    ; 4 LEs         ; 4 LEs                ; 0 LEs                  ; Yes        ; |HF_SDR|freq_sel[0]                                   ;
; 4:1                ; 22 bits   ; 44 LEs        ; 44 LEs               ; 0 LEs                  ; Yes        ; |HF_SDR|hilbert_filter:u_hilbert|acc[30]              ;
; 3:1                ; 9 bits    ; 18 LEs        ; 9 LEs                ; 9 LEs                  ; Yes        ; |HF_SDR|hilbert_filter:u_hilbert|tap_issue[8]         ;
; 4:1                ; 2 bits    ; 4 LEs         ; 4 LEs                ; 0 LEs                  ; Yes        ; |HF_SDR|tx_audio_proc:u_tx_audio_proc|agc_sample[1]   ;
; 4:1                ; 28 bits   ; 56 LEs        ; 56 LEs               ; 0 LEs                  ; Yes        ; |HF_SDR|tx_audio_proc:u_tx_audio_proc|ns_sample[26]   ;
; 4:1                ; 28 bits   ; 56 LEs        ; 56 LEs               ; 0 LEs                  ; Yes        ; |HF_SDR|tx_audio_proc:u_tx_audio_proc|noise_est[0]    ;
; 5:1                ; 16 bits   ; 48 LEs        ; 32 LEs               ; 16 LEs                 ; Yes        ; |HF_SDR|tx_audio_proc:u_tx_audio_proc|hang_cnt[8]     ;
; 6:1                ; 2 bits    ; 8 LEs         ; 6 LEs                ; 2 LEs                  ; Yes        ; |HF_SDR|tx_audio_proc:u_tx_audio_proc|sample_out[1]   ;
; 6:1                ; 11 bits   ; 44 LEs        ; 44 LEs               ; 0 LEs                  ; Yes        ; |HF_SDR|tx_audio_proc:u_tx_audio_proc|sample_out[4]   ;
; 3:1                ; 15 bits   ; 30 LEs        ; 30 LEs               ; 0 LEs                  ; No         ; |HF_SDR|tx_audio_proc:u_tx_audio_proc|y               ;
+--------------------+-----------+---------------+----------------------+------------------------+------------+-------------------------------------------------------+


+--------------------------------------------------------------------------------------------------------------------------------------------+
; Source assignments for multi_band_modulator:u_band_mod|sine_rom:rom_inst_iA|altsyncram:altsyncram_component|altsyncram_4jc1:auto_generated ;
+---------------------------------+--------------------+------+------------------------------------------------------------------------------+
; Assignment                      ; Value              ; From ; To                                                                           ;
+---------------------------------+--------------------+------+------------------------------------------------------------------------------+
; OPTIMIZE_POWER_DURING_SYNTHESIS ; NORMAL_COMPILATION ; -    ; -                                                                            ;
+---------------------------------+--------------------+------+------------------------------------------------------------------------------+


+--------------------------------------------------------------------------------------------------------------------------------------------+
; Source assignments for multi_band_modulator:u_band_mod|sine_rom:rom_inst_qA|altsyncram:altsyncram_component|altsyncram_4jc1:auto_generated ;
+---------------------------------+--------------------+------+------------------------------------------------------------------------------+
; Assignment                      ; Value              ; From ; To                                                                           ;
+---------------------------------+--------------------+------+------------------------------------------------------------------------------+
; OPTIMIZE_POWER_DURING_SYNTHESIS ; NORMAL_COMPILATION ; -    ; -                                                                            ;
+---------------------------------+--------------------+------+------------------------------------------------------------------------------+


+--------------------------------------------------------------------------------------------------------------------------------------------+
; Source assignments for multi_band_modulator:u_band_mod|sine_rom:rom_inst_iB|altsyncram:altsyncram_component|altsyncram_4jc1:auto_generated ;
+---------------------------------+--------------------+------+------------------------------------------------------------------------------+
; Assignment                      ; Value              ; From ; To                                                                           ;
+---------------------------------+--------------------+------+------------------------------------------------------------------------------+
; OPTIMIZE_POWER_DURING_SYNTHESIS ; NORMAL_COMPILATION ; -    ; -                                                                            ;
+---------------------------------+--------------------+------+------------------------------------------------------------------------------+


+--------------------------------------------------------------------------------------------------------------------------------------------+
; Source assignments for multi_band_modulator:u_band_mod|sine_rom:rom_inst_qB|altsyncram:altsyncram_component|altsyncram_4jc1:auto_generated ;
+---------------------------------+--------------------+------+------------------------------------------------------------------------------+
; Assignment                      ; Value              ; From ; To                                                                           ;
+---------------------------------+--------------------+------+------------------------------------------------------------------------------+
; OPTIMIZE_POWER_DURING_SYNTHESIS ; NORMAL_COMPILATION ; -    ; -                                                                            ;
+---------------------------------+--------------------+------+------------------------------------------------------------------------------+


+--------------------------------------------------------------------------+
; Source assignments for dac_ddio:u_ddio|altddio_out:ALTDDIO_OUT_component ;
+-------------------------+-------------+------+---------------------------+
; Assignment              ; Value       ; From ; To                        ;
+-------------------------+-------------+------+---------------------------+
; ADV_NETLIST_OPT_ALLOWED ; NEVER_ALLOW ; -    ; -                         ;
; PRESERVE_REGISTER       ; ON          ; -    ; output_cell_L             ;
; DDIO_OUTPUT_REGISTER    ; LOW         ; -    ; output_cell_L             ;
; DDIO_OUTPUT_REGISTER    ; HIGH        ; -    ; mux                       ;
+-------------------------+-------------+------+---------------------------+


+------------------------------------------------------------------------------------------------------+
; Source assignments for dac_ddio:u_ddio|altddio_out:ALTDDIO_OUT_component|ddio_out_dbj:auto_generated ;
+-----------------------------+---------+------+-------------------------------------------------------+
; Assignment                  ; Value   ; From ; To                                                    ;
+-----------------------------+---------+------+-------------------------------------------------------+
; SYNCHRONIZER_IDENTIFICATION ; OFF     ; -    ; -                                                     ;
; ADV_NETLIST_OPT_ALLOWED     ; DEFAULT ; -    ; -                                                     ;
+-----------------------------+---------+------+-------------------------------------------------------+


+---------------------------------------------------------------------------------------------------------+
; Source assignments for hilbert_filter:u_hilbert|altsyncram:history_rtl_0|altsyncram_1si1:auto_generated ;
+---------------------------------+--------------------+------+-------------------------------------------+
; Assignment                      ; Value              ; From ; To                                        ;
+---------------------------------+--------------------+------+-------------------------------------------+
; OPTIMIZE_POWER_DURING_SYNTHESIS ; NORMAL_COMPILATION ; -    ; -                                         ;
+---------------------------------+--------------------+------+-------------------------------------------+


+----------------------------------------------------------------------------------------------------------+
; Source assignments for hilbert_filter:u_hilbert|altsyncram:coef_rom_rtl_0|altsyncram_ff91:auto_generated ;
+---------------------------------+--------------------+------+--------------------------------------------+
; Assignment                      ; Value              ; From ; To                                         ;
+---------------------------------+--------------------+------+--------------------------------------------+
; OPTIMIZE_POWER_DURING_SYNTHESIS ; NORMAL_COMPILATION ; -    ; -                                          ;
+---------------------------------+--------------------+------+--------------------------------------------+


+------------------------------------------------------------------------------------+
; Parameter Settings for User Entity Instance: sys_pll:u_pll|altpll:altpll_component ;
+-------------------------------+---------------------------+------------------------+
; Parameter Name                ; Value                     ; Type                   ;
+-------------------------------+---------------------------+------------------------+
; OPERATION_MODE                ; NORMAL                    ; Untyped                ;
; PLL_TYPE                      ; AUTO                      ; Untyped                ;
; LPM_HINT                      ; CBX_MODULE_PREFIX=sys_pll ; Untyped                ;
; QUALIFY_CONF_DONE             ; OFF                       ; Untyped                ;
; COMPENSATE_CLOCK              ; CLK0                      ; Untyped                ;
; SCAN_CHAIN                    ; LONG                      ; Untyped                ;
; PRIMARY_CLOCK                 ; INCLK0                    ; Untyped                ;
; INCLK0_INPUT_FREQUENCY        ; 20000                     ; Signed Integer         ;
; INCLK1_INPUT_FREQUENCY        ; 0                         ; Untyped                ;
; GATE_LOCK_SIGNAL              ; NO                        ; Untyped                ;
; GATE_LOCK_COUNTER             ; 0                         ; Untyped                ;
; LOCK_HIGH                     ; 1                         ; Untyped                ;
; LOCK_LOW                      ; 1                         ; Untyped                ;
; VALID_LOCK_MULTIPLIER         ; 1                         ; Untyped                ;
; INVALID_LOCK_MULTIPLIER       ; 5                         ; Untyped                ;
; SWITCH_OVER_ON_LOSSCLK        ; OFF                       ; Untyped                ;
; SWITCH_OVER_ON_GATED_LOCK     ; OFF                       ; Untyped                ;
; ENABLE_SWITCH_OVER_COUNTER    ; OFF                       ; Untyped                ;
; SKIP_VCO                      ; OFF                       ; Untyped                ;
; SWITCH_OVER_COUNTER           ; 0                         ; Untyped                ;
; SWITCH_OVER_TYPE              ; AUTO                      ; Untyped                ;
; FEEDBACK_SOURCE               ; EXTCLK0                   ; Untyped                ;
; BANDWIDTH                     ; 0                         ; Untyped                ;
; BANDWIDTH_TYPE                ; AUTO                      ; Untyped                ;
; SPREAD_FREQUENCY              ; 0                         ; Untyped                ;
; DOWN_SPREAD                   ; 0                         ; Untyped                ;
; SELF_RESET_ON_GATED_LOSS_LOCK ; OFF                       ; Untyped                ;
; SELF_RESET_ON_LOSS_LOCK       ; OFF                       ; Untyped                ;
; CLK9_MULTIPLY_BY              ; 0                         ; Untyped                ;
; CLK8_MULTIPLY_BY              ; 0                         ; Untyped                ;
; CLK7_MULTIPLY_BY              ; 0                         ; Untyped                ;
; CLK6_MULTIPLY_BY              ; 0                         ; Untyped                ;
; CLK5_MULTIPLY_BY              ; 1                         ; Untyped                ;
; CLK4_MULTIPLY_BY              ; 1                         ; Untyped                ;
; CLK3_MULTIPLY_BY              ; 1                         ; Untyped                ;
; CLK2_MULTIPLY_BY              ; 1                         ; Untyped                ;
; CLK1_MULTIPLY_BY              ; 4                         ; Signed Integer         ;
; CLK0_MULTIPLY_BY              ; 2                         ; Signed Integer         ;
; CLK9_DIVIDE_BY                ; 0                         ; Untyped                ;
; CLK8_DIVIDE_BY                ; 0                         ; Untyped                ;
; CLK7_DIVIDE_BY                ; 0                         ; Untyped                ;
; CLK6_DIVIDE_BY                ; 0                         ; Untyped                ;
; CLK5_DIVIDE_BY                ; 1                         ; Untyped                ;
; CLK4_DIVIDE_BY                ; 1                         ; Untyped                ;
; CLK3_DIVIDE_BY                ; 1                         ; Untyped                ;
; CLK2_DIVIDE_BY                ; 1                         ; Untyped                ;
; CLK1_DIVIDE_BY                ; 1                         ; Signed Integer         ;
; CLK0_DIVIDE_BY                ; 1                         ; Signed Integer         ;
; CLK9_PHASE_SHIFT              ; 0                         ; Untyped                ;
; CLK8_PHASE_SHIFT              ; 0                         ; Untyped                ;
; CLK7_PHASE_SHIFT              ; 0                         ; Untyped                ;
; CLK6_PHASE_SHIFT              ; 0                         ; Untyped                ;
; CLK5_PHASE_SHIFT              ; 0                         ; Untyped                ;
; CLK4_PHASE_SHIFT              ; 0                         ; Untyped                ;
; CLK3_PHASE_SHIFT              ; 0                         ; Untyped                ;
; CLK2_PHASE_SHIFT              ; 0                         ; Untyped                ;
; CLK1_PHASE_SHIFT              ; 2500                      ; Untyped                ;
; CLK0_PHASE_SHIFT              ; 0                         ; Untyped                ;
; CLK5_TIME_DELAY               ; 0                         ; Untyped                ;
; CLK4_TIME_DELAY               ; 0                         ; Untyped                ;
; CLK3_TIME_DELAY               ; 0                         ; Untyped                ;
; CLK2_TIME_DELAY               ; 0                         ; Untyped                ;
; CLK1_TIME_DELAY               ; 0                         ; Untyped                ;
; CLK0_TIME_DELAY               ; 0                         ; Untyped                ;
; CLK9_DUTY_CYCLE               ; 50                        ; Untyped                ;
; CLK8_DUTY_CYCLE               ; 50                        ; Untyped                ;
; CLK7_DUTY_CYCLE               ; 50                        ; Untyped                ;
; CLK6_DUTY_CYCLE               ; 50                        ; Untyped                ;
; CLK5_DUTY_CYCLE               ; 50                        ; Untyped                ;
; CLK4_DUTY_CYCLE               ; 50                        ; Untyped                ;
; CLK3_DUTY_CYCLE               ; 50                        ; Untyped                ;
; CLK2_DUTY_CYCLE               ; 50                        ; Untyped                ;
; CLK1_DUTY_CYCLE               ; 50                        ; Signed Integer         ;
; CLK0_DUTY_CYCLE               ; 50                        ; Signed Integer         ;
; CLK9_USE_EVEN_COUNTER_MODE    ; OFF                       ; Untyped                ;
; CLK8_USE_EVEN_COUNTER_MODE    ; OFF                       ; Untyped                ;
; CLK7_USE_EVEN_COUNTER_MODE    ; OFF                       ; Untyped                ;
; CLK6_USE_EVEN_COUNTER_MODE    ; OFF                       ; Untyped                ;
; CLK5_USE_EVEN_COUNTER_MODE    ; OFF                       ; Untyped                ;
; CLK4_USE_EVEN_COUNTER_MODE    ; OFF                       ; Untyped                ;
; CLK3_USE_EVEN_COUNTER_MODE    ; OFF                       ; Untyped                ;
; CLK2_USE_EVEN_COUNTER_MODE    ; OFF                       ; Untyped                ;
; CLK1_USE_EVEN_COUNTER_MODE    ; OFF                       ; Untyped                ;
; CLK0_USE_EVEN_COUNTER_MODE    ; OFF                       ; Untyped                ;
; CLK9_USE_EVEN_COUNTER_VALUE   ; OFF                       ; Untyped                ;
; CLK8_USE_EVEN_COUNTER_VALUE   ; OFF                       ; Untyped                ;
; CLK7_USE_EVEN_COUNTER_VALUE   ; OFF                       ; Untyped                ;
; CLK6_USE_EVEN_COUNTER_VALUE   ; OFF                       ; Untyped                ;
; CLK5_USE_EVEN_COUNTER_VALUE   ; OFF                       ; Untyped                ;
; CLK4_USE_EVEN_COUNTER_VALUE   ; OFF                       ; Untyped                ;
; CLK3_USE_EVEN_COUNTER_VALUE   ; OFF                       ; Untyped                ;
; CLK2_USE_EVEN_COUNTER_VALUE   ; OFF                       ; Untyped                ;
; CLK1_USE_EVEN_COUNTER_VALUE   ; OFF                       ; Untyped                ;
; CLK0_USE_EVEN_COUNTER_VALUE   ; OFF                       ; Untyped                ;
; LOCK_WINDOW_UI                ;  0.05                     ; Untyped                ;
; LOCK_WINDOW_UI_BITS           ; UNUSED                    ; Untyped                ;
; VCO_RANGE_DETECTOR_LOW_BITS   ; UNUSED                    ; Untyped                ;
; VCO_RANGE_DETECTOR_HIGH_BITS  ; UNUSED                    ; Untyped                ;
; DPA_MULTIPLY_BY               ; 0                         ; Untyped                ;
; DPA_DIVIDE_BY                 ; 1                         ; Untyped                ;
; DPA_DIVIDER                   ; 0                         ; Untyped                ;
; EXTCLK3_MULTIPLY_BY           ; 1                         ; Untyped                ;
; EXTCLK2_MULTIPLY_BY           ; 1                         ; Untyped                ;
; EXTCLK1_MULTIPLY_BY           ; 1                         ; Untyped                ;
; EXTCLK0_MULTIPLY_BY           ; 1                         ; Untyped                ;
; EXTCLK3_DIVIDE_BY             ; 1                         ; Untyped                ;
; EXTCLK2_DIVIDE_BY             ; 1                         ; Untyped                ;
; EXTCLK1_DIVIDE_BY             ; 1                         ; Untyped                ;
; EXTCLK0_DIVIDE_BY             ; 1                         ; Untyped                ;
; EXTCLK3_PHASE_SHIFT           ; 0                         ; Untyped                ;
; EXTCLK2_PHASE_SHIFT           ; 0                         ; Untyped                ;
; EXTCLK1_PHASE_SHIFT           ; 0                         ; Untyped                ;
; EXTCLK0_PHASE_SHIFT           ; 0                         ; Untyped                ;
; EXTCLK3_TIME_DELAY            ; 0                         ; Untyped                ;
; EXTCLK2_TIME_DELAY            ; 0                         ; Untyped                ;
; EXTCLK1_TIME_DELAY            ; 0                         ; Untyped                ;
; EXTCLK0_TIME_DELAY            ; 0                         ; Untyped                ;
; EXTCLK3_DUTY_CYCLE            ; 50                        ; Untyped                ;
; EXTCLK2_DUTY_CYCLE            ; 50                        ; Untyped                ;
; EXTCLK1_DUTY_CYCLE            ; 50                        ; Untyped                ;
; EXTCLK0_DUTY_CYCLE            ; 50                        ; Untyped                ;
; VCO_MULTIPLY_BY               ; 0                         ; Untyped                ;
; VCO_DIVIDE_BY                 ; 0                         ; Untyped                ;
; SCLKOUT0_PHASE_SHIFT          ; 0                         ; Untyped                ;
; SCLKOUT1_PHASE_SHIFT          ; 0                         ; Untyped                ;
; VCO_MIN                       ; 0                         ; Untyped                ;
; VCO_MAX                       ; 0                         ; Untyped                ;
; VCO_CENTER                    ; 0                         ; Untyped                ;
; PFD_MIN                       ; 0                         ; Untyped                ;
; PFD_MAX                       ; 0                         ; Untyped                ;
; M_INITIAL                     ; 0                         ; Untyped                ;
; M                             ; 0                         ; Untyped                ;
; N                             ; 1                         ; Untyped                ;
; M2                            ; 1                         ; Untyped                ;
; N2                            ; 1                         ; Untyped                ;
; SS                            ; 1                         ; Untyped                ;
; C0_HIGH                       ; 0                         ; Untyped                ;
; C1_HIGH                       ; 0                         ; Untyped                ;
; C2_HIGH                       ; 0                         ; Untyped                ;
; C3_HIGH                       ; 0                         ; Untyped                ;
; C4_HIGH                       ; 0                         ; Untyped                ;
; C5_HIGH                       ; 0                         ; Untyped                ;
; C6_HIGH                       ; 0                         ; Untyped                ;
; C7_HIGH                       ; 0                         ; Untyped                ;
; C8_HIGH                       ; 0                         ; Untyped                ;
; C9_HIGH                       ; 0                         ; Untyped                ;
; C0_LOW                        ; 0                         ; Untyped                ;
; C1_LOW                        ; 0                         ; Untyped                ;
; C2_LOW                        ; 0                         ; Untyped                ;
; C3_LOW                        ; 0                         ; Untyped                ;
; C4_LOW                        ; 0                         ; Untyped                ;
; C5_LOW                        ; 0                         ; Untyped                ;
; C6_LOW                        ; 0                         ; Untyped                ;
; C7_LOW                        ; 0                         ; Untyped                ;
; C8_LOW                        ; 0                         ; Untyped                ;
; C9_LOW                        ; 0                         ; Untyped                ;
; C0_INITIAL                    ; 0                         ; Untyped                ;
; C1_INITIAL                    ; 0                         ; Untyped                ;
; C2_INITIAL                    ; 0                         ; Untyped                ;
; C3_INITIAL                    ; 0                         ; Untyped                ;
; C4_INITIAL                    ; 0                         ; Untyped                ;
; C5_INITIAL                    ; 0                         ; Untyped                ;
; C6_INITIAL                    ; 0                         ; Untyped                ;
; C7_INITIAL                    ; 0                         ; Untyped                ;
; C8_INITIAL                    ; 0                         ; Untyped                ;
; C9_INITIAL                    ; 0                         ; Untyped                ;
; C0_MODE                       ; BYPASS                    ; Untyped                ;
; C1_MODE                       ; BYPASS                    ; Untyped                ;
; C2_MODE                       ; BYPASS                    ; Untyped                ;
; C3_MODE                       ; BYPASS                    ; Untyped                ;
; C4_MODE                       ; BYPASS                    ; Untyped                ;
; C5_MODE                       ; BYPASS                    ; Untyped                ;
; C6_MODE                       ; BYPASS                    ; Untyped                ;
; C7_MODE                       ; BYPASS                    ; Untyped                ;
; C8_MODE                       ; BYPASS                    ; Untyped                ;
; C9_MODE                       ; BYPASS                    ; Untyped                ;
; C0_PH                         ; 0                         ; Untyped                ;
; C1_PH                         ; 0                         ; Untyped                ;
; C2_PH                         ; 0                         ; Untyped                ;
; C3_PH                         ; 0                         ; Untyped                ;
; C4_PH                         ; 0                         ; Untyped                ;
; C5_PH                         ; 0                         ; Untyped                ;
; C6_PH                         ; 0                         ; Untyped                ;
; C7_PH                         ; 0                         ; Untyped                ;
; C8_PH                         ; 0                         ; Untyped                ;
; C9_PH                         ; 0                         ; Untyped                ;
; L0_HIGH                       ; 1                         ; Untyped                ;
; L1_HIGH                       ; 1                         ; Untyped                ;
; G0_HIGH                       ; 1                         ; Untyped                ;
; G1_HIGH                       ; 1                         ; Untyped                ;
; G2_HIGH                       ; 1                         ; Untyped                ;
; G3_HIGH                       ; 1                         ; Untyped                ;
; E0_HIGH                       ; 1                         ; Untyped                ;
; E1_HIGH                       ; 1                         ; Untyped                ;
; E2_HIGH                       ; 1                         ; Untyped                ;
; E3_HIGH                       ; 1                         ; Untyped                ;
; L0_LOW                        ; 1                         ; Untyped                ;
; L1_LOW                        ; 1                         ; Untyped                ;
; G0_LOW                        ; 1                         ; Untyped                ;
; G1_LOW                        ; 1                         ; Untyped                ;
; G2_LOW                        ; 1                         ; Untyped                ;
; G3_LOW                        ; 1                         ; Untyped                ;
; E0_LOW                        ; 1                         ; Untyped                ;
; E1_LOW                        ; 1                         ; Untyped                ;
; E2_LOW                        ; 1                         ; Untyped                ;
; E3_LOW                        ; 1                         ; Untyped                ;
; L0_INITIAL                    ; 1                         ; Untyped                ;
; L1_INITIAL                    ; 1                         ; Untyped                ;
; G0_INITIAL                    ; 1                         ; Untyped                ;
; G1_INITIAL                    ; 1                         ; Untyped                ;
; G2_INITIAL                    ; 1                         ; Untyped                ;
; G3_INITIAL                    ; 1                         ; Untyped                ;
; E0_INITIAL                    ; 1                         ; Untyped                ;
; E1_INITIAL                    ; 1                         ; Untyped                ;
; E2_INITIAL                    ; 1                         ; Untyped                ;
; E3_INITIAL                    ; 1                         ; Untyped                ;
; L0_MODE                       ; BYPASS                    ; Untyped                ;
; L1_MODE                       ; BYPASS                    ; Untyped                ;
; G0_MODE                       ; BYPASS                    ; Untyped                ;
; G1_MODE                       ; BYPASS                    ; Untyped                ;
; G2_MODE                       ; BYPASS                    ; Untyped                ;
; G3_MODE                       ; BYPASS                    ; Untyped                ;
; E0_MODE                       ; BYPASS                    ; Untyped                ;
; E1_MODE                       ; BYPASS                    ; Untyped                ;
; E2_MODE                       ; BYPASS                    ; Untyped                ;
; E3_MODE                       ; BYPASS                    ; Untyped                ;
; L0_PH                         ; 0                         ; Untyped                ;
; L1_PH                         ; 0                         ; Untyped                ;
; G0_PH                         ; 0                         ; Untyped                ;
; G1_PH                         ; 0                         ; Untyped                ;
; G2_PH                         ; 0                         ; Untyped                ;
; G3_PH                         ; 0                         ; Untyped                ;
; E0_PH                         ; 0                         ; Untyped                ;
; E1_PH                         ; 0                         ; Untyped                ;
; E2_PH                         ; 0                         ; Untyped                ;
; E3_PH                         ; 0                         ; Untyped                ;
; M_PH                          ; 0                         ; Untyped                ;
; C1_USE_CASC_IN                ; OFF                       ; Untyped                ;
; C2_USE_CASC_IN                ; OFF                       ; Untyped                ;
; C3_USE_CASC_IN                ; OFF                       ; Untyped                ;
; C4_USE_CASC_IN                ; OFF                       ; Untyped                ;
; C5_USE_CASC_IN                ; OFF                       ; Untyped                ;
; C6_USE_CASC_IN                ; OFF                       ; Untyped                ;
; C7_USE_CASC_IN                ; OFF                       ; Untyped                ;
; C8_USE_CASC_IN                ; OFF                       ; Untyped                ;
; C9_USE_CASC_IN                ; OFF                       ; Untyped                ;
; CLK0_COUNTER                  ; G0                        ; Untyped                ;
; CLK1_COUNTER                  ; G0                        ; Untyped                ;
; CLK2_COUNTER                  ; G0                        ; Untyped                ;
; CLK3_COUNTER                  ; G0                        ; Untyped                ;
; CLK4_COUNTER                  ; G0                        ; Untyped                ;
; CLK5_COUNTER                  ; G0                        ; Untyped                ;
; CLK6_COUNTER                  ; E0                        ; Untyped                ;
; CLK7_COUNTER                  ; E1                        ; Untyped                ;
; CLK8_COUNTER                  ; E2                        ; Untyped                ;
; CLK9_COUNTER                  ; E3                        ; Untyped                ;
; L0_TIME_DELAY                 ; 0                         ; Untyped                ;
; L1_TIME_DELAY                 ; 0                         ; Untyped                ;
; G0_TIME_DELAY                 ; 0                         ; Untyped                ;
; G1_TIME_DELAY                 ; 0                         ; Untyped                ;
; G2_TIME_DELAY                 ; 0                         ; Untyped                ;
; G3_TIME_DELAY                 ; 0                         ; Untyped                ;
; E0_TIME_DELAY                 ; 0                         ; Untyped                ;
; E1_TIME_DELAY                 ; 0                         ; Untyped                ;
; E2_TIME_DELAY                 ; 0                         ; Untyped                ;
; E3_TIME_DELAY                 ; 0                         ; Untyped                ;
; M_TIME_DELAY                  ; 0                         ; Untyped                ;
; N_TIME_DELAY                  ; 0                         ; Untyped                ;
; EXTCLK3_COUNTER               ; E3                        ; Untyped                ;
; EXTCLK2_COUNTER               ; E2                        ; Untyped                ;
; EXTCLK1_COUNTER               ; E1                        ; Untyped                ;
; EXTCLK0_COUNTER               ; E0                        ; Untyped                ;
; ENABLE0_COUNTER               ; L0                        ; Untyped                ;
; ENABLE1_COUNTER               ; L0                        ; Untyped                ;
; CHARGE_PUMP_CURRENT           ; 2                         ; Untyped                ;
; LOOP_FILTER_R                 ;  1.000000                 ; Untyped                ;
; LOOP_FILTER_C                 ; 5                         ; Untyped                ;
; CHARGE_PUMP_CURRENT_BITS      ; 9999                      ; Untyped                ;
; LOOP_FILTER_R_BITS            ; 9999                      ; Untyped                ;
; LOOP_FILTER_C_BITS            ; 9999                      ; Untyped                ;
; VCO_POST_SCALE                ; 0                         ; Untyped                ;
; CLK2_OUTPUT_FREQUENCY         ; 0                         ; Untyped                ;
; CLK1_OUTPUT_FREQUENCY         ; 0                         ; Untyped                ;
; CLK0_OUTPUT_FREQUENCY         ; 0                         ; Untyped                ;
; INTENDED_DEVICE_FAMILY        ; Cyclone IV E              ; Untyped                ;
; PORT_CLKENA0                  ; PORT_UNUSED               ; Untyped                ;
; PORT_CLKENA1                  ; PORT_UNUSED               ; Untyped                ;
; PORT_CLKENA2                  ; PORT_UNUSED               ; Untyped                ;
; PORT_CLKENA3                  ; PORT_UNUSED               ; Untyped                ;
; PORT_CLKENA4                  ; PORT_UNUSED               ; Untyped                ;
; PORT_CLKENA5                  ; PORT_UNUSED               ; Untyped                ;
; PORT_EXTCLKENA0               ; PORT_CONNECTIVITY         ; Untyped                ;
; PORT_EXTCLKENA1               ; PORT_CONNECTIVITY         ; Untyped                ;
; PORT_EXTCLKENA2               ; PORT_CONNECTIVITY         ; Untyped                ;
; PORT_EXTCLKENA3               ; PORT_CONNECTIVITY         ; Untyped                ;
; PORT_EXTCLK0                  ; PORT_UNUSED               ; Untyped                ;
; PORT_EXTCLK1                  ; PORT_UNUSED               ; Untyped                ;
; PORT_EXTCLK2                  ; PORT_UNUSED               ; Untyped                ;
; PORT_EXTCLK3                  ; PORT_UNUSED               ; Untyped                ;
; PORT_CLKBAD0                  ; PORT_UNUSED               ; Untyped                ;
; PORT_CLKBAD1                  ; PORT_UNUSED               ; Untyped                ;
; PORT_CLK0                     ; PORT_USED                 ; Untyped                ;
; PORT_CLK1                     ; PORT_USED                 ; Untyped                ;
; PORT_CLK2                     ; PORT_UNUSED               ; Untyped                ;
; PORT_CLK3                     ; PORT_UNUSED               ; Untyped                ;
; PORT_CLK4                     ; PORT_UNUSED               ; Untyped                ;
; PORT_CLK5                     ; PORT_UNUSED               ; Untyped                ;
; PORT_CLK6                     ; PORT_UNUSED               ; Untyped                ;
; PORT_CLK7                     ; PORT_UNUSED               ; Untyped                ;
; PORT_CLK8                     ; PORT_UNUSED               ; Untyped                ;
; PORT_CLK9                     ; PORT_UNUSED               ; Untyped                ;
; PORT_SCANDATA                 ; PORT_UNUSED               ; Untyped                ;
; PORT_SCANDATAOUT              ; PORT_UNUSED               ; Untyped                ;
; PORT_SCANDONE                 ; PORT_UNUSED               ; Untyped                ;
; PORT_SCLKOUT1                 ; PORT_CONNECTIVITY         ; Untyped                ;
; PORT_SCLKOUT0                 ; PORT_CONNECTIVITY         ; Untyped                ;
; PORT_ACTIVECLOCK              ; PORT_UNUSED               ; Untyped                ;
; PORT_CLKLOSS                  ; PORT_UNUSED               ; Untyped                ;
; PORT_INCLK1                   ; PORT_UNUSED               ; Untyped                ;
; PORT_INCLK0                   ; PORT_USED                 ; Untyped                ;
; PORT_FBIN                     ; PORT_UNUSED               ; Untyped                ;
; PORT_PLLENA                   ; PORT_UNUSED               ; Untyped                ;
; PORT_CLKSWITCH                ; PORT_UNUSED               ; Untyped                ;
; PORT_ARESET                   ; PORT_USED                 ; Untyped                ;
; PORT_PFDENA                   ; PORT_UNUSED               ; Untyped                ;
; PORT_SCANCLK                  ; PORT_UNUSED               ; Untyped                ;
; PORT_SCANACLR                 ; PORT_UNUSED               ; Untyped                ;
; PORT_SCANREAD                 ; PORT_UNUSED               ; Untyped                ;
; PORT_SCANWRITE                ; PORT_UNUSED               ; Untyped                ;
; PORT_ENABLE0                  ; PORT_CONNECTIVITY         ; Untyped                ;
; PORT_ENABLE1                  ; PORT_CONNECTIVITY         ; Untyped                ;
; PORT_LOCKED                   ; PORT_USED                 ; Untyped                ;
; PORT_CONFIGUPDATE             ; PORT_UNUSED               ; Untyped                ;
; PORT_FBOUT                    ; PORT_CONNECTIVITY         ; Untyped                ;
; PORT_PHASEDONE                ; PORT_UNUSED               ; Untyped                ;
; PORT_PHASESTEP                ; PORT_UNUSED               ; Untyped                ;
; PORT_PHASEUPDOWN              ; PORT_UNUSED               ; Untyped                ;
; PORT_SCANCLKENA               ; PORT_UNUSED               ; Untyped                ;
; PORT_PHASECOUNTERSELECT       ; PORT_UNUSED               ; Untyped                ;
; PORT_VCOOVERRANGE             ; PORT_CONNECTIVITY         ; Untyped                ;
; PORT_VCOUNDERRANGE            ; PORT_CONNECTIVITY         ; Untyped                ;
; M_TEST_SOURCE                 ; 5                         ; Untyped                ;
; C0_TEST_SOURCE                ; 5                         ; Untyped                ;
; C1_TEST_SOURCE                ; 5                         ; Untyped                ;
; C2_TEST_SOURCE                ; 5                         ; Untyped                ;
; C3_TEST_SOURCE                ; 5                         ; Untyped                ;
; C4_TEST_SOURCE                ; 5                         ; Untyped                ;
; C5_TEST_SOURCE                ; 5                         ; Untyped                ;
; C6_TEST_SOURCE                ; 5                         ; Untyped                ;
; C7_TEST_SOURCE                ; 5                         ; Untyped                ;
; C8_TEST_SOURCE                ; 5                         ; Untyped                ;
; C9_TEST_SOURCE                ; 5                         ; Untyped                ;
; CBXI_PARAMETER                ; sys_pll_altpll            ; Untyped                ;
; VCO_FREQUENCY_CONTROL         ; AUTO                      ; Untyped                ;
; VCO_PHASE_SHIFT_STEP          ; 0                         ; Untyped                ;
; WIDTH_CLOCK                   ; 5                         ; Signed Integer         ;
; WIDTH_PHASECOUNTERSELECT      ; 4                         ; Untyped                ;
; USING_FBMIMICBIDIR_PORT       ; OFF                       ; Untyped                ;
; DEVICE_FAMILY                 ; Cyclone IV E              ; Untyped                ;
; SCAN_CHAIN_MIF_FILE           ; UNUSED                    ; Untyped                ;
; SIM_GATE_LOCK_DEVICE_BEHAVIOR ; OFF                       ; Untyped                ;
; AUTO_CARRY_CHAINS             ; ON                        ; AUTO_CARRY             ;
; IGNORE_CARRY_BUFFERS          ; OFF                       ; IGNORE_CARRY           ;
; AUTO_CASCADE_CHAINS           ; ON                        ; AUTO_CASCADE           ;
; IGNORE_CASCADE_BUFFERS        ; OFF                       ; IGNORE_CASCADE         ;
+-------------------------------+---------------------------+------------------------+
Note: In order to hide this table in the UI and the text report file, please set the "Show Parameter Settings in Synthesis Report" option in "Analysis and Synthesis Settings -> More Settings" to "Off".


+-----------------------------------------------------------------------------------------------------------------------------------+
; Parameter Settings for User Entity Instance: multi_band_modulator:u_band_mod|sine_rom:rom_inst_iA|altsyncram:altsyncram_component ;
+------------------------------------+----------------------+-----------------------------------------------------------------------+
; Parameter Name                     ; Value                ; Type                                                                  ;
+------------------------------------+----------------------+-----------------------------------------------------------------------+
; BYTE_SIZE_BLOCK                    ; 8                    ; Untyped                                                               ;
; AUTO_CARRY_CHAINS                  ; ON                   ; AUTO_CARRY                                                            ;
; IGNORE_CARRY_BUFFERS               ; OFF                  ; IGNORE_CARRY                                                          ;
; AUTO_CASCADE_CHAINS                ; ON                   ; AUTO_CASCADE                                                          ;
; IGNORE_CASCADE_BUFFERS             ; OFF                  ; IGNORE_CASCADE                                                        ;
; WIDTH_BYTEENA                      ; 1                    ; Untyped                                                               ;
; OPERATION_MODE                     ; ROM                  ; Untyped                                                               ;
; WIDTH_A                            ; 14                   ; Signed Integer                                                        ;
; WIDTHAD_A                          ; 10                   ; Signed Integer                                                        ;
; NUMWORDS_A                         ; 1024                 ; Signed Integer                                                        ;
; OUTDATA_REG_A                      ; UNREGISTERED         ; Untyped                                                               ;
; ADDRESS_ACLR_A                     ; NONE                 ; Untyped                                                               ;
; OUTDATA_ACLR_A                     ; NONE                 ; Untyped                                                               ;
; WRCONTROL_ACLR_A                   ; NONE                 ; Untyped                                                               ;
; INDATA_ACLR_A                      ; NONE                 ; Untyped                                                               ;
; BYTEENA_ACLR_A                     ; NONE                 ; Untyped                                                               ;
; WIDTH_B                            ; 1                    ; Untyped                                                               ;
; WIDTHAD_B                          ; 1                    ; Untyped                                                               ;
; NUMWORDS_B                         ; 1                    ; Untyped                                                               ;
; INDATA_REG_B                       ; CLOCK1               ; Untyped                                                               ;
; WRCONTROL_WRADDRESS_REG_B          ; CLOCK1               ; Untyped                                                               ;
; RDCONTROL_REG_B                    ; CLOCK1               ; Untyped                                                               ;
; ADDRESS_REG_B                      ; CLOCK1               ; Untyped                                                               ;
; OUTDATA_REG_B                      ; UNREGISTERED         ; Untyped                                                               ;
; BYTEENA_REG_B                      ; CLOCK1               ; Untyped                                                               ;
; INDATA_ACLR_B                      ; NONE                 ; Untyped                                                               ;
; WRCONTROL_ACLR_B                   ; NONE                 ; Untyped                                                               ;
; ADDRESS_ACLR_B                     ; NONE                 ; Untyped                                                               ;
; OUTDATA_ACLR_B                     ; NONE                 ; Untyped                                                               ;
; RDCONTROL_ACLR_B                   ; NONE                 ; Untyped                                                               ;
; BYTEENA_ACLR_B                     ; NONE                 ; Untyped                                                               ;
; WIDTH_BYTEENA_A                    ; 1                    ; Signed Integer                                                        ;
; WIDTH_BYTEENA_B                    ; 1                    ; Untyped                                                               ;
; RAM_BLOCK_TYPE                     ; M9K                  ; Untyped                                                               ;
; BYTE_SIZE                          ; 8                    ; Untyped                                                               ;
; READ_DURING_WRITE_MODE_MIXED_PORTS ; DONT_CARE            ; Untyped                                                               ;
; READ_DURING_WRITE_MODE_PORT_A      ; NEW_DATA_NO_NBE_READ ; Untyped                                                               ;
; READ_DURING_WRITE_MODE_PORT_B      ; NEW_DATA_NO_NBE_READ ; Untyped                                                               ;
; INIT_FILE                          ; sine_quarter.mif     ; Untyped                                                               ;
; INIT_FILE_LAYOUT                   ; PORT_A               ; Untyped                                                               ;
; MAXIMUM_DEPTH                      ; 0                    ; Untyped                                                               ;
; CLOCK_ENABLE_INPUT_A               ; BYPASS               ; Untyped                                                               ;
; CLOCK_ENABLE_INPUT_B               ; NORMAL               ; Untyped                                                               ;
; CLOCK_ENABLE_OUTPUT_A              ; BYPASS               ; Untyped                                                               ;
; CLOCK_ENABLE_OUTPUT_B              ; NORMAL               ; Untyped                                                               ;
; CLOCK_ENABLE_CORE_A                ; USE_INPUT_CLKEN      ; Untyped                                                               ;
; CLOCK_ENABLE_CORE_B                ; USE_INPUT_CLKEN      ; Untyped                                                               ;
; ENABLE_ECC                         ; FALSE                ; Untyped                                                               ;
; ECC_PIPELINE_STAGE_ENABLED         ; FALSE                ; Untyped                                                               ;
; WIDTH_ECCSTATUS                    ; 3                    ; Untyped                                                               ;
; DEVICE_FAMILY                      ; Cyclone IV E         ; Untyped                                                               ;
; CBXI_PARAMETER                     ; altsyncram_4jc1      ; Untyped                                                               ;
+------------------------------------+----------------------+-----------------------------------------------------------------------+
Note: In order to hide this table in the UI and the text report file, please set the "Show Parameter Settings in Synthesis Report" option in "Analysis and Synthesis Settings -> More Settings" to "Off".


+-----------------------------------------------------------------------------------------------------------------------------------+
; Parameter Settings for User Entity Instance: multi_band_modulator:u_band_mod|sine_rom:rom_inst_qA|altsyncram:altsyncram_component ;
+------------------------------------+----------------------+-----------------------------------------------------------------------+
; Parameter Name                     ; Value                ; Type                                                                  ;
+------------------------------------+----------------------+-----------------------------------------------------------------------+
; BYTE_SIZE_BLOCK                    ; 8                    ; Untyped                                                               ;
; AUTO_CARRY_CHAINS                  ; ON                   ; AUTO_CARRY                                                            ;
; IGNORE_CARRY_BUFFERS               ; OFF                  ; IGNORE_CARRY                                                          ;
; AUTO_CASCADE_CHAINS                ; ON                   ; AUTO_CASCADE                                                          ;
; IGNORE_CASCADE_BUFFERS             ; OFF                  ; IGNORE_CASCADE                                                        ;
; WIDTH_BYTEENA                      ; 1                    ; Untyped                                                               ;
; OPERATION_MODE                     ; ROM                  ; Untyped                                                               ;
; WIDTH_A                            ; 14                   ; Signed Integer                                                        ;
; WIDTHAD_A                          ; 10                   ; Signed Integer                                                        ;
; NUMWORDS_A                         ; 1024                 ; Signed Integer                                                        ;
; OUTDATA_REG_A                      ; UNREGISTERED         ; Untyped                                                               ;
; ADDRESS_ACLR_A                     ; NONE                 ; Untyped                                                               ;
; OUTDATA_ACLR_A                     ; NONE                 ; Untyped                                                               ;
; WRCONTROL_ACLR_A                   ; NONE                 ; Untyped                                                               ;
; INDATA_ACLR_A                      ; NONE                 ; Untyped                                                               ;
; BYTEENA_ACLR_A                     ; NONE                 ; Untyped                                                               ;
; WIDTH_B                            ; 1                    ; Untyped                                                               ;
; WIDTHAD_B                          ; 1                    ; Untyped                                                               ;
; NUMWORDS_B                         ; 1                    ; Untyped                                                               ;
; INDATA_REG_B                       ; CLOCK1               ; Untyped                                                               ;
; WRCONTROL_WRADDRESS_REG_B          ; CLOCK1               ; Untyped                                                               ;
; RDCONTROL_REG_B                    ; CLOCK1               ; Untyped                                                               ;
; ADDRESS_REG_B                      ; CLOCK1               ; Untyped                                                               ;
; OUTDATA_REG_B                      ; UNREGISTERED         ; Untyped                                                               ;
; BYTEENA_REG_B                      ; CLOCK1               ; Untyped                                                               ;
; INDATA_ACLR_B                      ; NONE                 ; Untyped                                                               ;
; WRCONTROL_ACLR_B                   ; NONE                 ; Untyped                                                               ;
; ADDRESS_ACLR_B                     ; NONE                 ; Untyped                                                               ;
; OUTDATA_ACLR_B                     ; NONE                 ; Untyped                                                               ;
; RDCONTROL_ACLR_B                   ; NONE                 ; Untyped                                                               ;
; BYTEENA_ACLR_B                     ; NONE                 ; Untyped                                                               ;
; WIDTH_BYTEENA_A                    ; 1                    ; Signed Integer                                                        ;
; WIDTH_BYTEENA_B                    ; 1                    ; Untyped                                                               ;
; RAM_BLOCK_TYPE                     ; M9K                  ; Untyped                                                               ;
; BYTE_SIZE                          ; 8                    ; Untyped                                                               ;
; READ_DURING_WRITE_MODE_MIXED_PORTS ; DONT_CARE            ; Untyped                                                               ;
; READ_DURING_WRITE_MODE_PORT_A      ; NEW_DATA_NO_NBE_READ ; Untyped                                                               ;
; READ_DURING_WRITE_MODE_PORT_B      ; NEW_DATA_NO_NBE_READ ; Untyped                                                               ;
; INIT_FILE                          ; sine_quarter.mif     ; Untyped                                                               ;
; INIT_FILE_LAYOUT                   ; PORT_A               ; Untyped                                                               ;
; MAXIMUM_DEPTH                      ; 0                    ; Untyped                                                               ;
; CLOCK_ENABLE_INPUT_A               ; BYPASS               ; Untyped                                                               ;
; CLOCK_ENABLE_INPUT_B               ; NORMAL               ; Untyped                                                               ;
; CLOCK_ENABLE_OUTPUT_A              ; BYPASS               ; Untyped                                                               ;
; CLOCK_ENABLE_OUTPUT_B              ; NORMAL               ; Untyped                                                               ;
; CLOCK_ENABLE_CORE_A                ; USE_INPUT_CLKEN      ; Untyped                                                               ;
; CLOCK_ENABLE_CORE_B                ; USE_INPUT_CLKEN      ; Untyped                                                               ;
; ENABLE_ECC                         ; FALSE                ; Untyped                                                               ;
; ECC_PIPELINE_STAGE_ENABLED         ; FALSE                ; Untyped                                                               ;
; WIDTH_ECCSTATUS                    ; 3                    ; Untyped                                                               ;
; DEVICE_FAMILY                      ; Cyclone IV E         ; Untyped                                                               ;
; CBXI_PARAMETER                     ; altsyncram_4jc1      ; Untyped                                                               ;
+------------------------------------+----------------------+-----------------------------------------------------------------------+
Note: In order to hide this table in the UI and the text report file, please set the "Show Parameter Settings in Synthesis Report" option in "Analysis and Synthesis Settings -> More Settings" to "Off".


+-----------------------------------------------------------------------------------------------------------------------------------+
; Parameter Settings for User Entity Instance: multi_band_modulator:u_band_mod|sine_rom:rom_inst_iB|altsyncram:altsyncram_component ;
+------------------------------------+----------------------+-----------------------------------------------------------------------+
; Parameter Name                     ; Value                ; Type                                                                  ;
+------------------------------------+----------------------+-----------------------------------------------------------------------+
; BYTE_SIZE_BLOCK                    ; 8                    ; Untyped                                                               ;
; AUTO_CARRY_CHAINS                  ; ON                   ; AUTO_CARRY                                                            ;
; IGNORE_CARRY_BUFFERS               ; OFF                  ; IGNORE_CARRY                                                          ;
; AUTO_CASCADE_CHAINS                ; ON                   ; AUTO_CASCADE                                                          ;
; IGNORE_CASCADE_BUFFERS             ; OFF                  ; IGNORE_CASCADE                                                        ;
; WIDTH_BYTEENA                      ; 1                    ; Untyped                                                               ;
; OPERATION_MODE                     ; ROM                  ; Untyped                                                               ;
; WIDTH_A                            ; 14                   ; Signed Integer                                                        ;
; WIDTHAD_A                          ; 10                   ; Signed Integer                                                        ;
; NUMWORDS_A                         ; 1024                 ; Signed Integer                                                        ;
; OUTDATA_REG_A                      ; UNREGISTERED         ; Untyped                                                               ;
; ADDRESS_ACLR_A                     ; NONE                 ; Untyped                                                               ;
; OUTDATA_ACLR_A                     ; NONE                 ; Untyped                                                               ;
; WRCONTROL_ACLR_A                   ; NONE                 ; Untyped                                                               ;
; INDATA_ACLR_A                      ; NONE                 ; Untyped                                                               ;
; BYTEENA_ACLR_A                     ; NONE                 ; Untyped                                                               ;
; WIDTH_B                            ; 1                    ; Untyped                                                               ;
; WIDTHAD_B                          ; 1                    ; Untyped                                                               ;
; NUMWORDS_B                         ; 1                    ; Untyped                                                               ;
; INDATA_REG_B                       ; CLOCK1               ; Untyped                                                               ;
; WRCONTROL_WRADDRESS_REG_B          ; CLOCK1               ; Untyped                                                               ;
; RDCONTROL_REG_B                    ; CLOCK1               ; Untyped                                                               ;
; ADDRESS_REG_B                      ; CLOCK1               ; Untyped                                                               ;
; OUTDATA_REG_B                      ; UNREGISTERED         ; Untyped                                                               ;
; BYTEENA_REG_B                      ; CLOCK1               ; Untyped                                                               ;
; INDATA_ACLR_B                      ; NONE                 ; Untyped                                                               ;
; WRCONTROL_ACLR_B                   ; NONE                 ; Untyped                                                               ;
; ADDRESS_ACLR_B                     ; NONE                 ; Untyped                                                               ;
; OUTDATA_ACLR_B                     ; NONE                 ; Untyped                                                               ;
; RDCONTROL_ACLR_B                   ; NONE                 ; Untyped                                                               ;
; BYTEENA_ACLR_B                     ; NONE                 ; Untyped                                                               ;
; WIDTH_BYTEENA_A                    ; 1                    ; Signed Integer                                                        ;
; WIDTH_BYTEENA_B                    ; 1                    ; Untyped                                                               ;
; RAM_BLOCK_TYPE                     ; M9K                  ; Untyped                                                               ;
; BYTE_SIZE                          ; 8                    ; Untyped                                                               ;
; READ_DURING_WRITE_MODE_MIXED_PORTS ; DONT_CARE            ; Untyped                                                               ;
; READ_DURING_WRITE_MODE_PORT_A      ; NEW_DATA_NO_NBE_READ ; Untyped                                                               ;
; READ_DURING_WRITE_MODE_PORT_B      ; NEW_DATA_NO_NBE_READ ; Untyped                                                               ;
; INIT_FILE                          ; sine_quarter.mif     ; Untyped                                                               ;
; INIT_FILE_LAYOUT                   ; PORT_A               ; Untyped                                                               ;
; MAXIMUM_DEPTH                      ; 0                    ; Untyped                                                               ;
; CLOCK_ENABLE_INPUT_A               ; BYPASS               ; Untyped                                                               ;
; CLOCK_ENABLE_INPUT_B               ; NORMAL               ; Untyped                                                               ;
; CLOCK_ENABLE_OUTPUT_A              ; BYPASS               ; Untyped                                                               ;
; CLOCK_ENABLE_OUTPUT_B              ; NORMAL               ; Untyped                                                               ;
; CLOCK_ENABLE_CORE_A                ; USE_INPUT_CLKEN      ; Untyped                                                               ;
; CLOCK_ENABLE_CORE_B                ; USE_INPUT_CLKEN      ; Untyped                                                               ;
; ENABLE_ECC                         ; FALSE                ; Untyped                                                               ;
; ECC_PIPELINE_STAGE_ENABLED         ; FALSE                ; Untyped                                                               ;
; WIDTH_ECCSTATUS                    ; 3                    ; Untyped                                                               ;
; DEVICE_FAMILY                      ; Cyclone IV E         ; Untyped                                                               ;
; CBXI_PARAMETER                     ; altsyncram_4jc1      ; Untyped                                                               ;
+------------------------------------+----------------------+-----------------------------------------------------------------------+
Note: In order to hide this table in the UI and the text report file, please set the "Show Parameter Settings in Synthesis Report" option in "Analysis and Synthesis Settings -> More Settings" to "Off".


+-----------------------------------------------------------------------------------------------------------------------------------+
; Parameter Settings for User Entity Instance: multi_band_modulator:u_band_mod|sine_rom:rom_inst_qB|altsyncram:altsyncram_component ;
+------------------------------------+----------------------+-----------------------------------------------------------------------+
; Parameter Name                     ; Value                ; Type                                                                  ;
+------------------------------------+----------------------+-----------------------------------------------------------------------+
; BYTE_SIZE_BLOCK                    ; 8                    ; Untyped                                                               ;
; AUTO_CARRY_CHAINS                  ; ON                   ; AUTO_CARRY                                                            ;
; IGNORE_CARRY_BUFFERS               ; OFF                  ; IGNORE_CARRY                                                          ;
; AUTO_CASCADE_CHAINS                ; ON                   ; AUTO_CASCADE                                                          ;
; IGNORE_CASCADE_BUFFERS             ; OFF                  ; IGNORE_CASCADE                                                        ;
; WIDTH_BYTEENA                      ; 1                    ; Untyped                                                               ;
; OPERATION_MODE                     ; ROM                  ; Untyped                                                               ;
; WIDTH_A                            ; 14                   ; Signed Integer                                                        ;
; WIDTHAD_A                          ; 10                   ; Signed Integer                                                        ;
; NUMWORDS_A                         ; 1024                 ; Signed Integer                                                        ;
; OUTDATA_REG_A                      ; UNREGISTERED         ; Untyped                                                               ;
; ADDRESS_ACLR_A                     ; NONE                 ; Untyped                                                               ;
; OUTDATA_ACLR_A                     ; NONE                 ; Untyped                                                               ;
; WRCONTROL_ACLR_A                   ; NONE                 ; Untyped                                                               ;
; INDATA_ACLR_A                      ; NONE                 ; Untyped                                                               ;
; BYTEENA_ACLR_A                     ; NONE                 ; Untyped                                                               ;
; WIDTH_B                            ; 1                    ; Untyped                                                               ;
; WIDTHAD_B                          ; 1                    ; Untyped                                                               ;
; NUMWORDS_B                         ; 1                    ; Untyped                                                               ;
; INDATA_REG_B                       ; CLOCK1               ; Untyped                                                               ;
; WRCONTROL_WRADDRESS_REG_B          ; CLOCK1               ; Untyped                                                               ;
; RDCONTROL_REG_B                    ; CLOCK1               ; Untyped                                                               ;
; ADDRESS_REG_B                      ; CLOCK1               ; Untyped                                                               ;
; OUTDATA_REG_B                      ; UNREGISTERED         ; Untyped                                                               ;
; BYTEENA_REG_B                      ; CLOCK1               ; Untyped                                                               ;
; INDATA_ACLR_B                      ; NONE                 ; Untyped                                                               ;
; WRCONTROL_ACLR_B                   ; NONE                 ; Untyped                                                               ;
; ADDRESS_ACLR_B                     ; NONE                 ; Untyped                                                               ;
; OUTDATA_ACLR_B                     ; NONE                 ; Untyped                                                               ;
; RDCONTROL_ACLR_B                   ; NONE                 ; Untyped                                                               ;
; BYTEENA_ACLR_B                     ; NONE                 ; Untyped                                                               ;
; WIDTH_BYTEENA_A                    ; 1                    ; Signed Integer                                                        ;
; WIDTH_BYTEENA_B                    ; 1                    ; Untyped                                                               ;
; RAM_BLOCK_TYPE                     ; M9K                  ; Untyped                                                               ;
; BYTE_SIZE                          ; 8                    ; Untyped                                                               ;
; READ_DURING_WRITE_MODE_MIXED_PORTS ; DONT_CARE            ; Untyped                                                               ;
; READ_DURING_WRITE_MODE_PORT_A      ; NEW_DATA_NO_NBE_READ ; Untyped                                                               ;
; READ_DURING_WRITE_MODE_PORT_B      ; NEW_DATA_NO_NBE_READ ; Untyped                                                               ;
; INIT_FILE                          ; sine_quarter.mif     ; Untyped                                                               ;
; INIT_FILE_LAYOUT                   ; PORT_A               ; Untyped                                                               ;
; MAXIMUM_DEPTH                      ; 0                    ; Untyped                                                               ;
; CLOCK_ENABLE_INPUT_A               ; BYPASS               ; Untyped                                                               ;
; CLOCK_ENABLE_INPUT_B               ; NORMAL               ; Untyped                                                               ;
; CLOCK_ENABLE_OUTPUT_A              ; BYPASS               ; Untyped                                                               ;
; CLOCK_ENABLE_OUTPUT_B              ; NORMAL               ; Untyped                                                               ;
; CLOCK_ENABLE_CORE_A                ; USE_INPUT_CLKEN      ; Untyped                                                               ;
; CLOCK_ENABLE_CORE_B                ; USE_INPUT_CLKEN      ; Untyped                                                               ;
; ENABLE_ECC                         ; FALSE                ; Untyped                                                               ;
; ECC_PIPELINE_STAGE_ENABLED         ; FALSE                ; Untyped                                                               ;
; WIDTH_ECCSTATUS                    ; 3                    ; Untyped                                                               ;
; DEVICE_FAMILY                      ; Cyclone IV E         ; Untyped                                                               ;
; CBXI_PARAMETER                     ; altsyncram_4jc1      ; Untyped                                                               ;
+------------------------------------+----------------------+-----------------------------------------------------------------------+
Note: In order to hide this table in the UI and the text report file, please set the "Show Parameter Settings in Synthesis Report" option in "Analysis and Synthesis Settings -> More Settings" to "Off".


+------------------------------------------------------------------------------------------------+
; Parameter Settings for User Entity Instance: dac_ddio:u_ddio|altddio_out:ALTDDIO_OUT_component ;
+------------------------+--------------+--------------------------------------------------------+
; Parameter Name         ; Value        ; Type                                                   ;
+------------------------+--------------+--------------------------------------------------------+
; AUTO_CARRY_CHAINS      ; ON           ; AUTO_CARRY                                             ;
; IGNORE_CARRY_BUFFERS   ; OFF          ; IGNORE_CARRY                                           ;
; AUTO_CASCADE_CHAINS    ; ON           ; AUTO_CASCADE                                           ;
; IGNORE_CASCADE_BUFFERS ; OFF          ; IGNORE_CASCADE                                         ;
; WIDTH                  ; 14           ; Signed Integer                                         ;
; POWER_UP_HIGH          ; OFF          ; Untyped                                                ;
; OE_REG                 ; UNREGISTERED ; Untyped                                                ;
; extend_oe_disable      ; OFF          ; Untyped                                                ;
; INTENDED_DEVICE_FAMILY ; Cyclone IV E ; Untyped                                                ;
; DEVICE_FAMILY          ; Cyclone IV E ; Untyped                                                ;
; CBXI_PARAMETER         ; ddio_out_dbj ; Untyped                                                ;
+------------------------+--------------+--------------------------------------------------------+
Note: In order to hide this table in the UI and the text report file, please set the "Show Parameter Settings in Synthesis Report" option in "Analysis and Synthesis Settings -> More Settings" to "Off".


+----------------------------------------------------------------------------------------------------+
; Parameter Settings for Inferred Entity Instance: hilbert_filter:u_hilbert|altsyncram:history_rtl_0 ;
+------------------------------------+----------------------+----------------------------------------+
; Parameter Name                     ; Value                ; Type                                   ;
+------------------------------------+----------------------+----------------------------------------+
; BYTE_SIZE_BLOCK                    ; 8                    ; Untyped                                ;
; AUTO_CARRY_CHAINS                  ; ON                   ; AUTO_CARRY                             ;
; IGNORE_CARRY_BUFFERS               ; OFF                  ; IGNORE_CARRY                           ;
; AUTO_CASCADE_CHAINS                ; ON                   ; AUTO_CASCADE                           ;
; IGNORE_CASCADE_BUFFERS             ; OFF                  ; IGNORE_CASCADE                         ;
; WIDTH_BYTEENA                      ; 1                    ; Untyped                                ;
; OPERATION_MODE                     ; DUAL_PORT            ; Untyped                                ;
; WIDTH_A                            ; 14                   ; Untyped                                ;
; WIDTHAD_A                          ; 8                    ; Untyped                                ;
; NUMWORDS_A                         ; 256                  ; Untyped                                ;
; OUTDATA_REG_A                      ; UNREGISTERED         ; Untyped                                ;
; ADDRESS_ACLR_A                     ; NONE                 ; Untyped                                ;
; OUTDATA_ACLR_A                     ; NONE                 ; Untyped                                ;
; WRCONTROL_ACLR_A                   ; NONE                 ; Untyped                                ;
; INDATA_ACLR_A                      ; NONE                 ; Untyped                                ;
; BYTEENA_ACLR_A                     ; NONE                 ; Untyped                                ;
; WIDTH_B                            ; 14                   ; Untyped                                ;
; WIDTHAD_B                          ; 8                    ; Untyped                                ;
; NUMWORDS_B                         ; 256                  ; Untyped                                ;
; INDATA_REG_B                       ; CLOCK1               ; Untyped                                ;
; WRCONTROL_WRADDRESS_REG_B          ; CLOCK1               ; Untyped                                ;
; RDCONTROL_REG_B                    ; CLOCK1               ; Untyped                                ;
; ADDRESS_REG_B                      ; CLOCK0               ; Untyped                                ;
; OUTDATA_REG_B                      ; UNREGISTERED         ; Untyped                                ;
; BYTEENA_REG_B                      ; CLOCK1               ; Untyped                                ;
; INDATA_ACLR_B                      ; NONE                 ; Untyped                                ;
; WRCONTROL_ACLR_B                   ; NONE                 ; Untyped                                ;
; ADDRESS_ACLR_B                     ; NONE                 ; Untyped                                ;
; OUTDATA_ACLR_B                     ; NONE                 ; Untyped                                ;
; RDCONTROL_ACLR_B                   ; NONE                 ; Untyped                                ;
; BYTEENA_ACLR_B                     ; NONE                 ; Untyped                                ;
; WIDTH_BYTEENA_A                    ; 1                    ; Untyped                                ;
; WIDTH_BYTEENA_B                    ; 1                    ; Untyped                                ;
; RAM_BLOCK_TYPE                     ; M9K                  ; Untyped                                ;
; BYTE_SIZE                          ; 8                    ; Untyped                                ;
; READ_DURING_WRITE_MODE_MIXED_PORTS ; OLD_DATA             ; Untyped                                ;
; READ_DURING_WRITE_MODE_PORT_A      ; NEW_DATA_NO_NBE_READ ; Untyped                                ;
; READ_DURING_WRITE_MODE_PORT_B      ; NEW_DATA_NO_NBE_READ ; Untyped                                ;
; INIT_FILE                          ; UNUSED               ; Untyped                                ;
; INIT_FILE_LAYOUT                   ; PORT_A               ; Untyped                                ;
; MAXIMUM_DEPTH                      ; 0                    ; Untyped                                ;
; CLOCK_ENABLE_INPUT_A               ; NORMAL               ; Untyped                                ;
; CLOCK_ENABLE_INPUT_B               ; NORMAL               ; Untyped                                ;
; CLOCK_ENABLE_OUTPUT_A              ; NORMAL               ; Untyped                                ;
; CLOCK_ENABLE_OUTPUT_B              ; NORMAL               ; Untyped                                ;
; CLOCK_ENABLE_CORE_A                ; USE_INPUT_CLKEN      ; Untyped                                ;
; CLOCK_ENABLE_CORE_B                ; USE_INPUT_CLKEN      ; Untyped                                ;
; ENABLE_ECC                         ; FALSE                ; Untyped                                ;
; ECC_PIPELINE_STAGE_ENABLED         ; FALSE                ; Untyped                                ;
; WIDTH_ECCSTATUS                    ; 3                    ; Untyped                                ;
; DEVICE_FAMILY                      ; Cyclone IV E         ; Untyped                                ;
; CBXI_PARAMETER                     ; altsyncram_1si1      ; Untyped                                ;
+------------------------------------+----------------------+----------------------------------------+
Note: In order to hide this table in the UI and the text report file, please set the "Show Parameter Settings in Synthesis Report" option in "Analysis and Synthesis Settings -> More Settings" to "Off".


+------------------------------------------------------------------------------------------------------+
; Parameter Settings for Inferred Entity Instance: hilbert_filter:u_hilbert|altsyncram:coef_rom_rtl_0  ;
+------------------------------------+------------------------------------------------+----------------+
; Parameter Name                     ; Value                                          ; Type           ;
+------------------------------------+------------------------------------------------+----------------+
; BYTE_SIZE_BLOCK                    ; 8                                              ; Untyped        ;
; AUTO_CARRY_CHAINS                  ; ON                                             ; AUTO_CARRY     ;
; IGNORE_CARRY_BUFFERS               ; OFF                                            ; IGNORE_CARRY   ;
; AUTO_CASCADE_CHAINS                ; ON                                             ; AUTO_CASCADE   ;
; IGNORE_CASCADE_BUFFERS             ; OFF                                            ; IGNORE_CASCADE ;
; WIDTH_BYTEENA                      ; 1                                              ; Untyped        ;
; OPERATION_MODE                     ; ROM                                            ; Untyped        ;
; WIDTH_A                            ; 17                                             ; Untyped        ;
; WIDTHAD_A                          ; 8                                              ; Untyped        ;
; NUMWORDS_A                         ; 256                                            ; Untyped        ;
; OUTDATA_REG_A                      ; UNREGISTERED                                   ; Untyped        ;
; ADDRESS_ACLR_A                     ; NONE                                           ; Untyped        ;
; OUTDATA_ACLR_A                     ; NONE                                           ; Untyped        ;
; WRCONTROL_ACLR_A                   ; NONE                                           ; Untyped        ;
; INDATA_ACLR_A                      ; NONE                                           ; Untyped        ;
; BYTEENA_ACLR_A                     ; NONE                                           ; Untyped        ;
; WIDTH_B                            ; 1                                              ; Untyped        ;
; WIDTHAD_B                          ; 1                                              ; Untyped        ;
; NUMWORDS_B                         ; 1                                              ; Untyped        ;
; INDATA_REG_B                       ; CLOCK1                                         ; Untyped        ;
; WRCONTROL_WRADDRESS_REG_B          ; CLOCK1                                         ; Untyped        ;
; RDCONTROL_REG_B                    ; CLOCK1                                         ; Untyped        ;
; ADDRESS_REG_B                      ; CLOCK1                                         ; Untyped        ;
; OUTDATA_REG_B                      ; UNREGISTERED                                   ; Untyped        ;
; BYTEENA_REG_B                      ; CLOCK1                                         ; Untyped        ;
; INDATA_ACLR_B                      ; NONE                                           ; Untyped        ;
; WRCONTROL_ACLR_B                   ; NONE                                           ; Untyped        ;
; ADDRESS_ACLR_B                     ; NONE                                           ; Untyped        ;
; OUTDATA_ACLR_B                     ; NONE                                           ; Untyped        ;
; RDCONTROL_ACLR_B                   ; NONE                                           ; Untyped        ;
; BYTEENA_ACLR_B                     ; NONE                                           ; Untyped        ;
; WIDTH_BYTEENA_A                    ; 1                                              ; Untyped        ;
; WIDTH_BYTEENA_B                    ; 1                                              ; Untyped        ;
; RAM_BLOCK_TYPE                     ; M9K                                            ; Untyped        ;
; BYTE_SIZE                          ; 8                                              ; Untyped        ;
; READ_DURING_WRITE_MODE_MIXED_PORTS ; DONT_CARE                                      ; Untyped        ;
; READ_DURING_WRITE_MODE_PORT_A      ; NEW_DATA_NO_NBE_READ                           ; Untyped        ;
; READ_DURING_WRITE_MODE_PORT_B      ; NEW_DATA_NO_NBE_READ                           ; Untyped        ;
; INIT_FILE                          ; db/HF_SDR.ram0_hilbert_filter_c6935fb5.hdl.mif ; Untyped        ;
; INIT_FILE_LAYOUT                   ; PORT_A                                         ; Untyped        ;
; MAXIMUM_DEPTH                      ; 0                                              ; Untyped        ;
; CLOCK_ENABLE_INPUT_A               ; NORMAL                                         ; Untyped        ;
; CLOCK_ENABLE_INPUT_B               ; NORMAL                                         ; Untyped        ;
; CLOCK_ENABLE_OUTPUT_A              ; NORMAL                                         ; Untyped        ;
; CLOCK_ENABLE_OUTPUT_B              ; NORMAL                                         ; Untyped        ;
; CLOCK_ENABLE_CORE_A                ; USE_INPUT_CLKEN                                ; Untyped        ;
; CLOCK_ENABLE_CORE_B                ; USE_INPUT_CLKEN                                ; Untyped        ;
; ENABLE_ECC                         ; FALSE                                          ; Untyped        ;
; ECC_PIPELINE_STAGE_ENABLED         ; FALSE                                          ; Untyped        ;
; WIDTH_ECCSTATUS                    ; 3                                              ; Untyped        ;
; DEVICE_FAMILY                      ; Cyclone IV E                                   ; Untyped        ;
; CBXI_PARAMETER                     ; altsyncram_ff91                                ; Untyped        ;
+------------------------------------+------------------------------------------------+----------------+
Note: In order to hide this table in the UI and the text report file, please set the "Show Parameter Settings in Synthesis Report" option in "Analysis and Synthesis Settings -> More Settings" to "Off".


+-------------------------------------------------------------------------------------------------+
; Parameter Settings for Inferred Entity Instance: multi_band_modulator:u_band_mod|lpm_mult:Mult3 ;
+------------------------------------------------+--------------+---------------------------------+
; Parameter Name                                 ; Value        ; Type                            ;
+------------------------------------------------+--------------+---------------------------------+
; AUTO_CARRY_CHAINS                              ; ON           ; AUTO_CARRY                      ;
; IGNORE_CARRY_BUFFERS                           ; OFF          ; IGNORE_CARRY                    ;
; AUTO_CASCADE_CHAINS                            ; ON           ; AUTO_CASCADE                    ;
; IGNORE_CASCADE_BUFFERS                         ; OFF          ; IGNORE_CASCADE                  ;
; LPM_WIDTHA                                     ; 14           ; Untyped                         ;
; LPM_WIDTHB                                     ; 14           ; Untyped                         ;
; LPM_WIDTHP                                     ; 28           ; Untyped                         ;
; LPM_WIDTHR                                     ; 28           ; Untyped                         ;
; LPM_WIDTHS                                     ; 1            ; Untyped                         ;
; LPM_REPRESENTATION                             ; SIGNED       ; Untyped                         ;
; LPM_PIPELINE                                   ; 0            ; Untyped                         ;
; LATENCY                                        ; 0            ; Untyped                         ;
; INPUT_A_IS_CONSTANT                            ; NO           ; Untyped                         ;
; INPUT_B_IS_CONSTANT                            ; NO           ; Untyped                         ;
; USE_EAB                                        ; OFF          ; Untyped                         ;
; MAXIMIZE_SPEED                                 ; 6            ; Untyped                         ;
; DEVICE_FAMILY                                  ; Cyclone IV E ; Untyped                         ;
; CARRY_CHAIN                                    ; MANUAL       ; Untyped                         ;
; APEX20K_TECHNOLOGY_MAPPER                      ; LUT          ; TECH_MAPPER_APEX20K             ;
; DEDICATED_MULTIPLIER_CIRCUITRY                 ; AUTO         ; Untyped                         ;
; DEDICATED_MULTIPLIER_MIN_INPUT_WIDTH_FOR_AUTO  ; 0            ; Untyped                         ;
; DEDICATED_MULTIPLIER_MIN_OUTPUT_WIDTH_FOR_AUTO ; 0            ; Untyped                         ;
; CBXI_PARAMETER                                 ; mult_56t     ; Untyped                         ;
; INPUT_A_FIXED_VALUE                            ; Bx           ; Untyped                         ;
; INPUT_B_FIXED_VALUE                            ; Bx           ; Untyped                         ;
; USE_AHDL_IMPLEMENTATION                        ; OFF          ; Untyped                         ;
+------------------------------------------------+--------------+---------------------------------+
Note: In order to hide this table in the UI and the text report file, please set the "Show Parameter Settings in Synthesis Report" option in "Analysis and Synthesis Settings -> More Settings" to "Off".


+-------------------------------------------------------------------------------------------------+
; Parameter Settings for Inferred Entity Instance: multi_band_modulator:u_band_mod|lpm_mult:Mult2 ;
+------------------------------------------------+--------------+---------------------------------+
; Parameter Name                                 ; Value        ; Type                            ;
+------------------------------------------------+--------------+---------------------------------+
; AUTO_CARRY_CHAINS                              ; ON           ; AUTO_CARRY                      ;
; IGNORE_CARRY_BUFFERS                           ; OFF          ; IGNORE_CARRY                    ;
; AUTO_CASCADE_CHAINS                            ; ON           ; AUTO_CASCADE                    ;
; IGNORE_CASCADE_BUFFERS                         ; OFF          ; IGNORE_CASCADE                  ;
; LPM_WIDTHA                                     ; 14           ; Untyped                         ;
; LPM_WIDTHB                                     ; 14           ; Untyped                         ;
; LPM_WIDTHP                                     ; 28           ; Untyped                         ;
; LPM_WIDTHR                                     ; 28           ; Untyped                         ;
; LPM_WIDTHS                                     ; 1            ; Untyped                         ;
; LPM_REPRESENTATION                             ; SIGNED       ; Untyped                         ;
; LPM_PIPELINE                                   ; 0            ; Untyped                         ;
; LATENCY                                        ; 0            ; Untyped                         ;
; INPUT_A_IS_CONSTANT                            ; NO           ; Untyped                         ;
; INPUT_B_IS_CONSTANT                            ; NO           ; Untyped                         ;
; USE_EAB                                        ; OFF          ; Untyped                         ;
; MAXIMIZE_SPEED                                 ; 6            ; Untyped                         ;
; DEVICE_FAMILY                                  ; Cyclone IV E ; Untyped                         ;
; CARRY_CHAIN                                    ; MANUAL       ; Untyped                         ;
; APEX20K_TECHNOLOGY_MAPPER                      ; LUT          ; TECH_MAPPER_APEX20K             ;
; DEDICATED_MULTIPLIER_CIRCUITRY                 ; AUTO         ; Untyped                         ;
; DEDICATED_MULTIPLIER_MIN_INPUT_WIDTH_FOR_AUTO  ; 0            ; Untyped                         ;
; DEDICATED_MULTIPLIER_MIN_OUTPUT_WIDTH_FOR_AUTO ; 0            ; Untyped                         ;
; CBXI_PARAMETER                                 ; mult_56t     ; Untyped                         ;
; INPUT_A_FIXED_VALUE                            ; Bx           ; Untyped                         ;
; INPUT_B_FIXED_VALUE                            ; Bx           ; Untyped                         ;
; USE_AHDL_IMPLEMENTATION                        ; OFF          ; Untyped                         ;
+------------------------------------------------+--------------+---------------------------------+
Note: In order to hide this table in the UI and the text report file, please set the "Show Parameter Settings in Synthesis Report" option in "Analysis and Synthesis Settings -> More Settings" to "Off".


+-------------------------------------------------------------------------------------------------+
; Parameter Settings for Inferred Entity Instance: multi_band_modulator:u_band_mod|lpm_mult:Mult0 ;
+------------------------------------------------+--------------+---------------------------------+
; Parameter Name                                 ; Value        ; Type                            ;
+------------------------------------------------+--------------+---------------------------------+
; AUTO_CARRY_CHAINS                              ; ON           ; AUTO_CARRY                      ;
; IGNORE_CARRY_BUFFERS                           ; OFF          ; IGNORE_CARRY                    ;
; AUTO_CASCADE_CHAINS                            ; ON           ; AUTO_CASCADE                    ;
; IGNORE_CASCADE_BUFFERS                         ; OFF          ; IGNORE_CASCADE                  ;
; LPM_WIDTHA                                     ; 14           ; Untyped                         ;
; LPM_WIDTHB                                     ; 14           ; Untyped                         ;
; LPM_WIDTHP                                     ; 28           ; Untyped                         ;
; LPM_WIDTHR                                     ; 28           ; Untyped                         ;
; LPM_WIDTHS                                     ; 1            ; Untyped                         ;
; LPM_REPRESENTATION                             ; SIGNED       ; Untyped                         ;
; LPM_PIPELINE                                   ; 0            ; Untyped                         ;
; LATENCY                                        ; 0            ; Untyped                         ;
; INPUT_A_IS_CONSTANT                            ; NO           ; Untyped                         ;
; INPUT_B_IS_CONSTANT                            ; NO           ; Untyped                         ;
; USE_EAB                                        ; OFF          ; Untyped                         ;
; MAXIMIZE_SPEED                                 ; 6            ; Untyped                         ;
; DEVICE_FAMILY                                  ; Cyclone IV E ; Untyped                         ;
; CARRY_CHAIN                                    ; MANUAL       ; Untyped                         ;
; APEX20K_TECHNOLOGY_MAPPER                      ; LUT          ; TECH_MAPPER_APEX20K             ;
; DEDICATED_MULTIPLIER_CIRCUITRY                 ; AUTO         ; Untyped                         ;
; DEDICATED_MULTIPLIER_MIN_INPUT_WIDTH_FOR_AUTO  ; 0            ; Untyped                         ;
; DEDICATED_MULTIPLIER_MIN_OUTPUT_WIDTH_FOR_AUTO ; 0            ; Untyped                         ;
; CBXI_PARAMETER                                 ; mult_56t     ; Untyped                         ;
; INPUT_A_FIXED_VALUE                            ; Bx           ; Untyped                         ;
; INPUT_B_FIXED_VALUE                            ; Bx           ; Untyped                         ;
; USE_AHDL_IMPLEMENTATION                        ; OFF          ; Untyped                         ;
+------------------------------------------------+--------------+---------------------------------+
Note: In order to hide this table in the UI and the text report file, please set the "Show Parameter Settings in Synthesis Report" option in "Analysis and Synthesis Settings -> More Settings" to "Off".


+-------------------------------------------------------------------------------------------------+
; Parameter Settings for Inferred Entity Instance: multi_band_modulator:u_band_mod|lpm_mult:Mult1 ;
+------------------------------------------------+--------------+---------------------------------+
; Parameter Name                                 ; Value        ; Type                            ;
+------------------------------------------------+--------------+---------------------------------+
; AUTO_CARRY_CHAINS                              ; ON           ; AUTO_CARRY                      ;
; IGNORE_CARRY_BUFFERS                           ; OFF          ; IGNORE_CARRY                    ;
; AUTO_CASCADE_CHAINS                            ; ON           ; AUTO_CASCADE                    ;
; IGNORE_CASCADE_BUFFERS                         ; OFF          ; IGNORE_CASCADE                  ;
; LPM_WIDTHA                                     ; 14           ; Untyped                         ;
; LPM_WIDTHB                                     ; 14           ; Untyped                         ;
; LPM_WIDTHP                                     ; 28           ; Untyped                         ;
; LPM_WIDTHR                                     ; 28           ; Untyped                         ;
; LPM_WIDTHS                                     ; 1            ; Untyped                         ;
; LPM_REPRESENTATION                             ; SIGNED       ; Untyped                         ;
; LPM_PIPELINE                                   ; 0            ; Untyped                         ;
; LATENCY                                        ; 0            ; Untyped                         ;
; INPUT_A_IS_CONSTANT                            ; NO           ; Untyped                         ;
; INPUT_B_IS_CONSTANT                            ; NO           ; Untyped                         ;
; USE_EAB                                        ; OFF          ; Untyped                         ;
; MAXIMIZE_SPEED                                 ; 6            ; Untyped                         ;
; DEVICE_FAMILY                                  ; Cyclone IV E ; Untyped                         ;
; CARRY_CHAIN                                    ; MANUAL       ; Untyped                         ;
; APEX20K_TECHNOLOGY_MAPPER                      ; LUT          ; TECH_MAPPER_APEX20K             ;
; DEDICATED_MULTIPLIER_CIRCUITRY                 ; AUTO         ; Untyped                         ;
; DEDICATED_MULTIPLIER_MIN_INPUT_WIDTH_FOR_AUTO  ; 0            ; Untyped                         ;
; DEDICATED_MULTIPLIER_MIN_OUTPUT_WIDTH_FOR_AUTO ; 0            ; Untyped                         ;
; CBXI_PARAMETER                                 ; mult_56t     ; Untyped                         ;
; INPUT_A_FIXED_VALUE                            ; Bx           ; Untyped                         ;
; INPUT_B_FIXED_VALUE                            ; Bx           ; Untyped                         ;
; USE_AHDL_IMPLEMENTATION                        ; OFF          ; Untyped                         ;
+------------------------------------------------+--------------+---------------------------------+
Note: In order to hide this table in the UI and the text report file, please set the "Show Parameter Settings in Synthesis Report" option in "Analysis and Synthesis Settings -> More Settings" to "Off".


+------------------------------------------------------------------------------------------+
; Parameter Settings for Inferred Entity Instance: hilbert_filter:u_hilbert|lpm_mult:Mult0 ;
+------------------------------------------------+--------------+--------------------------+
; Parameter Name                                 ; Value        ; Type                     ;
+------------------------------------------------+--------------+--------------------------+
; AUTO_CARRY_CHAINS                              ; ON           ; AUTO_CARRY               ;
; IGNORE_CARRY_BUFFERS                           ; OFF          ; IGNORE_CARRY             ;
; AUTO_CASCADE_CHAINS                            ; ON           ; AUTO_CASCADE             ;
; IGNORE_CASCADE_BUFFERS                         ; OFF          ; IGNORE_CASCADE           ;
; LPM_WIDTHA                                     ; 14           ; Untyped                  ;
; LPM_WIDTHB                                     ; 17           ; Untyped                  ;
; LPM_WIDTHP                                     ; 31           ; Untyped                  ;
; LPM_WIDTHR                                     ; 31           ; Untyped                  ;
; LPM_WIDTHS                                     ; 1            ; Untyped                  ;
; LPM_REPRESENTATION                             ; SIGNED       ; Untyped                  ;
; LPM_PIPELINE                                   ; 0            ; Untyped                  ;
; LATENCY                                        ; 0            ; Untyped                  ;
; INPUT_A_IS_CONSTANT                            ; NO           ; Untyped                  ;
; INPUT_B_IS_CONSTANT                            ; NO           ; Untyped                  ;
; USE_EAB                                        ; OFF          ; Untyped                  ;
; MAXIMIZE_SPEED                                 ; 5            ; Untyped                  ;
; DEVICE_FAMILY                                  ; Cyclone IV E ; Untyped                  ;
; CARRY_CHAIN                                    ; MANUAL       ; Untyped                  ;
; APEX20K_TECHNOLOGY_MAPPER                      ; LUT          ; TECH_MAPPER_APEX20K      ;
; DEDICATED_MULTIPLIER_CIRCUITRY                 ; AUTO         ; Untyped                  ;
; DEDICATED_MULTIPLIER_MIN_INPUT_WIDTH_FOR_AUTO  ; 0            ; Untyped                  ;
; DEDICATED_MULTIPLIER_MIN_OUTPUT_WIDTH_FOR_AUTO ; 0            ; Untyped                  ;
; CBXI_PARAMETER                                 ; mult_16t     ; Untyped                  ;
; INPUT_A_FIXED_VALUE                            ; Bx           ; Untyped                  ;
; INPUT_B_FIXED_VALUE                            ; Bx           ; Untyped                  ;
; USE_AHDL_IMPLEMENTATION                        ; OFF          ; Untyped                  ;
+------------------------------------------------+--------------+--------------------------+
Note: In order to hide this table in the UI and the text report file, please set the "Show Parameter Settings in Synthesis Report" option in "Analysis and Synthesis Settings -> More Settings" to "Off".


+-----------------------------------------------------------------------+
; altpll Parameter Settings by Entity Instance                          ;
+-------------------------------+---------------------------------------+
; Name                          ; Value                                 ;
+-------------------------------+---------------------------------------+
; Number of entity instances    ; 1                                     ;
; Entity Instance               ; sys_pll:u_pll|altpll:altpll_component ;
;     -- OPERATION_MODE         ; NORMAL                                ;
;     -- PLL_TYPE               ; AUTO                                  ;
;     -- PRIMARY_CLOCK          ; INCLK0                                ;
;     -- INCLK0_INPUT_FREQUENCY ; 20000                                 ;
;     -- INCLK1_INPUT_FREQUENCY ; 0                                     ;
;     -- VCO_MULTIPLY_BY        ; 0                                     ;
;     -- VCO_DIVIDE_BY          ; 0                                     ;
+-------------------------------+---------------------------------------+


+----------------------------------------------------------------------------------------------------------------------------------+
; altsyncram Parameter Settings by Entity Instance                                                                                 ;
+-------------------------------------------+--------------------------------------------------------------------------------------+
; Name                                      ; Value                                                                                ;
+-------------------------------------------+--------------------------------------------------------------------------------------+
; Number of entity instances                ; 6                                                                                    ;
; Entity Instance                           ; multi_band_modulator:u_band_mod|sine_rom:rom_inst_iA|altsyncram:altsyncram_component ;
;     -- OPERATION_MODE                     ; ROM                                                                                  ;
;     -- WIDTH_A                            ; 14                                                                                   ;
;     -- NUMWORDS_A                         ; 1024                                                                                 ;
;     -- OUTDATA_REG_A                      ; UNREGISTERED                                                                         ;
;     -- WIDTH_B                            ; 1                                                                                    ;
;     -- NUMWORDS_B                         ; 1                                                                                    ;
;     -- ADDRESS_REG_B                      ; CLOCK1                                                                               ;
;     -- OUTDATA_REG_B                      ; UNREGISTERED                                                                         ;
;     -- RAM_BLOCK_TYPE                     ; M9K                                                                                  ;
;     -- READ_DURING_WRITE_MODE_MIXED_PORTS ; DONT_CARE                                                                            ;
; Entity Instance                           ; multi_band_modulator:u_band_mod|sine_rom:rom_inst_qA|altsyncram:altsyncram_component ;
;     -- OPERATION_MODE                     ; ROM                                                                                  ;
;     -- WIDTH_A                            ; 14                                                                                   ;
;     -- NUMWORDS_A                         ; 1024                                                                                 ;
;     -- OUTDATA_REG_A                      ; UNREGISTERED                                                                         ;
;     -- WIDTH_B                            ; 1                                                                                    ;
;     -- NUMWORDS_B                         ; 1                                                                                    ;
;     -- ADDRESS_REG_B                      ; CLOCK1                                                                               ;
;     -- OUTDATA_REG_B                      ; UNREGISTERED                                                                         ;
;     -- RAM_BLOCK_TYPE                     ; M9K                                                                                  ;
;     -- READ_DURING_WRITE_MODE_MIXED_PORTS ; DONT_CARE                                                                            ;
; Entity Instance                           ; multi_band_modulator:u_band_mod|sine_rom:rom_inst_iB|altsyncram:altsyncram_component ;
;     -- OPERATION_MODE                     ; ROM                                                                                  ;
;     -- WIDTH_A                            ; 14                                                                                   ;
;     -- NUMWORDS_A                         ; 1024                                                                                 ;
;     -- OUTDATA_REG_A                      ; UNREGISTERED                                                                         ;
;     -- WIDTH_B                            ; 1                                                                                    ;
;     -- NUMWORDS_B                         ; 1                                                                                    ;
;     -- ADDRESS_REG_B                      ; CLOCK1                                                                               ;
;     -- OUTDATA_REG_B                      ; UNREGISTERED                                                                         ;
;     -- RAM_BLOCK_TYPE                     ; M9K                                                                                  ;
;     -- READ_DURING_WRITE_MODE_MIXED_PORTS ; DONT_CARE                                                                            ;
; Entity Instance                           ; multi_band_modulator:u_band_mod|sine_rom:rom_inst_qB|altsyncram:altsyncram_component ;
;     -- OPERATION_MODE                     ; ROM                                                                                  ;
;     -- WIDTH_A                            ; 14                                                                                   ;
;     -- NUMWORDS_A                         ; 1024                                                                                 ;
;     -- OUTDATA_REG_A                      ; UNREGISTERED                                                                         ;
;     -- WIDTH_B                            ; 1                                                                                    ;
;     -- NUMWORDS_B                         ; 1                                                                                    ;
;     -- ADDRESS_REG_B                      ; CLOCK1                                                                               ;
;     -- OUTDATA_REG_B                      ; UNREGISTERED                                                                         ;
;     -- RAM_BLOCK_TYPE                     ; M9K                                                                                  ;
;     -- READ_DURING_WRITE_MODE_MIXED_PORTS ; DONT_CARE                                                                            ;
; Entity Instance                           ; hilbert_filter:u_hilbert|altsyncram:history_rtl_0                                    ;
;     -- OPERATION_MODE                     ; DUAL_PORT                                                                            ;
;     -- WIDTH_A                            ; 14                                                                                   ;
;     -- NUMWORDS_A                         ; 256                                                                                  ;
;     -- OUTDATA_REG_A                      ; UNREGISTERED                                                                         ;
;     -- WIDTH_B                            ; 14                                                                                   ;
;     -- NUMWORDS_B                         ; 256                                                                                  ;
;     -- ADDRESS_REG_B                      ; CLOCK0                                                                               ;
;     -- OUTDATA_REG_B                      ; UNREGISTERED                                                                         ;
;     -- RAM_BLOCK_TYPE                     ; M9K                                                                                  ;
;     -- READ_DURING_WRITE_MODE_MIXED_PORTS ; OLD_DATA                                                                             ;
; Entity Instance                           ; hilbert_filter:u_hilbert|altsyncram:coef_rom_rtl_0                                   ;
;     -- OPERATION_MODE                     ; ROM                                                                                  ;
;     -- WIDTH_A                            ; 17                                                                                   ;
;     -- NUMWORDS_A                         ; 256                                                                                  ;
;     -- OUTDATA_REG_A                      ; UNREGISTERED                                                                         ;
;     -- WIDTH_B                            ; 1                                                                                    ;
;     -- NUMWORDS_B                         ; 1                                                                                    ;
;     -- ADDRESS_REG_B                      ; CLOCK1                                                                               ;
;     -- OUTDATA_REG_B                      ; UNREGISTERED                                                                         ;
;     -- RAM_BLOCK_TYPE                     ; M9K                                                                                  ;
;     -- READ_DURING_WRITE_MODE_MIXED_PORTS ; DONT_CARE                                                                            ;
+-------------------------------------------+--------------------------------------------------------------------------------------+


+----------------------------------------------------------------------------------------+
; lpm_mult Parameter Settings by Entity Instance                                         ;
+---------------------------------------+------------------------------------------------+
; Name                                  ; Value                                          ;
+---------------------------------------+------------------------------------------------+
; Number of entity instances            ; 5                                              ;
; Entity Instance                       ; multi_band_modulator:u_band_mod|lpm_mult:Mult3 ;
;     -- LPM_WIDTHA                     ; 14                                             ;
;     -- LPM_WIDTHB                     ; 14                                             ;
;     -- LPM_WIDTHP                     ; 28                                             ;
;     -- LPM_REPRESENTATION             ; SIGNED                                         ;
;     -- INPUT_A_IS_CONSTANT            ; NO                                             ;
;     -- INPUT_B_IS_CONSTANT            ; NO                                             ;
;     -- USE_EAB                        ; OFF                                            ;
;     -- DEDICATED_MULTIPLIER_CIRCUITRY ; AUTO                                           ;
;     -- INPUT_A_FIXED_VALUE            ; Bx                                             ;
;     -- INPUT_B_FIXED_VALUE            ; Bx                                             ;
; Entity Instance                       ; multi_band_modulator:u_band_mod|lpm_mult:Mult2 ;
;     -- LPM_WIDTHA                     ; 14                                             ;
;     -- LPM_WIDTHB                     ; 14                                             ;
;     -- LPM_WIDTHP                     ; 28                                             ;
;     -- LPM_REPRESENTATION             ; SIGNED                                         ;
;     -- INPUT_A_IS_CONSTANT            ; NO                                             ;
;     -- INPUT_B_IS_CONSTANT            ; NO                                             ;
;     -- USE_EAB                        ; OFF                                            ;
;     -- DEDICATED_MULTIPLIER_CIRCUITRY ; AUTO                                           ;
;     -- INPUT_A_FIXED_VALUE            ; Bx                                             ;
;     -- INPUT_B_FIXED_VALUE            ; Bx                                             ;
; Entity Instance                       ; multi_band_modulator:u_band_mod|lpm_mult:Mult0 ;
;     -- LPM_WIDTHA                     ; 14                                             ;
;     -- LPM_WIDTHB                     ; 14                                             ;
;     -- LPM_WIDTHP                     ; 28                                             ;
;     -- LPM_REPRESENTATION             ; SIGNED                                         ;
;     -- INPUT_A_IS_CONSTANT            ; NO                                             ;
;     -- INPUT_B_IS_CONSTANT            ; NO                                             ;
;     -- USE_EAB                        ; OFF                                            ;
;     -- DEDICATED_MULTIPLIER_CIRCUITRY ; AUTO                                           ;
;     -- INPUT_A_FIXED_VALUE            ; Bx                                             ;
;     -- INPUT_B_FIXED_VALUE            ; Bx                                             ;
; Entity Instance                       ; multi_band_modulator:u_band_mod|lpm_mult:Mult1 ;
;     -- LPM_WIDTHA                     ; 14                                             ;
;     -- LPM_WIDTHB                     ; 14                                             ;
;     -- LPM_WIDTHP                     ; 28                                             ;
;     -- LPM_REPRESENTATION             ; SIGNED                                         ;
;     -- INPUT_A_IS_CONSTANT            ; NO                                             ;
;     -- INPUT_B_IS_CONSTANT            ; NO                                             ;
;     -- USE_EAB                        ; OFF                                            ;
;     -- DEDICATED_MULTIPLIER_CIRCUITRY ; AUTO                                           ;
;     -- INPUT_A_FIXED_VALUE            ; Bx                                             ;
;     -- INPUT_B_FIXED_VALUE            ; Bx                                             ;
; Entity Instance                       ; hilbert_filter:u_hilbert|lpm_mult:Mult0        ;
;     -- LPM_WIDTHA                     ; 14                                             ;
;     -- LPM_WIDTHB                     ; 17                                             ;
;     -- LPM_WIDTHP                     ; 31                                             ;
;     -- LPM_REPRESENTATION             ; SIGNED                                         ;
;     -- INPUT_A_IS_CONSTANT            ; NO                                             ;
;     -- INPUT_B_IS_CONSTANT            ; NO                                             ;
;     -- USE_EAB                        ; OFF                                            ;
;     -- DEDICATED_MULTIPLIER_CIRCUITRY ; AUTO                                           ;
;     -- INPUT_A_FIXED_VALUE            ; Bx                                             ;
;     -- INPUT_B_FIXED_VALUE            ; Bx                                             ;
+---------------------------------------+------------------------------------------------+


+-------------------------------------------------------------+
; Port Connectivity Checks: "multi_band_modulator:u_band_mod" ;
+----------+-------+----------+-------------------------------+
; Port     ; Type  ; Severity ; Details                       ;
+----------+-------+----------+-------------------------------+
; sideband ; Input ; Info     ; Stuck at GND                  ;
+----------+-------+----------+-------------------------------+


+------------------------------------------------------------------------------------------------------------------+
; Port Connectivity Checks: "sys_pll:u_pll"                                                                        ;
+--------+--------+----------+-------------------------------------------------------------------------------------+
; Port   ; Type   ; Severity ; Details                                                                             ;
+--------+--------+----------+-------------------------------------------------------------------------------------+
; areset ; Input  ; Info     ; Stuck at GND                                                                        ;
; locked ; Output ; Info     ; Connected to dangling logic. Logic that only feeds a dangling port will be removed. ;
+--------+--------+----------+-------------------------------------------------------------------------------------+


+-------------------------------+
; Elapsed Time Per Partition    ;
+----------------+--------------+
; Partition Name ; Elapsed Time ;
+----------------+--------------+
; Top            ; 00:00:04     ;
+----------------+--------------+


+-------------------------------+
; Analysis & Synthesis Messages ;
+-------------------------------+
Info: *******************************************************************
Info: Running Quartus II 64-Bit Analysis & Synthesis
    Info: Version 13.1.0 Build 162 10/23/2013 SJ Web Edition
    Info: Processing started: Fri Mar 20 01:16:28 2026
Info: Command: quartus_map --read_settings_files=on --write_settings_files=off HF_SDR -c HF_SDR
Info (11104): Parallel Compilation has detected 48 hyper-threaded processors. However, the extra hyper-threaded processors will not be used by default. Parallel Compilation will use 16 of the 16 physical processors detected instead.
Info (12021): Found 1 design units, including 1 entities, in source file sys_pll.v
    Info (12023): Found entity 1: sys_pll
Info (12021): Found 2 design units, including 1 entities, in source file dac_ddio.vhd
    Info (12022): Found design unit 1: dac_ddio-SYN
    Info (12023): Found entity 1: dac_ddio
Warning (10259): Verilog HDL error at HF_SDR.v(287): constant value overflow
Info (12021): Found 6 design units, including 6 entities, in source file hf_sdr.v
    Info (12023): Found entity 1: HF_SDR
    Info (12023): Found entity 2: i2s_rx
    Info (12023): Found entity 3: tx_audio_proc
    Info (12023): Found entity 4: hilbert_filter
    Info (12023): Found entity 5: cic_interpolator
    Info (12023): Found entity 6: multi_band_modulator
Info (12021): Found 1 design units, including 1 entities, in source file sine_rom.v
    Info (12023): Found entity 1: sine_rom
Info (12127): Elaborating entity "HF_SDR" for the top level hierarchy
Info (12128): Elaborating entity "sys_pll" for hierarchy "sys_pll:u_pll"
Info (12128): Elaborating entity "altpll" for hierarchy "sys_pll:u_pll|altpll:altpll_component"
Info (12130): Elaborated megafunction instantiation "sys_pll:u_pll|altpll:altpll_component"
Info (12133): Instantiated megafunction "sys_pll:u_pll|altpll:altpll_component" with the following parameter:
    Info (12134): Parameter "bandwidth_type" = "AUTO"
    Info (12134): Parameter "clk0_divide_by" = "1"
    Info (12134): Parameter "clk0_duty_cycle" = "50"
    Info (12134): Parameter "clk0_multiply_by" = "2"
    Info (12134): Parameter "clk0_phase_shift" = "0"
    Info (12134): Parameter "clk1_divide_by" = "1"
    Info (12134): Parameter "clk1_duty_cycle" = "50"
    Info (12134): Parameter "clk1_multiply_by" = "4"
    Info (12134): Parameter "clk1_phase_shift" = "2500"
    Info (12134): Parameter "compensate_clock" = "CLK0"
    Info (12134): Parameter "inclk0_input_frequency" = "20000"
    Info (12134): Parameter "intended_device_family" = "Cyclone IV E"
    Info (12134): Parameter "lpm_hint" = "CBX_MODULE_PREFIX=sys_pll"
    Info (12134): Parameter "lpm_type" = "altpll"
    Info (12134): Parameter "operation_mode" = "NORMAL"
    Info (12134): Parameter "pll_type" = "AUTO"
    Info (12134): Parameter "port_activeclock" = "PORT_UNUSED"
    Info (12134): Parameter "port_areset" = "PORT_USED"
    Info (12134): Parameter "port_clkbad0" = "PORT_UNUSED"
    Info (12134): Parameter "port_clkbad1" = "PORT_UNUSED"
    Info (12134): Parameter "port_clkloss" = "PORT_UNUSED"
    Info (12134): Parameter "port_clkswitch" = "PORT_UNUSED"
    Info (12134): Parameter "port_configupdate" = "PORT_UNUSED"
    Info (12134): Parameter "port_fbin" = "PORT_UNUSED"
    Info (12134): Parameter "port_inclk0" = "PORT_USED"
    Info (12134): Parameter "port_inclk1" = "PORT_UNUSED"
    Info (12134): Parameter "port_locked" = "PORT_USED"
    Info (12134): Parameter "port_pfdena" = "PORT_UNUSED"
    Info (12134): Parameter "port_phasecounterselect" = "PORT_UNUSED"
    Info (12134): Parameter "port_phasedone" = "PORT_UNUSED"
    Info (12134): Parameter "port_phasestep" = "PORT_UNUSED"
    Info (12134): Parameter "port_phaseupdown" = "PORT_UNUSED"
    Info (12134): Parameter "port_pllena" = "PORT_UNUSED"
    Info (12134): Parameter "port_scanaclr" = "PORT_UNUSED"
    Info (12134): Parameter "port_scanclk" = "PORT_UNUSED"
    Info (12134): Parameter "port_scanclkena" = "PORT_UNUSED"
    Info (12134): Parameter "port_scandata" = "PORT_UNUSED"
    Info (12134): Parameter "port_scandataout" = "PORT_UNUSED"
    Info (12134): Parameter "port_scandone" = "PORT_UNUSED"
    Info (12134): Parameter "port_scanread" = "PORT_UNUSED"
    Info (12134): Parameter "port_scanwrite" = "PORT_UNUSED"
    Info (12134): Parameter "port_clk0" = "PORT_USED"
    Info (12134): Parameter "port_clk1" = "PORT_USED"
    Info (12134): Parameter "port_clk2" = "PORT_UNUSED"
    Info (12134): Parameter "port_clk3" = "PORT_UNUSED"
    Info (12134): Parameter "port_clk4" = "PORT_UNUSED"
    Info (12134): Parameter "port_clk5" = "PORT_UNUSED"
    Info (12134): Parameter "port_clkena0" = "PORT_UNUSED"
    Info (12134): Parameter "port_clkena1" = "PORT_UNUSED"
    Info (12134): Parameter "port_clkena2" = "PORT_UNUSED"
    Info (12134): Parameter "port_clkena3" = "PORT_UNUSED"
    Info (12134): Parameter "port_clkena4" = "PORT_UNUSED"
    Info (12134): Parameter "port_clkena5" = "PORT_UNUSED"
    Info (12134): Parameter "port_extclk0" = "PORT_UNUSED"
    Info (12134): Parameter "port_extclk1" = "PORT_UNUSED"
    Info (12134): Parameter "port_extclk2" = "PORT_UNUSED"
    Info (12134): Parameter "port_extclk3" = "PORT_UNUSED"
    Info (12134): Parameter "self_reset_on_loss_lock" = "OFF"
    Info (12134): Parameter "width_clock" = "5"
Info (12021): Found 1 design units, including 1 entities, in source file db/sys_pll_altpll.v
    Info (12023): Found entity 1: sys_pll_altpll
Info (12128): Elaborating entity "sys_pll_altpll" for hierarchy "sys_pll:u_pll|altpll:altpll_component|sys_pll_altpll:auto_generated"
Info (12128): Elaborating entity "i2s_rx" for hierarchy "i2s_rx:u_i2s_rx"
Warning (10230): Verilog HDL assignment warning at HF_SDR.v(228): truncated value with size 40 to match size of target (24)
Info (12128): Elaborating entity "tx_audio_proc" for hierarchy "tx_audio_proc:u_tx_audio_proc"
Info (12128): Elaborating entity "hilbert_filter" for hierarchy "hilbert_filter:u_hilbert"
Warning (10230): Verilog HDL assignment warning at HF_SDR.v(409): truncated value with size 32 to match size of target (17)
Warning (10030): Net "coef_rom.data_a" at HF_SDR.v(404) has no driver or initial value, using a default initial value '0'
Warning (10030): Net "coef_rom.waddr_a" at HF_SDR.v(404) has no driver or initial value, using a default initial value '0'
Warning (10030): Net "coef_rom.we_a" at HF_SDR.v(404) has no driver or initial value, using a default initial value '0'
Info (12128): Elaborating entity "cic_interpolator" for hierarchy "cic_interpolator:u_cic_i"
Info (12128): Elaborating entity "multi_band_modulator" for hierarchy "multi_band_modulator:u_band_mod"
Info (12128): Elaborating entity "sine_rom" for hierarchy "multi_band_modulator:u_band_mod|sine_rom:rom_inst_iA"
Info (12128): Elaborating entity "altsyncram" for hierarchy "multi_band_modulator:u_band_mod|sine_rom:rom_inst_iA|altsyncram:altsyncram_component"
Info (12130): Elaborated megafunction instantiation "multi_band_modulator:u_band_mod|sine_rom:rom_inst_iA|altsyncram:altsyncram_component"
Info (12133): Instantiated megafunction "multi_band_modulator:u_band_mod|sine_rom:rom_inst_iA|altsyncram:altsyncram_component" with the following parameter:
    Info (12134): Parameter "address_aclr_a" = "NONE"
    Info (12134): Parameter "clock_enable_input_a" = "BYPASS"
    Info (12134): Parameter "clock_enable_output_a" = "BYPASS"
    Info (12134): Parameter "init_file" = "sine_quarter.mif"
    Info (12134): Parameter "intended_device_family" = "Cyclone IV E"
    Info (12134): Parameter "lpm_hint" = "ENABLE_RUNTIME_MOD=NO"
    Info (12134): Parameter "lpm_type" = "altsyncram"
    Info (12134): Parameter "numwords_a" = "1024"
    Info (12134): Parameter "operation_mode" = "ROM"
    Info (12134): Parameter "outdata_aclr_a" = "NONE"
    Info (12134): Parameter "outdata_reg_a" = "UNREGISTERED"
    Info (12134): Parameter "ram_block_type" = "M9K"
    Info (12134): Parameter "widthad_a" = "10"
    Info (12134): Parameter "width_a" = "14"
    Info (12134): Parameter "width_byteena_a" = "1"
Info (12021): Found 1 design units, including 1 entities, in source file db/altsyncram_4jc1.tdf
    Info (12023): Found entity 1: altsyncram_4jc1
Info (12128): Elaborating entity "altsyncram_4jc1" for hierarchy "multi_band_modulator:u_band_mod|sine_rom:rom_inst_iA|altsyncram:altsyncram_component|altsyncram_4jc1:auto_generated"
Info (12128): Elaborating entity "dac_ddio" for hierarchy "dac_ddio:u_ddio"
Info (12128): Elaborating entity "altddio_out" for hierarchy "dac_ddio:u_ddio|altddio_out:ALTDDIO_OUT_component"
Info (12130): Elaborated megafunction instantiation "dac_ddio:u_ddio|altddio_out:ALTDDIO_OUT_component"
Info (12133): Instantiated megafunction "dac_ddio:u_ddio|altddio_out:ALTDDIO_OUT_component" with the following parameter:
    Info (12134): Parameter "intended_device_family" = "Cyclone IV E"
    Info (12134): Parameter "extend_oe_disable" = "OFF"
    Info (12134): Parameter "invert_output" = "OFF"
    Info (12134): Parameter "oe_reg" = "UNREGISTERED"
    Info (12134): Parameter "power_up_high" = "OFF"
    Info (12134): Parameter "width" = "14"
    Info (12134): Parameter "lpm_hint" = "UNUSED"
    Info (12134): Parameter "lpm_type" = "altddio_out"
Info (12021): Found 1 design units, including 1 entities, in source file db/ddio_out_dbj.tdf
    Info (12023): Found entity 1: ddio_out_dbj
Info (12128): Elaborating entity "ddio_out_dbj" for hierarchy "dac_ddio:u_ddio|altddio_out:ALTDDIO_OUT_component|ddio_out_dbj:auto_generated"
Info (19000): Inferred 2 megafunctions from design logic
    Info (276029): Inferred altsyncram megafunction from the following design logic: "hilbert_filter:u_hilbert|history_rtl_0" 
        Info (286033): Parameter OPERATION_MODE set to DUAL_PORT
        Info (286033): Parameter WIDTH_A set to 14
        Info (286033): Parameter WIDTHAD_A set to 8
        Info (286033): Parameter NUMWORDS_A set to 256
        Info (286033): Parameter WIDTH_B set to 14
        Info (286033): Parameter WIDTHAD_B set to 8
        Info (286033): Parameter NUMWORDS_B set to 256
        Info (286033): Parameter ADDRESS_ACLR_A set to NONE
        Info (286033): Parameter OUTDATA_REG_B set to UNREGISTERED
        Info (286033): Parameter ADDRESS_ACLR_B set to NONE
        Info (286033): Parameter OUTDATA_ACLR_B set to NONE
        Info (286033): Parameter ADDRESS_REG_B set to CLOCK0
        Info (286033): Parameter INDATA_ACLR_A set to NONE
        Info (286033): Parameter WRCONTROL_ACLR_A set to NONE
        Info (286033): Parameter RAM_BLOCK_TYPE set to M9K
        Info (286033): Parameter READ_DURING_WRITE_MODE_MIXED_PORTS set to OLD_DATA
    Info (276029): Inferred altsyncram megafunction from the following design logic: "hilbert_filter:u_hilbert|coef_rom_rtl_0" 
        Info (286033): Parameter OPERATION_MODE set to ROM
        Info (286033): Parameter WIDTH_A set to 17
        Info (286033): Parameter WIDTHAD_A set to 8
        Info (286033): Parameter NUMWORDS_A set to 256
        Info (286033): Parameter OUTDATA_REG_A set to UNREGISTERED
        Info (286033): Parameter ADDRESS_ACLR_A set to NONE
        Info (286033): Parameter OUTDATA_ACLR_A set to NONE
        Info (286033): Parameter INDATA_ACLR_A set to NONE
        Info (286033): Parameter WRCONTROL_ACLR_A set to NONE
        Info (286033): Parameter RAM_BLOCK_TYPE set to M9K
        Info (286033): Parameter INIT_FILE set to db/HF_SDR.ram0_hilbert_filter_c6935fb5.hdl.mif
Info (278001): Inferred 5 megafunctions from design logic
    Info (278003): Inferred multiplier megafunction ("lpm_mult") from the following logic: "multi_band_modulator:u_band_mod|Mult3"
    Info (278003): Inferred multiplier megafunction ("lpm_mult") from the following logic: "multi_band_modulator:u_band_mod|Mult2"
    Info (278003): Inferred multiplier megafunction ("lpm_mult") from the following logic: "multi_band_modulator:u_band_mod|Mult0"
    Info (278003): Inferred multiplier megafunction ("lpm_mult") from the following logic: "multi_band_modulator:u_band_mod|Mult1"
    Info (278003): Inferred multiplier megafunction ("lpm_mult") from the following logic: "hilbert_filter:u_hilbert|Mult0"
Info (12130): Elaborated megafunction instantiation "hilbert_filter:u_hilbert|altsyncram:history_rtl_0"
Info (12133): Instantiated megafunction "hilbert_filter:u_hilbert|altsyncram:history_rtl_0" with the following parameter:
    Info (12134): Parameter "OPERATION_MODE" = "DUAL_PORT"
    Info (12134): Parameter "WIDTH_A" = "14"
    Info (12134): Parameter "WIDTHAD_A" = "8"
    Info (12134): Parameter "NUMWORDS_A" = "256"
    Info (12134): Parameter "WIDTH_B" = "14"
    Info (12134): Parameter "WIDTHAD_B" = "8"
    Info (12134): Parameter "NUMWORDS_B" = "256"
    Info (12134): Parameter "ADDRESS_ACLR_A" = "NONE"
    Info (12134): Parameter "OUTDATA_REG_B" = "UNREGISTERED"
    Info (12134): Parameter "ADDRESS_ACLR_B" = "NONE"
    Info (12134): Parameter "OUTDATA_ACLR_B" = "NONE"
    Info (12134): Parameter "ADDRESS_REG_B" = "CLOCK0"
    Info (12134): Parameter "INDATA_ACLR_A" = "NONE"
    Info (12134): Parameter "WRCONTROL_ACLR_A" = "NONE"
    Info (12134): Parameter "RAM_BLOCK_TYPE" = "M9K"
    Info (12134): Parameter "READ_DURING_WRITE_MODE_MIXED_PORTS" = "OLD_DATA"
Info (12021): Found 1 design units, including 1 entities, in source file db/altsyncram_1si1.tdf
    Info (12023): Found entity 1: altsyncram_1si1
Info (12130): Elaborated megafunction instantiation "hilbert_filter:u_hilbert|altsyncram:coef_rom_rtl_0"
Info (12133): Instantiated megafunction "hilbert_filter:u_hilbert|altsyncram:coef_rom_rtl_0" with the following parameter:
    Info (12134): Parameter "OPERATION_MODE" = "ROM"
    Info (12134): Parameter "WIDTH_A" = "17"
    Info (12134): Parameter "WIDTHAD_A" = "8"
    Info (12134): Parameter "NUMWORDS_A" = "256"
    Info (12134): Parameter "OUTDATA_REG_A" = "UNREGISTERED"
    Info (12134): Parameter "ADDRESS_ACLR_A" = "NONE"
    Info (12134): Parameter "OUTDATA_ACLR_A" = "NONE"
    Info (12134): Parameter "INDATA_ACLR_A" = "NONE"
    Info (12134): Parameter "WRCONTROL_ACLR_A" = "NONE"
    Info (12134): Parameter "RAM_BLOCK_TYPE" = "M9K"
    Info (12134): Parameter "INIT_FILE" = "db/HF_SDR.ram0_hilbert_filter_c6935fb5.hdl.mif"
Info (12021): Found 1 design units, including 1 entities, in source file db/altsyncram_ff91.tdf
    Info (12023): Found entity 1: altsyncram_ff91
Info (12130): Elaborated megafunction instantiation "multi_band_modulator:u_band_mod|lpm_mult:Mult3"
Info (12133): Instantiated megafunction "multi_band_modulator:u_band_mod|lpm_mult:Mult3" with the following parameter:
    Info (12134): Parameter "LPM_WIDTHA" = "14"
    Info (12134): Parameter "LPM_WIDTHB" = "14"
    Info (12134): Parameter "LPM_WIDTHP" = "28"
    Info (12134): Parameter "LPM_WIDTHR" = "28"
    Info (12134): Parameter "LPM_WIDTHS" = "1"
    Info (12134): Parameter "LPM_REPRESENTATION" = "SIGNED"
    Info (12134): Parameter "INPUT_A_IS_CONSTANT" = "NO"
    Info (12134): Parameter "INPUT_B_IS_CONSTANT" = "NO"
    Info (12134): Parameter "MAXIMIZE_SPEED" = "6"
Info (12021): Found 1 design units, including 1 entities, in source file db/mult_56t.tdf
    Info (12023): Found entity 1: mult_56t
Info (12130): Elaborated megafunction instantiation "hilbert_filter:u_hilbert|lpm_mult:Mult0"
Info (12133): Instantiated megafunction "hilbert_filter:u_hilbert|lpm_mult:Mult0" with the following parameter:
    Info (12134): Parameter "LPM_WIDTHA" = "14"
    Info (12134): Parameter "LPM_WIDTHB" = "17"
    Info (12134): Parameter "LPM_WIDTHP" = "31"
    Info (12134): Parameter "LPM_WIDTHR" = "31"
    Info (12134): Parameter "LPM_WIDTHS" = "1"
    Info (12134): Parameter "LPM_REPRESENTATION" = "SIGNED"
    Info (12134): Parameter "INPUT_A_IS_CONSTANT" = "NO"
    Info (12134): Parameter "INPUT_B_IS_CONSTANT" = "NO"
    Info (12134): Parameter "MAXIMIZE_SPEED" = "5"
Info (12021): Found 1 design units, including 1 entities, in source file db/mult_16t.tdf
    Info (12023): Found entity 1: mult_16t
Warning (13024): Output pins are stuck at VCC or GND
    Warning (13410): Pin "mic_lr" is stuck at GND
Info (286030): Timing-Driven Synthesis is running
Info (17049): 81 registers lost all their fanouts during netlist optimizations.
Info (16010): Generating hard_block partition "hard_block:auto_generated_inst"
    Info (16011): Adding 1 node(s), including 0 DDIO, 1 PLL, 0 transceiver and 0 LCELL
Info (21057): Implemented 2517 device resources after synthesis - the final resource count might be different
    Info (21058): Implemented 6 input pins
    Info (21059): Implemented 22 output pins
    Info (21061): Implemented 2377 logic cells
    Info (21064): Implemented 87 RAM segments
    Info (21065): Implemented 1 PLLs
    Info (21062): Implemented 10 DSP elements
Info: Quartus II 64-Bit Analysis & Synthesis was successful. 0 errors, 8 warnings
    Info: Peak virtual memory: 4746 megabytes
    Info: Processing ended: Fri Mar 20 01:16:36 2026
    Info: Elapsed time: 00:00:08
    Info: Total CPU time (on all processors): 00:00:08


