TimeQuest Timing Analyzer report for HF_SDR
Fri Mar 20 01:17:04 2026
Quartus II 64-Bit Version 13.1.0 Build 162 10/23/2013 SJ Web Edition


---------------------
; Table of Contents ;
---------------------
  1. Legal Notice
  2. TimeQuest Timing Analyzer Summary
  3. Parallel Compilation
  4. SDC File List
  5. Clocks
  6. Slow 1200mV 85C Model Fmax Summary
  7. Timing Closure Recommendations
  8. Slow 1200mV 85C Model Setup Summary
  9. Slow 1200mV 85C Model Hold Summary
 10. Slow 1200mV 85C Model Recovery Summary
 11. Slow 1200mV 85C Model Removal Summary
 12. Slow 1200mV 85C Model Minimum Pulse Width Summary
 13. Slow 1200mV 85C Model Setup: 'u_pll|altpll_component|auto_generated|pll1|clk[0]'
 14. Slow 1200mV 85C Model Hold: 'u_pll|altpll_component|auto_generated|pll1|clk[0]'
 15. Slow 1200mV 85C Model Minimum Pulse Width: 'u_pll|altpll_component|auto_generated|pll1|clk[0]'
 16. Slow 1200mV 85C Model Minimum Pulse Width: 'clk_50m'
 17. Setup Times
 18. Hold Times
 19. Clock to Output Times
 20. Minimum Clock to Output Times
 21. Slow 1200mV 85C Model Metastability Report
 22. Slow 1200mV 0C Model Fmax Summary
 23. Slow 1200mV 0C Model Setup Summary
 24. Slow 1200mV 0C Model Hold Summary
 25. Slow 1200mV 0C Model Recovery Summary
 26. Slow 1200mV 0C Model Removal Summary
 27. Slow 1200mV 0C Model Minimum Pulse Width Summary
 28. Slow 1200mV 0C Model Setup: 'u_pll|altpll_component|auto_generated|pll1|clk[0]'
 29. Slow 1200mV 0C Model Hold: 'u_pll|altpll_component|auto_generated|pll1|clk[0]'
 30. Slow 1200mV 0C Model Minimum Pulse Width: 'u_pll|altpll_component|auto_generated|pll1|clk[0]'
 31. Slow 1200mV 0C Model Minimum Pulse Width: 'clk_50m'
 32. Setup Times
 33. Hold Times
 34. Clock to Output Times
 35. Minimum Clock to Output Times
 36. Slow 1200mV 0C Model Metastability Report
 37. Fast 1200mV 0C Model Setup Summary
 38. Fast 1200mV 0C Model Hold Summary
 39. Fast 1200mV 0C Model Recovery Summary
 40. Fast 1200mV 0C Model Removal Summary
 41. Fast 1200mV 0C Model Minimum Pulse Width Summary
 42. Fast 1200mV 0C Model Setup: 'u_pll|altpll_component|auto_generated|pll1|clk[0]'
 43. Fast 1200mV 0C Model Hold: 'u_pll|altpll_component|auto_generated|pll1|clk[0]'
 44. Fast 1200mV 0C Model Minimum Pulse Width: 'u_pll|altpll_component|auto_generated|pll1|clk[0]'
 45. Fast 1200mV 0C Model Minimum Pulse Width: 'clk_50m'
 46. Setup Times
 47. Hold Times
 48. Clock to Output Times
 49. Minimum Clock to Output Times
 50. Fast 1200mV 0C Model Metastability Report
 51. Multicorner Timing Analysis Summary
 52. Setup Times
 53. Hold Times
 54. Clock to Output Times
 55. Minimum Clock to Output Times
 56. Board Trace Model Assignments
 57. Input Transition Times
 58. Signal Integrity Metrics (Slow 1200mv 0c Model)
 59. Signal Integrity Metrics (Slow 1200mv 85c Model)
 60. Signal Integrity Metrics (Fast 1200mv 0c Model)
 61. Setup Transfers
 62. Hold Transfers
 63. Report TCCS
 64. Report RSKM
 65. Unconstrained Paths
 66. TimeQuest Timing Analyzer Messages



----------------
; Legal Notice ;
----------------
Copyright (C) 1991-2013 Altera Corporation
Your use of Altera Corporation's design tools, logic functions 
and other software and tools, and its AMPP partner logic 
functions, and any output files from any of the foregoing 
(including device programming or simulation files), and any 
associated documentation or information are expressly subject 
to the terms and conditions of the Altera Program License 
Subscription Agreement, Altera MegaCore Function License 
Agreement, or other applicable license agreement, including, 
without limitation, that your use is for the sole purpose of 
programming logic devices manufactured by Altera and sold by 
Altera or its authorized distributors.  Please refer to the 
applicable agreement for further details.



+-------------------------------------------------------------------------+
; TimeQuest Timing Analyzer Summary                                       ;
+--------------------+----------------------------------------------------+
; Quartus II Version ; Version 13.1.0 Build 162 10/23/2013 SJ Web Edition ;
; Revision Name      ; HF_SDR                                             ;
; Device Family      ; Cyclone IV E                                       ;
; Device Name        ; EP4CE10F17C8                                       ;
; Timing Models      ; Final                                              ;
; Delay Model        ; Combined                                           ;
; Rise/Fall Delays   ; Enabled                                            ;
+--------------------+----------------------------------------------------+


+------------------------------------------+
; Parallel Compilation                     ;
+----------------------------+-------------+
; Processors                 ; Number      ;
+----------------------------+-------------+
; Number detected on machine ; 48          ;
; Maximum allowed            ; 16          ;
;                            ;             ;
; Average used               ; 1.00        ;
; Maximum used               ; 16          ;
;                            ;             ;
; Usage by Processor         ; % Time Used ;
;     Processor 1            ; 100.0%      ;
;     Processors 2-16        ; < 0.1%      ;
;     Processors 17-48       ;   0.0%      ;
+----------------------------+-------------+


+---------------------------------------------------+
; SDC File List                                     ;
+---------------+--------+--------------------------+
; SDC File Path ; Status ; Read at                  ;
+---------------+--------+--------------------------+
; HF_SDR.sdc    ; OK     ; Fri Mar 20 01:17:01 2026 ;
+---------------+--------+--------------------------+


+-------------------------------------------------------------------------------------------------------------------------------------------------------------------------------------------------------------------------------------------------------------------------------------------------------------------------+
; Clocks                                                                                                                                                                                                                                                                                                                  ;
+---------------------------------------------------+-----------+--------+-----------+-------+--------+------------+-----------+-------------+-------+--------+-----------+------------+----------+---------+-----------------------------------------------------+-------------------------------------------------------+
; Clock Name                                        ; Type      ; Period ; Frequency ; Rise  ; Fall   ; Duty Cycle ; Divide by ; Multiply by ; Phase ; Offset ; Edge List ; Edge Shift ; Inverted ; Master  ; Source                                              ; Targets                                               ;
+---------------------------------------------------+-----------+--------+-----------+-------+--------+------------+-----------+-------------+-------+--------+-----------+------------+----------+---------+-----------------------------------------------------+-------------------------------------------------------+
; clk_50m                                           ; Base      ; 20.000 ; 50.0 MHz  ; 0.000 ; 10.000 ;            ;           ;             ;       ;        ;           ;            ;          ;         ;                                                     ; { clk_50m }                                           ;
; u_pll|altpll_component|auto_generated|pll1|clk[0] ; Generated ; 10.000 ; 100.0 MHz ; 0.000 ; 5.000  ; 50.00      ; 1         ; 2           ;       ;        ;           ;            ; false    ; clk_50m ; u_pll|altpll_component|auto_generated|pll1|inclk[0] ; { u_pll|altpll_component|auto_generated|pll1|clk[0] } ;
; u_pll|altpll_component|auto_generated|pll1|clk[1] ; Generated ; 5.000  ; 200.0 MHz ; 2.500 ; 5.000  ; 50.00      ; 1         ; 4           ; 180.0 ;        ;           ;            ; false    ; clk_50m ; u_pll|altpll_component|auto_generated|pll1|inclk[0] ; { u_pll|altpll_component|auto_generated|pll1|clk[1] } ;
+---------------------------------------------------+-----------+--------+-----------+-------+--------+------------+-----------+-------------+-------+--------+-----------+------------+----------+---------+-----------------------------------------------------+-------------------------------------------------------+


+-----------------------------------------------------------------------------------------+
; Slow 1200mV 85C Model Fmax Summary                                                      ;
+------------+-----------------+---------------------------------------------------+------+
; Fmax       ; Restricted Fmax ; Clock Name                                        ; Note ;
+------------+-----------------+---------------------------------------------------+------+
; 106.83 MHz ; 106.83 MHz      ; u_pll|altpll_component|auto_generated|pll1|clk[0] ;      ;
+------------+-----------------+---------------------------------------------------+------+
This panel reports FMAX for every clock in the design, regardless of the user-specified clock periods.  FMAX is only computed for paths where the source and destination registers or ports are driven by the same clock.  Paths of different clocks, including generated clocks, are ignored.  For paths between a clock and its inversion, FMAX is computed as if the rising and falling edges are scaled along with FMAX, such that the duty cycle (in terms of a percentage) is maintained. Altera recommends that you always use clock constraints and other slack reports for sign-off analysis.


----------------------------------
; Timing Closure Recommendations ;
----------------------------------
HTML report is unavailable in plain text report export.


+---------------------------------------------------------------------------+
; Slow 1200mV 85C Model Setup Summary                                       ;
+---------------------------------------------------+-------+---------------+
; Clock                                             ; Slack ; End Point TNS ;
+---------------------------------------------------+-------+---------------+
; u_pll|altpll_component|auto_generated|pll1|clk[0] ; 0.639 ; 0.000         ;
+---------------------------------------------------+-------+---------------+


+---------------------------------------------------------------------------+
; Slow 1200mV 85C Model Hold Summary                                        ;
+---------------------------------------------------+-------+---------------+
; Clock                                             ; Slack ; End Point TNS ;
+---------------------------------------------------+-------+---------------+
; u_pll|altpll_component|auto_generated|pll1|clk[0] ; 0.404 ; 0.000         ;
+---------------------------------------------------+-------+---------------+


------------------------------------------
; Slow 1200mV 85C Model Recovery Summary ;
------------------------------------------
No paths to report.


-----------------------------------------
; Slow 1200mV 85C Model Removal Summary ;
-----------------------------------------
No paths to report.


+---------------------------------------------------------------------------+
; Slow 1200mV 85C Model Minimum Pulse Width Summary                         ;
+---------------------------------------------------+-------+---------------+
; Clock                                             ; Slack ; End Point TNS ;
+---------------------------------------------------+-------+---------------+
; u_pll|altpll_component|auto_generated|pll1|clk[0] ; 4.580 ; 0.000         ;
; clk_50m                                           ; 9.858 ; 0.000         ;
+---------------------------------------------------+-------+---------------+


+---------------------------------------------------------------------------------------------------------------------------------------------------------------------------------------------------------------------------------------------------------------------------------------------------------------------------+
; Slow 1200mV 85C Model Setup: 'u_pll|altpll_component|auto_generated|pll1|clk[0]'                                                                                                                                                                                                                                          ;
+-------+-------------------------------------------------------------------------------------------------------------------+----------------------------------------------+---------------------------------------------------+---------------------------------------------------+--------------+------------+------------+
; Slack ; From Node                                                                                                         ; To Node                                      ; Launch Clock                                      ; Latch Clock                                       ; Relationship ; Clock Skew ; Data Delay ;
+-------+-------------------------------------------------------------------------------------------------------------------+----------------------------------------------+---------------------------------------------------+---------------------------------------------------+--------------+------------+------------+
; 0.639 ; hilbert_filter:u_hilbert|altsyncram:coef_rom_rtl_0|altsyncram_ff91:auto_generated|ram_block1a0~porta_address_reg0 ; hilbert_filter:u_hilbert|mult2[0]            ; u_pll|altpll_component|auto_generated|pll1|clk[0] ; u_pll|altpll_component|auto_generated|pll1|clk[0] ; 10.000       ; -0.339     ; 8.774      ;
; 0.639 ; hilbert_filter:u_hilbert|altsyncram:coef_rom_rtl_0|altsyncram_ff91:auto_generated|ram_block1a0~porta_address_reg0 ; hilbert_filter:u_hilbert|mult2[1]            ; u_pll|altpll_component|auto_generated|pll1|clk[0] ; u_pll|altpll_component|auto_generated|pll1|clk[0] ; 10.000       ; -0.339     ; 8.774      ;
; 0.639 ; hilbert_filter:u_hilbert|altsyncram:coef_rom_rtl_0|altsyncram_ff91:auto_generated|ram_block1a0~porta_address_reg0 ; hilbert_filter:u_hilbert|mult2[2]            ; u_pll|altpll_component|auto_generated|pll1|clk[0] ; u_pll|altpll_component|auto_generated|pll1|clk[0] ; 10.000       ; -0.339     ; 8.774      ;
; 0.639 ; hilbert_filter:u_hilbert|altsyncram:coef_rom_rtl_0|altsyncram_ff91:auto_generated|ram_block1a0~porta_address_reg0 ; hilbert_filter:u_hilbert|mult2[3]            ; u_pll|altpll_component|auto_generated|pll1|clk[0] ; u_pll|altpll_component|auto_generated|pll1|clk[0] ; 10.000       ; -0.339     ; 8.774      ;
; 0.639 ; hilbert_filter:u_hilbert|altsyncram:coef_rom_rtl_0|altsyncram_ff91:auto_generated|ram_block1a0~porta_address_reg0 ; hilbert_filter:u_hilbert|mult2[4]            ; u_pll|altpll_component|auto_generated|pll1|clk[0] ; u_pll|altpll_component|auto_generated|pll1|clk[0] ; 10.000       ; -0.339     ; 8.774      ;
; 0.639 ; hilbert_filter:u_hilbert|altsyncram:coef_rom_rtl_0|altsyncram_ff91:auto_generated|ram_block1a0~porta_address_reg0 ; hilbert_filter:u_hilbert|mult2[5]            ; u_pll|altpll_component|auto_generated|pll1|clk[0] ; u_pll|altpll_component|auto_generated|pll1|clk[0] ; 10.000       ; -0.339     ; 8.774      ;
; 0.639 ; hilbert_filter:u_hilbert|altsyncram:coef_rom_rtl_0|altsyncram_ff91:auto_generated|ram_block1a0~porta_address_reg0 ; hilbert_filter:u_hilbert|mult2[6]            ; u_pll|altpll_component|auto_generated|pll1|clk[0] ; u_pll|altpll_component|auto_generated|pll1|clk[0] ; 10.000       ; -0.339     ; 8.774      ;
; 0.639 ; hilbert_filter:u_hilbert|altsyncram:coef_rom_rtl_0|altsyncram_ff91:auto_generated|ram_block1a0~porta_address_reg0 ; hilbert_filter:u_hilbert|mult2[7]            ; u_pll|altpll_component|auto_generated|pll1|clk[0] ; u_pll|altpll_component|auto_generated|pll1|clk[0] ; 10.000       ; -0.339     ; 8.774      ;
; 0.639 ; hilbert_filter:u_hilbert|altsyncram:coef_rom_rtl_0|altsyncram_ff91:auto_generated|ram_block1a0~porta_address_reg0 ; hilbert_filter:u_hilbert|mult2[8]            ; u_pll|altpll_component|auto_generated|pll1|clk[0] ; u_pll|altpll_component|auto_generated|pll1|clk[0] ; 10.000       ; -0.339     ; 8.774      ;
; 0.639 ; hilbert_filter:u_hilbert|altsyncram:coef_rom_rtl_0|altsyncram_ff91:auto_generated|ram_block1a0~porta_address_reg0 ; hilbert_filter:u_hilbert|mult2[9]            ; u_pll|altpll_component|auto_generated|pll1|clk[0] ; u_pll|altpll_component|auto_generated|pll1|clk[0] ; 10.000       ; -0.339     ; 8.774      ;
; 0.639 ; hilbert_filter:u_hilbert|altsyncram:coef_rom_rtl_0|altsyncram_ff91:auto_generated|ram_block1a0~porta_address_reg0 ; hilbert_filter:u_hilbert|mult2[10]           ; u_pll|altpll_component|auto_generated|pll1|clk[0] ; u_pll|altpll_component|auto_generated|pll1|clk[0] ; 10.000       ; -0.339     ; 8.774      ;
; 0.639 ; hilbert_filter:u_hilbert|altsyncram:coef_rom_rtl_0|altsyncram_ff91:auto_generated|ram_block1a0~porta_address_reg0 ; hilbert_filter:u_hilbert|mult2[11]           ; u_pll|altpll_component|auto_generated|pll1|clk[0] ; u_pll|altpll_component|auto_generated|pll1|clk[0] ; 10.000       ; -0.339     ; 8.774      ;
; 0.639 ; hilbert_filter:u_hilbert|altsyncram:coef_rom_rtl_0|altsyncram_ff91:auto_generated|ram_block1a0~porta_address_reg0 ; hilbert_filter:u_hilbert|mult2[12]           ; u_pll|altpll_component|auto_generated|pll1|clk[0] ; u_pll|altpll_component|auto_generated|pll1|clk[0] ; 10.000       ; -0.339     ; 8.774      ;
; 0.639 ; hilbert_filter:u_hilbert|altsyncram:coef_rom_rtl_0|altsyncram_ff91:auto_generated|ram_block1a0~porta_address_reg0 ; hilbert_filter:u_hilbert|mult2[13]           ; u_pll|altpll_component|auto_generated|pll1|clk[0] ; u_pll|altpll_component|auto_generated|pll1|clk[0] ; 10.000       ; -0.339     ; 8.774      ;
; 0.639 ; hilbert_filter:u_hilbert|altsyncram:coef_rom_rtl_0|altsyncram_ff91:auto_generated|ram_block1a0~porta_address_reg0 ; hilbert_filter:u_hilbert|mult2[14]           ; u_pll|altpll_component|auto_generated|pll1|clk[0] ; u_pll|altpll_component|auto_generated|pll1|clk[0] ; 10.000       ; -0.339     ; 8.774      ;
; 0.639 ; hilbert_filter:u_hilbert|altsyncram:coef_rom_rtl_0|altsyncram_ff91:auto_generated|ram_block1a0~porta_address_reg0 ; hilbert_filter:u_hilbert|mult2[15]           ; u_pll|altpll_component|auto_generated|pll1|clk[0] ; u_pll|altpll_component|auto_generated|pll1|clk[0] ; 10.000       ; -0.339     ; 8.774      ;
; 0.639 ; hilbert_filter:u_hilbert|altsyncram:coef_rom_rtl_0|altsyncram_ff91:auto_generated|ram_block1a0~porta_address_reg0 ; hilbert_filter:u_hilbert|mult2[16]           ; u_pll|altpll_component|auto_generated|pll1|clk[0] ; u_pll|altpll_component|auto_generated|pll1|clk[0] ; 10.000       ; -0.339     ; 8.774      ;
; 0.639 ; hilbert_filter:u_hilbert|altsyncram:coef_rom_rtl_0|altsyncram_ff91:auto_generated|ram_block1a0~porta_address_reg0 ; hilbert_filter:u_hilbert|mult2[17]           ; u_pll|altpll_component|auto_generated|pll1|clk[0] ; u_pll|altpll_component|auto_generated|pll1|clk[0] ; 10.000       ; -0.339     ; 8.774      ;
; 0.639 ; hilbert_filter:u_hilbert|altsyncram:coef_rom_rtl_0|altsyncram_ff91:auto_generated|ram_block1a0~porta_address_reg0 ; hilbert_filter:u_hilbert|mult2[18]           ; u_pll|altpll_component|auto_generated|pll1|clk[0] ; u_pll|altpll_component|auto_generated|pll1|clk[0] ; 10.000       ; -0.339     ; 8.774      ;
; 0.639 ; hilbert_filter:u_hilbert|altsyncram:coef_rom_rtl_0|altsyncram_ff91:auto_generated|ram_block1a0~porta_address_reg0 ; hilbert_filter:u_hilbert|mult2[19]           ; u_pll|altpll_component|auto_generated|pll1|clk[0] ; u_pll|altpll_component|auto_generated|pll1|clk[0] ; 10.000       ; -0.339     ; 8.774      ;
; 0.639 ; hilbert_filter:u_hilbert|altsyncram:coef_rom_rtl_0|altsyncram_ff91:auto_generated|ram_block1a0~porta_address_reg0 ; hilbert_filter:u_hilbert|mult2[20]           ; u_pll|altpll_component|auto_generated|pll1|clk[0] ; u_pll|altpll_component|auto_generated|pll1|clk[0] ; 10.000       ; -0.339     ; 8.774      ;
; 0.639 ; hilbert_filter:u_hilbert|altsyncram:coef_rom_rtl_0|altsyncram_ff91:auto_generated|ram_block1a0~porta_address_reg0 ; hilbert_filter:u_hilbert|mult2[21]           ; u_pll|altpll_component|auto_generated|pll1|clk[0] ; u_pll|altpll_component|auto_generated|pll1|clk[0] ; 10.000       ; -0.339     ; 8.774      ;
; 0.639 ; hilbert_filter:u_hilbert|altsyncram:coef_rom_rtl_0|altsyncram_ff91:auto_generated|ram_block1a0~porta_address_reg0 ; hilbert_filter:u_hilbert|mult2[22]           ; u_pll|altpll_component|auto_generated|pll1|clk[0] ; u_pll|altpll_component|auto_generated|pll1|clk[0] ; 10.000       ; -0.339     ; 8.774      ;
; 0.639 ; hilbert_filter:u_hilbert|altsyncram:coef_rom_rtl_0|altsyncram_ff91:auto_generated|ram_block1a0~porta_address_reg0 ; hilbert_filter:u_hilbert|mult2[23]           ; u_pll|altpll_component|auto_generated|pll1|clk[0] ; u_pll|altpll_component|auto_generated|pll1|clk[0] ; 10.000       ; -0.339     ; 8.774      ;
; 0.639 ; hilbert_filter:u_hilbert|altsyncram:coef_rom_rtl_0|altsyncram_ff91:auto_generated|ram_block1a0~porta_address_reg0 ; hilbert_filter:u_hilbert|mult2[24]           ; u_pll|altpll_component|auto_generated|pll1|clk[0] ; u_pll|altpll_component|auto_generated|pll1|clk[0] ; 10.000       ; -0.339     ; 8.774      ;
; 0.639 ; hilbert_filter:u_hilbert|altsyncram:coef_rom_rtl_0|altsyncram_ff91:auto_generated|ram_block1a0~porta_address_reg0 ; hilbert_filter:u_hilbert|mult2[25]           ; u_pll|altpll_component|auto_generated|pll1|clk[0] ; u_pll|altpll_component|auto_generated|pll1|clk[0] ; 10.000       ; -0.339     ; 8.774      ;
; 0.639 ; hilbert_filter:u_hilbert|altsyncram:coef_rom_rtl_0|altsyncram_ff91:auto_generated|ram_block1a0~porta_address_reg0 ; hilbert_filter:u_hilbert|mult2[26]           ; u_pll|altpll_component|auto_generated|pll1|clk[0] ; u_pll|altpll_component|auto_generated|pll1|clk[0] ; 10.000       ; -0.339     ; 8.774      ;
; 0.639 ; hilbert_filter:u_hilbert|altsyncram:coef_rom_rtl_0|altsyncram_ff91:auto_generated|ram_block1a0~porta_address_reg0 ; hilbert_filter:u_hilbert|mult2[27]           ; u_pll|altpll_component|auto_generated|pll1|clk[0] ; u_pll|altpll_component|auto_generated|pll1|clk[0] ; 10.000       ; -0.339     ; 8.774      ;
; 0.639 ; hilbert_filter:u_hilbert|altsyncram:coef_rom_rtl_0|altsyncram_ff91:auto_generated|ram_block1a0~porta_address_reg0 ; hilbert_filter:u_hilbert|mult2[28]           ; u_pll|altpll_component|auto_generated|pll1|clk[0] ; u_pll|altpll_component|auto_generated|pll1|clk[0] ; 10.000       ; -0.339     ; 8.774      ;
; 0.745 ; hilbert_filter:u_hilbert|altsyncram:history_rtl_0|altsyncram_1si1:auto_generated|ram_block1a0~portb_address_reg0  ; hilbert_filter:u_hilbert|mult2[0]            ; u_pll|altpll_component|auto_generated|pll1|clk[0] ; u_pll|altpll_component|auto_generated|pll1|clk[0] ; 10.000       ; -0.328     ; 8.679      ;
; 0.745 ; hilbert_filter:u_hilbert|altsyncram:history_rtl_0|altsyncram_1si1:auto_generated|ram_block1a0~portb_address_reg0  ; hilbert_filter:u_hilbert|mult2[1]            ; u_pll|altpll_component|auto_generated|pll1|clk[0] ; u_pll|altpll_component|auto_generated|pll1|clk[0] ; 10.000       ; -0.328     ; 8.679      ;
; 0.745 ; hilbert_filter:u_hilbert|altsyncram:history_rtl_0|altsyncram_1si1:auto_generated|ram_block1a0~portb_address_reg0  ; hilbert_filter:u_hilbert|mult2[2]            ; u_pll|altpll_component|auto_generated|pll1|clk[0] ; u_pll|altpll_component|auto_generated|pll1|clk[0] ; 10.000       ; -0.328     ; 8.679      ;
; 0.745 ; hilbert_filter:u_hilbert|altsyncram:history_rtl_0|altsyncram_1si1:auto_generated|ram_block1a0~portb_address_reg0  ; hilbert_filter:u_hilbert|mult2[3]            ; u_pll|altpll_component|auto_generated|pll1|clk[0] ; u_pll|altpll_component|auto_generated|pll1|clk[0] ; 10.000       ; -0.328     ; 8.679      ;
; 0.745 ; hilbert_filter:u_hilbert|altsyncram:history_rtl_0|altsyncram_1si1:auto_generated|ram_block1a0~portb_address_reg0  ; hilbert_filter:u_hilbert|mult2[4]            ; u_pll|altpll_component|auto_generated|pll1|clk[0] ; u_pll|altpll_component|auto_generated|pll1|clk[0] ; 10.000       ; -0.328     ; 8.679      ;
; 0.745 ; hilbert_filter:u_hilbert|altsyncram:history_rtl_0|altsyncram_1si1:auto_generated|ram_block1a0~portb_address_reg0  ; hilbert_filter:u_hilbert|mult2[5]            ; u_pll|altpll_component|auto_generated|pll1|clk[0] ; u_pll|altpll_component|auto_generated|pll1|clk[0] ; 10.000       ; -0.328     ; 8.679      ;
; 0.745 ; hilbert_filter:u_hilbert|altsyncram:history_rtl_0|altsyncram_1si1:auto_generated|ram_block1a0~portb_address_reg0  ; hilbert_filter:u_hilbert|mult2[6]            ; u_pll|altpll_component|auto_generated|pll1|clk[0] ; u_pll|altpll_component|auto_generated|pll1|clk[0] ; 10.000       ; -0.328     ; 8.679      ;
; 0.745 ; hilbert_filter:u_hilbert|altsyncram:history_rtl_0|altsyncram_1si1:auto_generated|ram_block1a0~portb_address_reg0  ; hilbert_filter:u_hilbert|mult2[7]            ; u_pll|altpll_component|auto_generated|pll1|clk[0] ; u_pll|altpll_component|auto_generated|pll1|clk[0] ; 10.000       ; -0.328     ; 8.679      ;
; 0.745 ; hilbert_filter:u_hilbert|altsyncram:history_rtl_0|altsyncram_1si1:auto_generated|ram_block1a0~portb_address_reg0  ; hilbert_filter:u_hilbert|mult2[8]            ; u_pll|altpll_component|auto_generated|pll1|clk[0] ; u_pll|altpll_component|auto_generated|pll1|clk[0] ; 10.000       ; -0.328     ; 8.679      ;
; 0.745 ; hilbert_filter:u_hilbert|altsyncram:history_rtl_0|altsyncram_1si1:auto_generated|ram_block1a0~portb_address_reg0  ; hilbert_filter:u_hilbert|mult2[9]            ; u_pll|altpll_component|auto_generated|pll1|clk[0] ; u_pll|altpll_component|auto_generated|pll1|clk[0] ; 10.000       ; -0.328     ; 8.679      ;
; 0.745 ; hilbert_filter:u_hilbert|altsyncram:history_rtl_0|altsyncram_1si1:auto_generated|ram_block1a0~portb_address_reg0  ; hilbert_filter:u_hilbert|mult2[10]           ; u_pll|altpll_component|auto_generated|pll1|clk[0] ; u_pll|altpll_component|auto_generated|pll1|clk[0] ; 10.000       ; -0.328     ; 8.679      ;
; 0.745 ; hilbert_filter:u_hilbert|altsyncram:history_rtl_0|altsyncram_1si1:auto_generated|ram_block1a0~portb_address_reg0  ; hilbert_filter:u_hilbert|mult2[11]           ; u_pll|altpll_component|auto_generated|pll1|clk[0] ; u_pll|altpll_component|auto_generated|pll1|clk[0] ; 10.000       ; -0.328     ; 8.679      ;
; 0.745 ; hilbert_filter:u_hilbert|altsyncram:history_rtl_0|altsyncram_1si1:auto_generated|ram_block1a0~portb_address_reg0  ; hilbert_filter:u_hilbert|mult2[12]           ; u_pll|altpll_component|auto_generated|pll1|clk[0] ; u_pll|altpll_component|auto_generated|pll1|clk[0] ; 10.000       ; -0.328     ; 8.679      ;
; 0.745 ; hilbert_filter:u_hilbert|altsyncram:history_rtl_0|altsyncram_1si1:auto_generated|ram_block1a0~portb_address_reg0  ; hilbert_filter:u_hilbert|mult2[13]           ; u_pll|altpll_component|auto_generated|pll1|clk[0] ; u_pll|altpll_component|auto_generated|pll1|clk[0] ; 10.000       ; -0.328     ; 8.679      ;
; 0.745 ; hilbert_filter:u_hilbert|altsyncram:history_rtl_0|altsyncram_1si1:auto_generated|ram_block1a0~portb_address_reg0  ; hilbert_filter:u_hilbert|mult2[14]           ; u_pll|altpll_component|auto_generated|pll1|clk[0] ; u_pll|altpll_component|auto_generated|pll1|clk[0] ; 10.000       ; -0.328     ; 8.679      ;
; 0.745 ; hilbert_filter:u_hilbert|altsyncram:history_rtl_0|altsyncram_1si1:auto_generated|ram_block1a0~portb_address_reg0  ; hilbert_filter:u_hilbert|mult2[15]           ; u_pll|altpll_component|auto_generated|pll1|clk[0] ; u_pll|altpll_component|auto_generated|pll1|clk[0] ; 10.000       ; -0.328     ; 8.679      ;
; 0.745 ; hilbert_filter:u_hilbert|altsyncram:history_rtl_0|altsyncram_1si1:auto_generated|ram_block1a0~portb_address_reg0  ; hilbert_filter:u_hilbert|mult2[16]           ; u_pll|altpll_component|auto_generated|pll1|clk[0] ; u_pll|altpll_component|auto_generated|pll1|clk[0] ; 10.000       ; -0.328     ; 8.679      ;
; 0.745 ; hilbert_filter:u_hilbert|altsyncram:history_rtl_0|altsyncram_1si1:auto_generated|ram_block1a0~portb_address_reg0  ; hilbert_filter:u_hilbert|mult2[17]           ; u_pll|altpll_component|auto_generated|pll1|clk[0] ; u_pll|altpll_component|auto_generated|pll1|clk[0] ; 10.000       ; -0.328     ; 8.679      ;
; 0.745 ; hilbert_filter:u_hilbert|altsyncram:history_rtl_0|altsyncram_1si1:auto_generated|ram_block1a0~portb_address_reg0  ; hilbert_filter:u_hilbert|mult2[18]           ; u_pll|altpll_component|auto_generated|pll1|clk[0] ; u_pll|altpll_component|auto_generated|pll1|clk[0] ; 10.000       ; -0.328     ; 8.679      ;
; 0.745 ; hilbert_filter:u_hilbert|altsyncram:history_rtl_0|altsyncram_1si1:auto_generated|ram_block1a0~portb_address_reg0  ; hilbert_filter:u_hilbert|mult2[19]           ; u_pll|altpll_component|auto_generated|pll1|clk[0] ; u_pll|altpll_component|auto_generated|pll1|clk[0] ; 10.000       ; -0.328     ; 8.679      ;
; 0.745 ; hilbert_filter:u_hilbert|altsyncram:history_rtl_0|altsyncram_1si1:auto_generated|ram_block1a0~portb_address_reg0  ; hilbert_filter:u_hilbert|mult2[20]           ; u_pll|altpll_component|auto_generated|pll1|clk[0] ; u_pll|altpll_component|auto_generated|pll1|clk[0] ; 10.000       ; -0.328     ; 8.679      ;
; 0.745 ; hilbert_filter:u_hilbert|altsyncram:history_rtl_0|altsyncram_1si1:auto_generated|ram_block1a0~portb_address_reg0  ; hilbert_filter:u_hilbert|mult2[21]           ; u_pll|altpll_component|auto_generated|pll1|clk[0] ; u_pll|altpll_component|auto_generated|pll1|clk[0] ; 10.000       ; -0.328     ; 8.679      ;
; 0.745 ; hilbert_filter:u_hilbert|altsyncram:history_rtl_0|altsyncram_1si1:auto_generated|ram_block1a0~portb_address_reg0  ; hilbert_filter:u_hilbert|mult2[22]           ; u_pll|altpll_component|auto_generated|pll1|clk[0] ; u_pll|altpll_component|auto_generated|pll1|clk[0] ; 10.000       ; -0.328     ; 8.679      ;
; 0.745 ; hilbert_filter:u_hilbert|altsyncram:history_rtl_0|altsyncram_1si1:auto_generated|ram_block1a0~portb_address_reg0  ; hilbert_filter:u_hilbert|mult2[23]           ; u_pll|altpll_component|auto_generated|pll1|clk[0] ; u_pll|altpll_component|auto_generated|pll1|clk[0] ; 10.000       ; -0.328     ; 8.679      ;
; 0.745 ; hilbert_filter:u_hilbert|altsyncram:history_rtl_0|altsyncram_1si1:auto_generated|ram_block1a0~portb_address_reg0  ; hilbert_filter:u_hilbert|mult2[24]           ; u_pll|altpll_component|auto_generated|pll1|clk[0] ; u_pll|altpll_component|auto_generated|pll1|clk[0] ; 10.000       ; -0.328     ; 8.679      ;
; 0.745 ; hilbert_filter:u_hilbert|altsyncram:history_rtl_0|altsyncram_1si1:auto_generated|ram_block1a0~portb_address_reg0  ; hilbert_filter:u_hilbert|mult2[25]           ; u_pll|altpll_component|auto_generated|pll1|clk[0] ; u_pll|altpll_component|auto_generated|pll1|clk[0] ; 10.000       ; -0.328     ; 8.679      ;
; 0.745 ; hilbert_filter:u_hilbert|altsyncram:history_rtl_0|altsyncram_1si1:auto_generated|ram_block1a0~portb_address_reg0  ; hilbert_filter:u_hilbert|mult2[26]           ; u_pll|altpll_component|auto_generated|pll1|clk[0] ; u_pll|altpll_component|auto_generated|pll1|clk[0] ; 10.000       ; -0.328     ; 8.679      ;
; 0.745 ; hilbert_filter:u_hilbert|altsyncram:history_rtl_0|altsyncram_1si1:auto_generated|ram_block1a0~portb_address_reg0  ; hilbert_filter:u_hilbert|mult2[27]           ; u_pll|altpll_component|auto_generated|pll1|clk[0] ; u_pll|altpll_component|auto_generated|pll1|clk[0] ; 10.000       ; -0.328     ; 8.679      ;
; 0.745 ; hilbert_filter:u_hilbert|altsyncram:history_rtl_0|altsyncram_1si1:auto_generated|ram_block1a0~portb_address_reg0  ; hilbert_filter:u_hilbert|mult2[28]           ; u_pll|altpll_component|auto_generated|pll1|clk[0] ; u_pll|altpll_component|auto_generated|pll1|clk[0] ; 10.000       ; -0.328     ; 8.679      ;
; 0.767 ; tx_audio_proc:u_tx_audio_proc|lim_sample[13]                                                                      ; tx_audio_proc:u_tx_audio_proc|sample_out[11] ; u_pll|altpll_component|auto_generated|pll1|clk[0] ; u_pll|altpll_component|auto_generated|pll1|clk[0] ; 10.000       ; 0.426      ; 9.660      ;
; 0.767 ; tx_audio_proc:u_tx_audio_proc|lim_sample[13]                                                                      ; tx_audio_proc:u_tx_audio_proc|sample_out[9]  ; u_pll|altpll_component|auto_generated|pll1|clk[0] ; u_pll|altpll_component|auto_generated|pll1|clk[0] ; 10.000       ; 0.426      ; 9.660      ;
; 0.767 ; tx_audio_proc:u_tx_audio_proc|lim_sample[13]                                                                      ; tx_audio_proc:u_tx_audio_proc|sample_out[6]  ; u_pll|altpll_component|auto_generated|pll1|clk[0] ; u_pll|altpll_component|auto_generated|pll1|clk[0] ; 10.000       ; 0.426      ; 9.660      ;
; 0.768 ; tx_audio_proc:u_tx_audio_proc|lim_sample[13]                                                                      ; tx_audio_proc:u_tx_audio_proc|sample_out[7]  ; u_pll|altpll_component|auto_generated|pll1|clk[0] ; u_pll|altpll_component|auto_generated|pll1|clk[0] ; 10.000       ; 0.426      ; 9.659      ;
; 0.768 ; tx_audio_proc:u_tx_audio_proc|lim_sample[13]                                                                      ; tx_audio_proc:u_tx_audio_proc|sample_out[5]  ; u_pll|altpll_component|auto_generated|pll1|clk[0] ; u_pll|altpll_component|auto_generated|pll1|clk[0] ; 10.000       ; 0.426      ; 9.659      ;
; 0.768 ; tx_audio_proc:u_tx_audio_proc|lim_sample[13]                                                                      ; tx_audio_proc:u_tx_audio_proc|sample_out[4]  ; u_pll|altpll_component|auto_generated|pll1|clk[0] ; u_pll|altpll_component|auto_generated|pll1|clk[0] ; 10.000       ; 0.426      ; 9.659      ;
; 0.768 ; tx_audio_proc:u_tx_audio_proc|lim_sample[13]                                                                      ; tx_audio_proc:u_tx_audio_proc|sample_out[1]  ; u_pll|altpll_component|auto_generated|pll1|clk[0] ; u_pll|altpll_component|auto_generated|pll1|clk[0] ; 10.000       ; 0.426      ; 9.659      ;
; 0.769 ; tx_audio_proc:u_tx_audio_proc|lim_sample[13]                                                                      ; tx_audio_proc:u_tx_audio_proc|sample_out[0]  ; u_pll|altpll_component|auto_generated|pll1|clk[0] ; u_pll|altpll_component|auto_generated|pll1|clk[0] ; 10.000       ; 0.426      ; 9.658      ;
; 0.769 ; tx_audio_proc:u_tx_audio_proc|lim_sample[13]                                                                      ; tx_audio_proc:u_tx_audio_proc|sample_out[12] ; u_pll|altpll_component|auto_generated|pll1|clk[0] ; u_pll|altpll_component|auto_generated|pll1|clk[0] ; 10.000       ; 0.426      ; 9.658      ;
; 0.769 ; tx_audio_proc:u_tx_audio_proc|lim_sample[13]                                                                      ; tx_audio_proc:u_tx_audio_proc|sample_out[10] ; u_pll|altpll_component|auto_generated|pll1|clk[0] ; u_pll|altpll_component|auto_generated|pll1|clk[0] ; 10.000       ; 0.426      ; 9.658      ;
; 0.769 ; tx_audio_proc:u_tx_audio_proc|lim_sample[13]                                                                      ; tx_audio_proc:u_tx_audio_proc|sample_out[8]  ; u_pll|altpll_component|auto_generated|pll1|clk[0] ; u_pll|altpll_component|auto_generated|pll1|clk[0] ; 10.000       ; 0.426      ; 9.658      ;
; 0.769 ; tx_audio_proc:u_tx_audio_proc|lim_sample[13]                                                                      ; tx_audio_proc:u_tx_audio_proc|sample_out[2]  ; u_pll|altpll_component|auto_generated|pll1|clk[0] ; u_pll|altpll_component|auto_generated|pll1|clk[0] ; 10.000       ; 0.426      ; 9.658      ;
; 0.792 ; tx_audio_proc:u_tx_audio_proc|lim_sample[13]                                                                      ; tx_audio_proc:u_tx_audio_proc|sample_out[3]  ; u_pll|altpll_component|auto_generated|pll1|clk[0] ; u_pll|altpll_component|auto_generated|pll1|clk[0] ; 10.000       ; 0.402      ; 9.611      ;
; 0.981 ; tx_audio_proc:u_tx_audio_proc|lim_sample[15]                                                                      ; tx_audio_proc:u_tx_audio_proc|sample_out[11] ; u_pll|altpll_component|auto_generated|pll1|clk[0] ; u_pll|altpll_component|auto_generated|pll1|clk[0] ; 10.000       ; 0.426      ; 9.446      ;
; 0.981 ; tx_audio_proc:u_tx_audio_proc|lim_sample[15]                                                                      ; tx_audio_proc:u_tx_audio_proc|sample_out[9]  ; u_pll|altpll_component|auto_generated|pll1|clk[0] ; u_pll|altpll_component|auto_generated|pll1|clk[0] ; 10.000       ; 0.426      ; 9.446      ;
; 0.981 ; tx_audio_proc:u_tx_audio_proc|lim_sample[15]                                                                      ; tx_audio_proc:u_tx_audio_proc|sample_out[6]  ; u_pll|altpll_component|auto_generated|pll1|clk[0] ; u_pll|altpll_component|auto_generated|pll1|clk[0] ; 10.000       ; 0.426      ; 9.446      ;
; 0.982 ; tx_audio_proc:u_tx_audio_proc|lim_sample[15]                                                                      ; tx_audio_proc:u_tx_audio_proc|sample_out[7]  ; u_pll|altpll_component|auto_generated|pll1|clk[0] ; u_pll|altpll_component|auto_generated|pll1|clk[0] ; 10.000       ; 0.426      ; 9.445      ;
; 0.982 ; tx_audio_proc:u_tx_audio_proc|lim_sample[15]                                                                      ; tx_audio_proc:u_tx_audio_proc|sample_out[5]  ; u_pll|altpll_component|auto_generated|pll1|clk[0] ; u_pll|altpll_component|auto_generated|pll1|clk[0] ; 10.000       ; 0.426      ; 9.445      ;
; 0.982 ; tx_audio_proc:u_tx_audio_proc|lim_sample[15]                                                                      ; tx_audio_proc:u_tx_audio_proc|sample_out[4]  ; u_pll|altpll_component|auto_generated|pll1|clk[0] ; u_pll|altpll_component|auto_generated|pll1|clk[0] ; 10.000       ; 0.426      ; 9.445      ;
; 0.982 ; tx_audio_proc:u_tx_audio_proc|lim_sample[15]                                                                      ; tx_audio_proc:u_tx_audio_proc|sample_out[1]  ; u_pll|altpll_component|auto_generated|pll1|clk[0] ; u_pll|altpll_component|auto_generated|pll1|clk[0] ; 10.000       ; 0.426      ; 9.445      ;
; 0.983 ; tx_audio_proc:u_tx_audio_proc|lim_sample[15]                                                                      ; tx_audio_proc:u_tx_audio_proc|sample_out[0]  ; u_pll|altpll_component|auto_generated|pll1|clk[0] ; u_pll|altpll_component|auto_generated|pll1|clk[0] ; 10.000       ; 0.426      ; 9.444      ;
; 0.983 ; tx_audio_proc:u_tx_audio_proc|lim_sample[15]                                                                      ; tx_audio_proc:u_tx_audio_proc|sample_out[12] ; u_pll|altpll_component|auto_generated|pll1|clk[0] ; u_pll|altpll_component|auto_generated|pll1|clk[0] ; 10.000       ; 0.426      ; 9.444      ;
; 0.983 ; tx_audio_proc:u_tx_audio_proc|lim_sample[15]                                                                      ; tx_audio_proc:u_tx_audio_proc|sample_out[10] ; u_pll|altpll_component|auto_generated|pll1|clk[0] ; u_pll|altpll_component|auto_generated|pll1|clk[0] ; 10.000       ; 0.426      ; 9.444      ;
; 0.983 ; tx_audio_proc:u_tx_audio_proc|lim_sample[15]                                                                      ; tx_audio_proc:u_tx_audio_proc|sample_out[8]  ; u_pll|altpll_component|auto_generated|pll1|clk[0] ; u_pll|altpll_component|auto_generated|pll1|clk[0] ; 10.000       ; 0.426      ; 9.444      ;
; 0.983 ; tx_audio_proc:u_tx_audio_proc|lim_sample[15]                                                                      ; tx_audio_proc:u_tx_audio_proc|sample_out[2]  ; u_pll|altpll_component|auto_generated|pll1|clk[0] ; u_pll|altpll_component|auto_generated|pll1|clk[0] ; 10.000       ; 0.426      ; 9.444      ;
; 1.006 ; tx_audio_proc:u_tx_audio_proc|lim_sample[15]                                                                      ; tx_audio_proc:u_tx_audio_proc|sample_out[3]  ; u_pll|altpll_component|auto_generated|pll1|clk[0] ; u_pll|altpll_component|auto_generated|pll1|clk[0] ; 10.000       ; 0.402      ; 9.397      ;
; 1.008 ; tx_audio_proc:u_tx_audio_proc|lim_sample[5]                                                                       ; tx_audio_proc:u_tx_audio_proc|sample_out[3]  ; u_pll|altpll_component|auto_generated|pll1|clk[0] ; u_pll|altpll_component|auto_generated|pll1|clk[0] ; 10.000       ; 0.402      ; 9.395      ;
; 1.029 ; tx_audio_proc:u_tx_audio_proc|lim_sample[12]                                                                      ; tx_audio_proc:u_tx_audio_proc|sample_out[11] ; u_pll|altpll_component|auto_generated|pll1|clk[0] ; u_pll|altpll_component|auto_generated|pll1|clk[0] ; 10.000       ; 0.426      ; 9.398      ;
; 1.029 ; tx_audio_proc:u_tx_audio_proc|lim_sample[12]                                                                      ; tx_audio_proc:u_tx_audio_proc|sample_out[9]  ; u_pll|altpll_component|auto_generated|pll1|clk[0] ; u_pll|altpll_component|auto_generated|pll1|clk[0] ; 10.000       ; 0.426      ; 9.398      ;
; 1.029 ; tx_audio_proc:u_tx_audio_proc|lim_sample[12]                                                                      ; tx_audio_proc:u_tx_audio_proc|sample_out[6]  ; u_pll|altpll_component|auto_generated|pll1|clk[0] ; u_pll|altpll_component|auto_generated|pll1|clk[0] ; 10.000       ; 0.426      ; 9.398      ;
; 1.030 ; tx_audio_proc:u_tx_audio_proc|lim_sample[12]                                                                      ; tx_audio_proc:u_tx_audio_proc|sample_out[7]  ; u_pll|altpll_component|auto_generated|pll1|clk[0] ; u_pll|altpll_component|auto_generated|pll1|clk[0] ; 10.000       ; 0.426      ; 9.397      ;
; 1.030 ; tx_audio_proc:u_tx_audio_proc|lim_sample[12]                                                                      ; tx_audio_proc:u_tx_audio_proc|sample_out[5]  ; u_pll|altpll_component|auto_generated|pll1|clk[0] ; u_pll|altpll_component|auto_generated|pll1|clk[0] ; 10.000       ; 0.426      ; 9.397      ;
; 1.030 ; tx_audio_proc:u_tx_audio_proc|lim_sample[12]                                                                      ; tx_audio_proc:u_tx_audio_proc|sample_out[4]  ; u_pll|altpll_component|auto_generated|pll1|clk[0] ; u_pll|altpll_component|auto_generated|pll1|clk[0] ; 10.000       ; 0.426      ; 9.397      ;
; 1.030 ; tx_audio_proc:u_tx_audio_proc|lim_sample[12]                                                                      ; tx_audio_proc:u_tx_audio_proc|sample_out[1]  ; u_pll|altpll_component|auto_generated|pll1|clk[0] ; u_pll|altpll_component|auto_generated|pll1|clk[0] ; 10.000       ; 0.426      ; 9.397      ;
; 1.031 ; tx_audio_proc:u_tx_audio_proc|lim_sample[12]                                                                      ; tx_audio_proc:u_tx_audio_proc|sample_out[0]  ; u_pll|altpll_component|auto_generated|pll1|clk[0] ; u_pll|altpll_component|auto_generated|pll1|clk[0] ; 10.000       ; 0.426      ; 9.396      ;
; 1.031 ; tx_audio_proc:u_tx_audio_proc|lim_sample[12]                                                                      ; tx_audio_proc:u_tx_audio_proc|sample_out[12] ; u_pll|altpll_component|auto_generated|pll1|clk[0] ; u_pll|altpll_component|auto_generated|pll1|clk[0] ; 10.000       ; 0.426      ; 9.396      ;
; 1.031 ; tx_audio_proc:u_tx_audio_proc|lim_sample[12]                                                                      ; tx_audio_proc:u_tx_audio_proc|sample_out[10] ; u_pll|altpll_component|auto_generated|pll1|clk[0] ; u_pll|altpll_component|auto_generated|pll1|clk[0] ; 10.000       ; 0.426      ; 9.396      ;
; 1.031 ; tx_audio_proc:u_tx_audio_proc|lim_sample[12]                                                                      ; tx_audio_proc:u_tx_audio_proc|sample_out[8]  ; u_pll|altpll_component|auto_generated|pll1|clk[0] ; u_pll|altpll_component|auto_generated|pll1|clk[0] ; 10.000       ; 0.426      ; 9.396      ;
; 1.031 ; tx_audio_proc:u_tx_audio_proc|lim_sample[12]                                                                      ; tx_audio_proc:u_tx_audio_proc|sample_out[2]  ; u_pll|altpll_component|auto_generated|pll1|clk[0] ; u_pll|altpll_component|auto_generated|pll1|clk[0] ; 10.000       ; 0.426      ; 9.396      ;
; 1.037 ; tx_audio_proc:u_tx_audio_proc|lim_sample[5]                                                                       ; tx_audio_proc:u_tx_audio_proc|sample_out[11] ; u_pll|altpll_component|auto_generated|pll1|clk[0] ; u_pll|altpll_component|auto_generated|pll1|clk[0] ; 10.000       ; 0.426      ; 9.390      ;
; 1.037 ; tx_audio_proc:u_tx_audio_proc|lim_sample[5]                                                                       ; tx_audio_proc:u_tx_audio_proc|sample_out[9]  ; u_pll|altpll_component|auto_generated|pll1|clk[0] ; u_pll|altpll_component|auto_generated|pll1|clk[0] ; 10.000       ; 0.426      ; 9.390      ;
; 1.037 ; tx_audio_proc:u_tx_audio_proc|lim_sample[5]                                                                       ; tx_audio_proc:u_tx_audio_proc|sample_out[6]  ; u_pll|altpll_component|auto_generated|pll1|clk[0] ; u_pll|altpll_component|auto_generated|pll1|clk[0] ; 10.000       ; 0.426      ; 9.390      ;
+-------+-------------------------------------------------------------------------------------------------------------------+----------------------------------------------+---------------------------------------------------+---------------------------------------------------+--------------+------------+------------+


+----------------------------------------------------------------------------------------------------------------------------------------------------------------------------------------------------------------------------------------------------------------------------------------------------------------------------+
; Slow 1200mV 85C Model Hold: 'u_pll|altpll_component|auto_generated|pll1|clk[0]'                                                                                                                                                                                                                                            ;
+-------+-----------------------------------------------+-------------------------------------------------------------------------------------------------------------------+---------------------------------------------------+---------------------------------------------------+--------------+------------+------------+
; Slack ; From Node                                     ; To Node                                                                                                           ; Launch Clock                                      ; Latch Clock                                       ; Relationship ; Clock Skew ; Data Delay ;
+-------+-----------------------------------------------+-------------------------------------------------------------------------------------------------------------------+---------------------------------------------------+---------------------------------------------------+--------------+------------+------------+
; 0.404 ; hilbert_filter:u_hilbert|tap0[5]              ; hilbert_filter:u_hilbert|altsyncram:coef_rom_rtl_0|altsyncram_ff91:auto_generated|ram_block1a0~porta_address_reg0 ; u_pll|altpll_component|auto_generated|pll1|clk[0] ; u_pll|altpll_component|auto_generated|pll1|clk[0] ; 0.000        ; 0.511      ; 1.169      ;
; 0.404 ; hilbert_filter:u_hilbert|tap0[7]              ; hilbert_filter:u_hilbert|altsyncram:coef_rom_rtl_0|altsyncram_ff91:auto_generated|ram_block1a0~porta_address_reg0 ; u_pll|altpll_component|auto_generated|pll1|clk[0] ; u_pll|altpll_component|auto_generated|pll1|clk[0] ; 0.000        ; 0.511      ; 1.169      ;
; 0.405 ; hilbert_filter:u_hilbert|tap0[6]              ; hilbert_filter:u_hilbert|altsyncram:coef_rom_rtl_0|altsyncram_ff91:auto_generated|ram_block1a0~porta_address_reg0 ; u_pll|altpll_component|auto_generated|pll1|clk[0] ; u_pll|altpll_component|auto_generated|pll1|clk[0] ; 0.000        ; 0.511      ; 1.170      ;
; 0.428 ; hilbert_filter:u_hilbert|wr_ptr[1]            ; hilbert_filter:u_hilbert|altsyncram:history_rtl_0|altsyncram_1si1:auto_generated|ram_block1a0~porta_address_reg0  ; u_pll|altpll_component|auto_generated|pll1|clk[0] ; u_pll|altpll_component|auto_generated|pll1|clk[0] ; 0.000        ; 0.478      ; 1.160      ;
; 0.437 ; hilbert_filter:u_hilbert|tap0[4]              ; hilbert_filter:u_hilbert|altsyncram:coef_rom_rtl_0|altsyncram_ff91:auto_generated|ram_block1a0~porta_address_reg0 ; u_pll|altpll_component|auto_generated|pll1|clk[0] ; u_pll|altpll_component|auto_generated|pll1|clk[0] ; 0.000        ; 0.511      ; 1.202      ;
; 0.438 ; hilbert_filter:u_hilbert|wr_ptr[2]            ; hilbert_filter:u_hilbert|altsyncram:history_rtl_0|altsyncram_1si1:auto_generated|ram_block1a0~porta_address_reg0  ; u_pll|altpll_component|auto_generated|pll1|clk[0] ; u_pll|altpll_component|auto_generated|pll1|clk[0] ; 0.000        ; 0.478      ; 1.170      ;
; 0.448 ; hilbert_filter:u_hilbert|tap0[2]              ; hilbert_filter:u_hilbert|altsyncram:coef_rom_rtl_0|altsyncram_ff91:auto_generated|ram_block1a0~porta_address_reg0 ; u_pll|altpll_component|auto_generated|pll1|clk[0] ; u_pll|altpll_component|auto_generated|pll1|clk[0] ; 0.000        ; 0.511      ; 1.213      ;
; 0.452 ; hilbert_filter:u_hilbert|busy                 ; hilbert_filter:u_hilbert|busy                                                                                     ; u_pll|altpll_component|auto_generated|pll1|clk[0] ; u_pll|altpll_component|auto_generated|pll1|clk[0] ; 0.000        ; 0.082      ; 0.746      ;
; 0.452 ; key0_stable                                   ; key0_stable                                                                                                       ; u_pll|altpll_component|auto_generated|pll1|clk[0] ; u_pll|altpll_component|auto_generated|pll1|clk[0] ; 0.000        ; 0.082      ; 0.746      ;
; 0.453 ; tx_audio_proc:u_tx_audio_proc|gate_on         ; tx_audio_proc:u_tx_audio_proc|gate_on                                                                             ; u_pll|altpll_component|auto_generated|pll1|clk[0] ; u_pll|altpll_component|auto_generated|pll1|clk[0] ; 0.000        ; 0.081      ; 0.746      ;
; 0.453 ; tx_enable                                     ; tx_enable                                                                                                         ; u_pll|altpll_component|auto_generated|pll1|clk[0] ; u_pll|altpll_component|auto_generated|pll1|clk[0] ; 0.000        ; 0.081      ; 0.746      ;
; 0.460 ; hilbert_filter:u_hilbert|wr_ptr[0]            ; hilbert_filter:u_hilbert|altsyncram:history_rtl_0|altsyncram_1si1:auto_generated|ram_block1a0~porta_address_reg0  ; u_pll|altpll_component|auto_generated|pll1|clk[0] ; u_pll|altpll_component|auto_generated|pll1|clk[0] ; 0.000        ; 0.478      ; 1.192      ;
; 0.465 ; hilbert_filter:u_hilbert|wr_ptr[0]            ; hilbert_filter:u_hilbert|wr_ptr[0]                                                                                ; u_pll|altpll_component|auto_generated|pll1|clk[0] ; u_pll|altpll_component|auto_generated|pll1|clk[0] ; 0.000        ; 0.081      ; 0.758      ;
; 0.465 ; hilbert_filter:u_hilbert|issue_en             ; hilbert_filter:u_hilbert|issue_en                                                                                 ; u_pll|altpll_component|auto_generated|pll1|clk[0] ; u_pll|altpll_component|auto_generated|pll1|clk[0] ; 0.000        ; 0.081      ; 0.758      ;
; 0.465 ; i2s_rx:u_i2s_rx|clk_div[0]                    ; i2s_rx:u_i2s_rx|clk_div[0]                                                                                        ; u_pll|altpll_component|auto_generated|pll1|clk[0] ; u_pll|altpll_component|auto_generated|pll1|clk[0] ; 0.000        ; 0.081      ; 0.758      ;
; 0.470 ; hilbert_filter:u_hilbert|wr_ptr[4]            ; hilbert_filter:u_hilbert|altsyncram:history_rtl_0|altsyncram_1si1:auto_generated|ram_block1a0~porta_address_reg0  ; u_pll|altpll_component|auto_generated|pll1|clk[0] ; u_pll|altpll_component|auto_generated|pll1|clk[0] ; 0.000        ; 0.478      ; 1.202      ;
; 0.478 ; hilbert_filter:u_hilbert|wr_ptr[3]            ; hilbert_filter:u_hilbert|altsyncram:history_rtl_0|altsyncram_1si1:auto_generated|ram_block1a0~porta_address_reg0  ; u_pll|altpll_component|auto_generated|pll1|clk[0] ; u_pll|altpll_component|auto_generated|pll1|clk[0] ; 0.000        ; 0.478      ; 1.210      ;
; 0.480 ; hilbert_filter:u_hilbert|wr_ptr[7]            ; hilbert_filter:u_hilbert|altsyncram:history_rtl_0|altsyncram_1si1:auto_generated|ram_block1a0~porta_address_reg0  ; u_pll|altpll_component|auto_generated|pll1|clk[0] ; u_pll|altpll_component|auto_generated|pll1|clk[0] ; 0.000        ; 0.478      ; 1.212      ;
; 0.499 ; i2s_rx:u_i2s_rx|shift_reg[1]                  ; i2s_rx:u_i2s_rx|shift_reg[2]                                                                                      ; u_pll|altpll_component|auto_generated|pll1|clk[0] ; u_pll|altpll_component|auto_generated|pll1|clk[0] ; 0.000        ; 0.082      ; 0.793      ;
; 0.500 ; i2s_rx:u_i2s_rx|shift_reg[6]                  ; i2s_rx:u_i2s_rx|shift_reg[7]                                                                                      ; u_pll|altpll_component|auto_generated|pll1|clk[0] ; u_pll|altpll_component|auto_generated|pll1|clk[0] ; 0.000        ; 0.082      ; 0.794      ;
; 0.501 ; hilbert_filter:u_hilbert|audio_i_captured[11] ; hilbert_filter:u_hilbert|audio_i[11]                                                                              ; u_pll|altpll_component|auto_generated|pll1|clk[0] ; u_pll|altpll_component|auto_generated|pll1|clk[0] ; 0.000        ; 0.081      ; 0.794      ;
; 0.501 ; hilbert_filter:u_hilbert|audio_i_captured[10] ; hilbert_filter:u_hilbert|audio_i[10]                                                                              ; u_pll|altpll_component|auto_generated|pll1|clk[0] ; u_pll|altpll_component|auto_generated|pll1|clk[0] ; 0.000        ; 0.081      ; 0.794      ;
; 0.501 ; hilbert_filter:u_hilbert|audio_i_captured[9]  ; hilbert_filter:u_hilbert|audio_i[9]                                                                               ; u_pll|altpll_component|auto_generated|pll1|clk[0] ; u_pll|altpll_component|auto_generated|pll1|clk[0] ; 0.000        ; 0.081      ; 0.794      ;
; 0.501 ; hilbert_filter:u_hilbert|audio_i_captured[6]  ; hilbert_filter:u_hilbert|audio_i[6]                                                                               ; u_pll|altpll_component|auto_generated|pll1|clk[0] ; u_pll|altpll_component|auto_generated|pll1|clk[0] ; 0.000        ; 0.081      ; 0.794      ;
; 0.502 ; hilbert_filter:u_hilbert|audio_i_captured[5]  ; hilbert_filter:u_hilbert|audio_i[5]                                                                               ; u_pll|altpll_component|auto_generated|pll1|clk[0] ; u_pll|altpll_component|auto_generated|pll1|clk[0] ; 0.000        ; 0.081      ; 0.795      ;
; 0.502 ; hilbert_filter:u_hilbert|audio_i_captured[4]  ; hilbert_filter:u_hilbert|audio_i[4]                                                                               ; u_pll|altpll_component|auto_generated|pll1|clk[0] ; u_pll|altpll_component|auto_generated|pll1|clk[0] ; 0.000        ; 0.081      ; 0.795      ;
; 0.502 ; i2s_rx:u_i2s_rx|shift_reg[2]                  ; i2s_rx:u_i2s_rx|shift_reg[3]                                                                                      ; u_pll|altpll_component|auto_generated|pll1|clk[0] ; u_pll|altpll_component|auto_generated|pll1|clk[0] ; 0.000        ; 0.082      ; 0.796      ;
; 0.502 ; i2s_rx:u_i2s_rx|shift_reg[0]                  ; i2s_rx:u_i2s_rx|shift_reg[1]                                                                                      ; u_pll|altpll_component|auto_generated|pll1|clk[0] ; u_pll|altpll_component|auto_generated|pll1|clk[0] ; 0.000        ; 0.082      ; 0.796      ;
; 0.503 ; hilbert_filter:u_hilbert|audio_i_captured[13] ; hilbert_filter:u_hilbert|audio_i[13]                                                                              ; u_pll|altpll_component|auto_generated|pll1|clk[0] ; u_pll|altpll_component|auto_generated|pll1|clk[0] ; 0.000        ; 0.081      ; 0.796      ;
; 0.504 ; hilbert_filter:u_hilbert|audio_i_captured[12] ; hilbert_filter:u_hilbert|audio_i[12]                                                                              ; u_pll|altpll_component|auto_generated|pll1|clk[0] ; u_pll|altpll_component|auto_generated|pll1|clk[0] ; 0.000        ; 0.081      ; 0.797      ;
; 0.508 ; cic_interpolator:u_cic_i|i3_out[34]           ; multi_band_modulator:u_band_mod|audio_i_d1[12]                                                                    ; u_pll|altpll_component|auto_generated|pll1|clk[0] ; u_pll|altpll_component|auto_generated|pll1|clk[0] ; 0.000        ; 0.082      ; 0.802      ;
; 0.508 ; multi_band_modulator:u_band_mod|tx_out_B[28]  ; multi_band_modulator:u_band_mod|dac_out_B[7]                                                                      ; u_pll|altpll_component|auto_generated|pll1|clk[0] ; u_pll|altpll_component|auto_generated|pll1|clk[0] ; 0.000        ; 0.081      ; 0.801      ;
; 0.509 ; cic_interpolator:u_cic_i|i3_out[32]           ; multi_band_modulator:u_band_mod|audio_i_d1[10]                                                                    ; u_pll|altpll_component|auto_generated|pll1|clk[0] ; u_pll|altpll_component|auto_generated|pll1|clk[0] ; 0.000        ; 0.082      ; 0.803      ;
; 0.509 ; hilbert_filter:u_hilbert|tap1[7]              ; hilbert_filter:u_hilbert|tap2[7]                                                                                  ; u_pll|altpll_component|auto_generated|pll1|clk[0] ; u_pll|altpll_component|auto_generated|pll1|clk[0] ; 0.000        ; 0.082      ; 0.803      ;
; 0.509 ; cic_interpolator:u_cic_q|i3_out[35]           ; multi_band_modulator:u_band_mod|audio_q_d1[13]                                                                    ; u_pll|altpll_component|auto_generated|pll1|clk[0] ; u_pll|altpll_component|auto_generated|pll1|clk[0] ; 0.000        ; 0.081      ; 0.802      ;
; 0.509 ; hilbert_filter:u_hilbert|tap1[2]              ; hilbert_filter:u_hilbert|tap2[2]                                                                                  ; u_pll|altpll_component|auto_generated|pll1|clk[0] ; u_pll|altpll_component|auto_generated|pll1|clk[0] ; 0.000        ; 0.080      ; 0.801      ;
; 0.509 ; hilbert_filter:u_hilbert|tap1[0]              ; hilbert_filter:u_hilbert|tap2[0]                                                                                  ; u_pll|altpll_component|auto_generated|pll1|clk[0] ; u_pll|altpll_component|auto_generated|pll1|clk[0] ; 0.000        ; 0.080      ; 0.801      ;
; 0.510 ; cic_interpolator:u_cic_i|i3_out[31]           ; multi_band_modulator:u_band_mod|audio_i_d1[9]                                                                     ; u_pll|altpll_component|auto_generated|pll1|clk[0] ; u_pll|altpll_component|auto_generated|pll1|clk[0] ; 0.000        ; 0.082      ; 0.804      ;
; 0.516 ; key_d0[2]                                     ; key_d1[2]                                                                                                         ; u_pll|altpll_component|auto_generated|pll1|clk[0] ; u_pll|altpll_component|auto_generated|pll1|clk[0] ; 0.000        ; 0.082      ; 0.810      ;
; 0.525 ; cic_interpolator:u_cic_i|c1_out[0]            ; cic_interpolator:u_cic_i|c2_d1[0]                                                                                 ; u_pll|altpll_component|auto_generated|pll1|clk[0] ; u_pll|altpll_component|auto_generated|pll1|clk[0] ; 0.000        ; 0.082      ; 0.819      ;
; 0.526 ; hilbert_filter:u_hilbert|wr_ptr[0]            ; hilbert_filter:u_hilbert|newest_ptr[0]                                                                            ; u_pll|altpll_component|auto_generated|pll1|clk[0] ; u_pll|altpll_component|auto_generated|pll1|clk[0] ; 0.000        ; 0.081      ; 0.819      ;
; 0.527 ; hilbert_filter:u_hilbert|tap1[1]              ; hilbert_filter:u_hilbert|tap2[1]                                                                                  ; u_pll|altpll_component|auto_generated|pll1|clk[0] ; u_pll|altpll_component|auto_generated|pll1|clk[0] ; 0.000        ; 0.080      ; 0.819      ;
; 0.529 ; tx_audio_proc:u_tx_audio_proc|hp_sample[10]   ; tx_audio_proc:u_tx_audio_proc|hp_prev[10]                                                                         ; u_pll|altpll_component|auto_generated|pll1|clk[0] ; u_pll|altpll_component|auto_generated|pll1|clk[0] ; 0.000        ; 0.081      ; 0.822      ;
; 0.531 ; i2s_rx:u_i2s_rx|shift_reg[7]                  ; i2s_rx:u_i2s_rx|shift_reg[8]                                                                                      ; u_pll|altpll_component|auto_generated|pll1|clk[0] ; u_pll|altpll_component|auto_generated|pll1|clk[0] ; 0.000        ; 0.082      ; 0.825      ;
; 0.532 ; hilbert_filter:u_hilbert|wr_ptr[5]            ; hilbert_filter:u_hilbert|altsyncram:history_rtl_0|altsyncram_1si1:auto_generated|ram_block1a0~porta_address_reg0  ; u_pll|altpll_component|auto_generated|pll1|clk[0] ; u_pll|altpll_component|auto_generated|pll1|clk[0] ; 0.000        ; 0.478      ; 1.264      ;
; 0.532 ; i2s_rx:u_i2s_rx|shift_reg[9]                  ; i2s_rx:u_i2s_rx|shift_reg[10]                                                                                     ; u_pll|altpll_component|auto_generated|pll1|clk[0] ; u_pll|altpll_component|auto_generated|pll1|clk[0] ; 0.000        ; 0.082      ; 0.826      ;
; 0.532 ; i2s_rx:u_i2s_rx|shift_reg[8]                  ; i2s_rx:u_i2s_rx|shift_reg[9]                                                                                      ; u_pll|altpll_component|auto_generated|pll1|clk[0] ; u_pll|altpll_component|auto_generated|pll1|clk[0] ; 0.000        ; 0.082      ; 0.826      ;
; 0.534 ; hilbert_filter:u_hilbert|wr_ptr[6]            ; hilbert_filter:u_hilbert|newest_ptr[6]                                                                            ; u_pll|altpll_component|auto_generated|pll1|clk[0] ; u_pll|altpll_component|auto_generated|pll1|clk[0] ; 0.000        ; 0.081      ; 0.827      ;
; 0.535 ; hilbert_filter:u_hilbert|wr_ptr[5]            ; hilbert_filter:u_hilbert|newest_ptr[5]                                                                            ; u_pll|altpll_component|auto_generated|pll1|clk[0] ; u_pll|altpll_component|auto_generated|pll1|clk[0] ; 0.000        ; 0.081      ; 0.828      ;
; 0.535 ; hilbert_filter:u_hilbert|wr_ptr[3]            ; hilbert_filter:u_hilbert|newest_ptr[3]                                                                            ; u_pll|altpll_component|auto_generated|pll1|clk[0] ; u_pll|altpll_component|auto_generated|pll1|clk[0] ; 0.000        ; 0.081      ; 0.828      ;
; 0.536 ; hilbert_filter:u_hilbert|wr_ptr[1]            ; hilbert_filter:u_hilbert|newest_ptr[1]                                                                            ; u_pll|altpll_component|auto_generated|pll1|clk[0] ; u_pll|altpll_component|auto_generated|pll1|clk[0] ; 0.000        ; 0.081      ; 0.829      ;
; 0.542 ; hilbert_filter:u_hilbert|tap_issue[0]         ; hilbert_filter:u_hilbert|tap0[0]                                                                                  ; u_pll|altpll_component|auto_generated|pll1|clk[0] ; u_pll|altpll_component|auto_generated|pll1|clk[0] ; 0.000        ; 0.081      ; 0.835      ;
; 0.620 ; hilbert_filter:u_hilbert|tap0[1]              ; hilbert_filter:u_hilbert|altsyncram:coef_rom_rtl_0|altsyncram_ff91:auto_generated|ram_block1a0~porta_address_reg0 ; u_pll|altpll_component|auto_generated|pll1|clk[0] ; u_pll|altpll_component|auto_generated|pll1|clk[0] ; 0.000        ; 0.511      ; 1.385      ;
; 0.634 ; hilbert_filter:u_hilbert|hist_addr0[3]        ; hilbert_filter:u_hilbert|altsyncram:history_rtl_0|altsyncram_1si1:auto_generated|ram_block1a0~portb_address_reg0  ; u_pll|altpll_component|auto_generated|pll1|clk[0] ; u_pll|altpll_component|auto_generated|pll1|clk[0] ; 0.000        ; 0.500      ; 1.388      ;
; 0.665 ; i2s_rx:u_i2s_rx|audio_data[0]                 ; tx_audio_proc:u_tx_audio_proc|x_prev[0]                                                                           ; u_pll|altpll_component|auto_generated|pll1|clk[0] ; u_pll|altpll_component|auto_generated|pll1|clk[0] ; 0.000        ; 0.082      ; 0.959      ;
; 0.666 ; hilbert_filter:u_hilbert|hist_addr0[4]        ; hilbert_filter:u_hilbert|altsyncram:history_rtl_0|altsyncram_1si1:auto_generated|ram_block1a0~portb_address_reg0  ; u_pll|altpll_component|auto_generated|pll1|clk[0] ; u_pll|altpll_component|auto_generated|pll1|clk[0] ; 0.000        ; 0.500      ; 1.420      ;
; 0.666 ; multi_band_modulator:u_band_mod|tx_out_B[27]  ; multi_band_modulator:u_band_mod|dac_out_B[7]                                                                      ; u_pll|altpll_component|auto_generated|pll1|clk[0] ; u_pll|altpll_component|auto_generated|pll1|clk[0] ; 0.000        ; 0.081      ; 0.959      ;
; 0.667 ; tx_audio_proc:u_tx_audio_proc|hp_sample[5]    ; tx_audio_proc:u_tx_audio_proc|hp_prev[5]                                                                          ; u_pll|altpll_component|auto_generated|pll1|clk[0] ; u_pll|altpll_component|auto_generated|pll1|clk[0] ; 0.000        ; 0.081      ; 0.960      ;
; 0.686 ; cic_interpolator:u_cic_q|c2_d1[14]            ; cic_interpolator:u_cic_q|c2_out[15]                                                                               ; u_pll|altpll_component|auto_generated|pll1|clk[0] ; u_pll|altpll_component|auto_generated|pll1|clk[0] ; 0.000        ; 0.081      ; 0.979      ;
; 0.689 ; hilbert_filter:u_hilbert|tap1[6]              ; hilbert_filter:u_hilbert|tap2[6]                                                                                  ; u_pll|altpll_component|auto_generated|pll1|clk[0] ; u_pll|altpll_component|auto_generated|pll1|clk[0] ; 0.000        ; 0.082      ; 0.983      ;
; 0.690 ; tx_audio_proc:u_tx_audio_proc|hp_sample[7]    ; tx_audio_proc:u_tx_audio_proc|hp_prev[7]                                                                          ; u_pll|altpll_component|auto_generated|pll1|clk[0] ; u_pll|altpll_component|auto_generated|pll1|clk[0] ; 0.000        ; 0.081      ; 0.983      ;
; 0.691 ; cic_interpolator:u_cic_i|c1_out[4]            ; cic_interpolator:u_cic_i|c2_d1[4]                                                                                 ; u_pll|altpll_component|auto_generated|pll1|clk[0] ; u_pll|altpll_component|auto_generated|pll1|clk[0] ; 0.000        ; 0.082      ; 0.985      ;
; 0.692 ; cic_interpolator:u_cic_i|c2_d1[14]            ; cic_interpolator:u_cic_i|c2_out[15]                                                                               ; u_pll|altpll_component|auto_generated|pll1|clk[0] ; u_pll|altpll_component|auto_generated|pll1|clk[0] ; 0.000        ; 0.081      ; 0.985      ;
; 0.692 ; cic_interpolator:u_cic_i|c2_out[11]           ; cic_interpolator:u_cic_i|c3_d1[11]                                                                                ; u_pll|altpll_component|auto_generated|pll1|clk[0] ; u_pll|altpll_component|auto_generated|pll1|clk[0] ; 0.000        ; 0.082      ; 0.986      ;
; 0.692 ; cic_interpolator:u_cic_i|c1_out[11]           ; cic_interpolator:u_cic_i|c2_d1[11]                                                                                ; u_pll|altpll_component|auto_generated|pll1|clk[0] ; u_pll|altpll_component|auto_generated|pll1|clk[0] ; 0.000        ; 0.082      ; 0.986      ;
; 0.693 ; hilbert_filter:u_hilbert|tap_issue[8]         ; hilbert_filter:u_hilbert|tap_issue[8]                                                                             ; u_pll|altpll_component|auto_generated|pll1|clk[0] ; u_pll|altpll_component|auto_generated|pll1|clk[0] ; 0.000        ; 0.081      ; 0.986      ;
; 0.697 ; tx_audio_proc:u_tx_audio_proc|hp_sample[9]    ; tx_audio_proc:u_tx_audio_proc|hp_prev[9]                                                                          ; u_pll|altpll_component|auto_generated|pll1|clk[0] ; u_pll|altpll_component|auto_generated|pll1|clk[0] ; 0.000        ; 0.081      ; 0.990      ;
; 0.698 ; cic_interpolator:u_cic_i|c2_out[9]            ; cic_interpolator:u_cic_i|c3_d1[9]                                                                                 ; u_pll|altpll_component|auto_generated|pll1|clk[0] ; u_pll|altpll_component|auto_generated|pll1|clk[0] ; 0.000        ; 0.082      ; 0.992      ;
; 0.698 ; hilbert_filter:u_hilbert|audio_i_captured[7]  ; hilbert_filter:u_hilbert|audio_i[7]                                                                               ; u_pll|altpll_component|auto_generated|pll1|clk[0] ; u_pll|altpll_component|auto_generated|pll1|clk[0] ; 0.000        ; 0.081      ; 0.991      ;
; 0.698 ; tx_audio_proc:u_tx_audio_proc|lpf2_state[27]  ; tx_audio_proc:u_tx_audio_proc|lpf2_state[27]                                                                      ; u_pll|altpll_component|auto_generated|pll1|clk[0] ; u_pll|altpll_component|auto_generated|pll1|clk[0] ; 0.000        ; 0.082      ; 0.992      ;
; 0.698 ; i2s_rx:u_i2s_rx|audio_data[16]                ; tx_audio_proc:u_tx_audio_proc|x_prev[16]                                                                          ; u_pll|altpll_component|auto_generated|pll1|clk[0] ; u_pll|altpll_component|auto_generated|pll1|clk[0] ; 0.000        ; 0.082      ; 0.992      ;
; 0.698 ; i2s_rx:u_i2s_rx|shift_reg[5]                  ; i2s_rx:u_i2s_rx|shift_reg[6]                                                                                      ; u_pll|altpll_component|auto_generated|pll1|clk[0] ; u_pll|altpll_component|auto_generated|pll1|clk[0] ; 0.000        ; 0.082      ; 0.992      ;
; 0.698 ; i2s_rx:u_i2s_rx|shift_reg[4]                  ; i2s_rx:u_i2s_rx|shift_reg[5]                                                                                      ; u_pll|altpll_component|auto_generated|pll1|clk[0] ; u_pll|altpll_component|auto_generated|pll1|clk[0] ; 0.000        ; 0.082      ; 0.992      ;
; 0.699 ; hilbert_filter:u_hilbert|audio_i_captured[2]  ; hilbert_filter:u_hilbert|audio_i[2]                                                                               ; u_pll|altpll_component|auto_generated|pll1|clk[0] ; u_pll|altpll_component|auto_generated|pll1|clk[0] ; 0.000        ; 0.081      ; 0.992      ;
; 0.699 ; hilbert_filter:u_hilbert|audio_i_captured[1]  ; hilbert_filter:u_hilbert|audio_i[1]                                                                               ; u_pll|altpll_component|auto_generated|pll1|clk[0] ; u_pll|altpll_component|auto_generated|pll1|clk[0] ; 0.000        ; 0.081      ; 0.992      ;
; 0.700 ; hilbert_filter:u_hilbert|audio_i_captured[8]  ; hilbert_filter:u_hilbert|audio_i[8]                                                                               ; u_pll|altpll_component|auto_generated|pll1|clk[0] ; u_pll|altpll_component|auto_generated|pll1|clk[0] ; 0.000        ; 0.081      ; 0.993      ;
; 0.700 ; tx_audio_proc:u_tx_audio_proc|hp_sample[13]   ; tx_audio_proc:u_tx_audio_proc|hp_prev[13]                                                                         ; u_pll|altpll_component|auto_generated|pll1|clk[0] ; u_pll|altpll_component|auto_generated|pll1|clk[0] ; 0.000        ; 0.081      ; 0.993      ;
; 0.701 ; hilbert_filter:u_hilbert|audio_i_captured[0]  ; hilbert_filter:u_hilbert|audio_i[0]                                                                               ; u_pll|altpll_component|auto_generated|pll1|clk[0] ; u_pll|altpll_component|auto_generated|pll1|clk[0] ; 0.000        ; 0.081      ; 0.994      ;
; 0.702 ; cic_interpolator:u_cic_i|i2_out[35]           ; cic_interpolator:u_cic_i|i3_out[35]                                                                               ; u_pll|altpll_component|auto_generated|pll1|clk[0] ; u_pll|altpll_component|auto_generated|pll1|clk[0] ; 0.000        ; 0.082      ; 0.996      ;
; 0.702 ; hilbert_filter:u_hilbert|audio_i_captured[3]  ; hilbert_filter:u_hilbert|audio_i[3]                                                                               ; u_pll|altpll_component|auto_generated|pll1|clk[0] ; u_pll|altpll_component|auto_generated|pll1|clk[0] ; 0.000        ; 0.081      ; 0.995      ;
; 0.703 ; cic_interpolator:u_cic_i|i1_out[35]           ; cic_interpolator:u_cic_i|i2_out[35]                                                                               ; u_pll|altpll_component|auto_generated|pll1|clk[0] ; u_pll|altpll_component|auto_generated|pll1|clk[0] ; 0.000        ; 0.081      ; 0.996      ;
; 0.703 ; multi_band_modulator:u_band_mod|phase_acc[31] ; multi_band_modulator:u_band_mod|sign_iB_d1                                                                        ; u_pll|altpll_component|auto_generated|pll1|clk[0] ; u_pll|altpll_component|auto_generated|pll1|clk[0] ; 0.000        ; 0.082      ; 0.997      ;
; 0.705 ; tx_audio_proc:u_tx_audio_proc|hp_sample[2]    ; tx_audio_proc:u_tx_audio_proc|hp_prev[2]                                                                          ; u_pll|altpll_component|auto_generated|pll1|clk[0] ; u_pll|altpll_component|auto_generated|pll1|clk[0] ; 0.000        ; 0.081      ; 0.998      ;
; 0.706 ; cic_interpolator:u_cic_i|i3_out[30]           ; multi_band_modulator:u_band_mod|audio_i_d1[8]                                                                     ; u_pll|altpll_component|auto_generated|pll1|clk[0] ; u_pll|altpll_component|auto_generated|pll1|clk[0] ; 0.000        ; 0.082      ; 1.000      ;
; 0.706 ; hilbert_filter:u_hilbert|tap1[5]              ; hilbert_filter:u_hilbert|tap2[5]                                                                                  ; u_pll|altpll_component|auto_generated|pll1|clk[0] ; u_pll|altpll_component|auto_generated|pll1|clk[0] ; 0.000        ; 0.082      ; 1.000      ;
; 0.706 ; tx_audio_proc:u_tx_audio_proc|lpf1_state[27]  ; tx_audio_proc:u_tx_audio_proc|lpf1_state[27]                                                                      ; u_pll|altpll_component|auto_generated|pll1|clk[0] ; u_pll|altpll_component|auto_generated|pll1|clk[0] ; 0.000        ; 0.081      ; 0.999      ;
; 0.708 ; cic_interpolator:u_cic_q|i3_out[28]           ; multi_band_modulator:u_band_mod|audio_q_d1[6]                                                                     ; u_pll|altpll_component|auto_generated|pll1|clk[0] ; u_pll|altpll_component|auto_generated|pll1|clk[0] ; 0.000        ; 0.081      ; 1.001      ;
; 0.708 ; hilbert_filter:u_hilbert|tap1[3]              ; hilbert_filter:u_hilbert|tap2[3]                                                                                  ; u_pll|altpll_component|auto_generated|pll1|clk[0] ; u_pll|altpll_component|auto_generated|pll1|clk[0] ; 0.000        ; 0.080      ; 1.000      ;
; 0.712 ; cic_interpolator:u_cic_i|c3_d1[15]            ; cic_interpolator:u_cic_i|c3_out[16]                                                                               ; u_pll|altpll_component|auto_generated|pll1|clk[0] ; u_pll|altpll_component|auto_generated|pll1|clk[0] ; 0.000        ; 0.081      ; 1.005      ;
; 0.712 ; cic_interpolator:u_cic_q|c3_d1[15]            ; cic_interpolator:u_cic_q|c3_out[16]                                                                               ; u_pll|altpll_component|auto_generated|pll1|clk[0] ; u_pll|altpll_component|auto_generated|pll1|clk[0] ; 0.000        ; 0.081      ; 1.005      ;
; 0.716 ; cic_interpolator:u_cic_i|c1_out[1]            ; cic_interpolator:u_cic_i|c2_d1[1]                                                                                 ; u_pll|altpll_component|auto_generated|pll1|clk[0] ; u_pll|altpll_component|auto_generated|pll1|clk[0] ; 0.000        ; 0.082      ; 1.010      ;
; 0.716 ; i2s_rx:u_i2s_rx|audio_data[10]                ; tx_audio_proc:u_tx_audio_proc|x_prev[10]                                                                          ; u_pll|altpll_component|auto_generated|pll1|clk[0] ; u_pll|altpll_component|auto_generated|pll1|clk[0] ; 0.000        ; 0.082      ; 1.010      ;
; 0.718 ; cic_interpolator:u_cic_i|c2_out[14]           ; cic_interpolator:u_cic_i|c3_d1[14]                                                                                ; u_pll|altpll_component|auto_generated|pll1|clk[0] ; u_pll|altpll_component|auto_generated|pll1|clk[0] ; 0.000        ; 0.082      ; 1.012      ;
; 0.719 ; cic_interpolator:u_cic_i|c1_out[12]           ; cic_interpolator:u_cic_i|c2_d1[12]                                                                                ; u_pll|altpll_component|auto_generated|pll1|clk[0] ; u_pll|altpll_component|auto_generated|pll1|clk[0] ; 0.000        ; 0.082      ; 1.013      ;
; 0.719 ; cic_interpolator:u_cic_q|c1_d1[13]            ; cic_interpolator:u_cic_q|c1_out[14]                                                                               ; u_pll|altpll_component|auto_generated|pll1|clk[0] ; u_pll|altpll_component|auto_generated|pll1|clk[0] ; 0.000        ; 0.081      ; 1.012      ;
; 0.719 ; tx_audio_proc:u_tx_audio_proc|hp_sample[8]    ; tx_audio_proc:u_tx_audio_proc|hp_prev[8]                                                                          ; u_pll|altpll_component|auto_generated|pll1|clk[0] ; u_pll|altpll_component|auto_generated|pll1|clk[0] ; 0.000        ; 0.081      ; 1.012      ;
; 0.719 ; tx_audio_proc:u_tx_audio_proc|hp_sample[3]    ; tx_audio_proc:u_tx_audio_proc|hp_prev[3]                                                                          ; u_pll|altpll_component|auto_generated|pll1|clk[0] ; u_pll|altpll_component|auto_generated|pll1|clk[0] ; 0.000        ; 0.081      ; 1.012      ;
; 0.720 ; cic_interpolator:u_cic_i|c2_out[10]           ; cic_interpolator:u_cic_i|c3_d1[10]                                                                                ; u_pll|altpll_component|auto_generated|pll1|clk[0] ; u_pll|altpll_component|auto_generated|pll1|clk[0] ; 0.000        ; 0.082      ; 1.014      ;
; 0.721 ; i2s_rx:u_i2s_rx|audio_data[6]                 ; tx_audio_proc:u_tx_audio_proc|x_prev[6]                                                                           ; u_pll|altpll_component|auto_generated|pll1|clk[0] ; u_pll|altpll_component|auto_generated|pll1|clk[0] ; 0.000        ; 0.082      ; 1.015      ;
; 0.721 ; i2s_rx:u_i2s_rx|audio_data[1]                 ; tx_audio_proc:u_tx_audio_proc|x_prev[1]                                                                           ; u_pll|altpll_component|auto_generated|pll1|clk[0] ; u_pll|altpll_component|auto_generated|pll1|clk[0] ; 0.000        ; 0.082      ; 1.015      ;
+-------+-----------------------------------------------+-------------------------------------------------------------------------------------------------------------------+---------------------------------------------------+---------------------------------------------------+--------------+------------+------------+


+---------------------------------------------------------------------------------------------------------------------------------------------------------------------------+
; Slow 1200mV 85C Model Minimum Pulse Width: 'u_pll|altpll_component|auto_generated|pll1|clk[0]'                                                                            ;
+-------+--------------+----------------+-----------------+---------------------------------------------------+------------+------------------------------------------------+
; Slack ; Actual Width ; Required Width ; Type            ; Clock                                             ; Clock Edge ; Target                                         ;
+-------+--------------+----------------+-----------------+---------------------------------------------------+------------+------------------------------------------------+
; 4.580 ; 4.981        ; 0.401          ; Low Pulse Width ; u_pll|altpll_component|auto_generated|pll1|clk[0] ; Rise       ; multi_band_modulator:u_band_mod|audio_i_d2[0]  ;
; 4.580 ; 4.981        ; 0.401          ; Low Pulse Width ; u_pll|altpll_component|auto_generated|pll1|clk[0] ; Rise       ; multi_band_modulator:u_band_mod|audio_i_d2[10] ;
; 4.580 ; 4.981        ; 0.401          ; Low Pulse Width ; u_pll|altpll_component|auto_generated|pll1|clk[0] ; Rise       ; multi_band_modulator:u_band_mod|audio_i_d2[11] ;
; 4.580 ; 4.981        ; 0.401          ; Low Pulse Width ; u_pll|altpll_component|auto_generated|pll1|clk[0] ; Rise       ; multi_band_modulator:u_band_mod|audio_i_d2[12] ;
; 4.580 ; 4.981        ; 0.401          ; Low Pulse Width ; u_pll|altpll_component|auto_generated|pll1|clk[0] ; Rise       ; multi_band_modulator:u_band_mod|audio_i_d2[13] ;
; 4.580 ; 4.981        ; 0.401          ; Low Pulse Width ; u_pll|altpll_component|auto_generated|pll1|clk[0] ; Rise       ; multi_band_modulator:u_band_mod|audio_i_d2[1]  ;
; 4.580 ; 4.981        ; 0.401          ; Low Pulse Width ; u_pll|altpll_component|auto_generated|pll1|clk[0] ; Rise       ; multi_band_modulator:u_band_mod|audio_i_d2[2]  ;
; 4.580 ; 4.981        ; 0.401          ; Low Pulse Width ; u_pll|altpll_component|auto_generated|pll1|clk[0] ; Rise       ; multi_band_modulator:u_band_mod|audio_i_d2[3]  ;
; 4.580 ; 4.981        ; 0.401          ; Low Pulse Width ; u_pll|altpll_component|auto_generated|pll1|clk[0] ; Rise       ; multi_band_modulator:u_band_mod|audio_i_d2[4]  ;
; 4.580 ; 4.981        ; 0.401          ; Low Pulse Width ; u_pll|altpll_component|auto_generated|pll1|clk[0] ; Rise       ; multi_band_modulator:u_band_mod|audio_i_d2[5]  ;
; 4.580 ; 4.981        ; 0.401          ; Low Pulse Width ; u_pll|altpll_component|auto_generated|pll1|clk[0] ; Rise       ; multi_band_modulator:u_band_mod|audio_i_d2[6]  ;
; 4.580 ; 4.981        ; 0.401          ; Low Pulse Width ; u_pll|altpll_component|auto_generated|pll1|clk[0] ; Rise       ; multi_band_modulator:u_band_mod|audio_i_d2[7]  ;
; 4.580 ; 4.981        ; 0.401          ; Low Pulse Width ; u_pll|altpll_component|auto_generated|pll1|clk[0] ; Rise       ; multi_band_modulator:u_band_mod|audio_i_d2[8]  ;
; 4.580 ; 4.981        ; 0.401          ; Low Pulse Width ; u_pll|altpll_component|auto_generated|pll1|clk[0] ; Rise       ; multi_band_modulator:u_band_mod|audio_i_d2[9]  ;
; 4.580 ; 4.981        ; 0.401          ; Low Pulse Width ; u_pll|altpll_component|auto_generated|pll1|clk[0] ; Rise       ; multi_band_modulator:u_band_mod|audio_q_d2[0]  ;
; 4.580 ; 4.981        ; 0.401          ; Low Pulse Width ; u_pll|altpll_component|auto_generated|pll1|clk[0] ; Rise       ; multi_band_modulator:u_band_mod|audio_q_d2[10] ;
; 4.580 ; 4.981        ; 0.401          ; Low Pulse Width ; u_pll|altpll_component|auto_generated|pll1|clk[0] ; Rise       ; multi_band_modulator:u_band_mod|audio_q_d2[11] ;
; 4.580 ; 4.981        ; 0.401          ; Low Pulse Width ; u_pll|altpll_component|auto_generated|pll1|clk[0] ; Rise       ; multi_band_modulator:u_band_mod|audio_q_d2[12] ;
; 4.580 ; 4.981        ; 0.401          ; Low Pulse Width ; u_pll|altpll_component|auto_generated|pll1|clk[0] ; Rise       ; multi_band_modulator:u_band_mod|audio_q_d2[13] ;
; 4.580 ; 4.981        ; 0.401          ; Low Pulse Width ; u_pll|altpll_component|auto_generated|pll1|clk[0] ; Rise       ; multi_band_modulator:u_band_mod|audio_q_d2[1]  ;
; 4.580 ; 4.981        ; 0.401          ; Low Pulse Width ; u_pll|altpll_component|auto_generated|pll1|clk[0] ; Rise       ; multi_band_modulator:u_band_mod|audio_q_d2[2]  ;
; 4.580 ; 4.981        ; 0.401          ; Low Pulse Width ; u_pll|altpll_component|auto_generated|pll1|clk[0] ; Rise       ; multi_band_modulator:u_band_mod|audio_q_d2[3]  ;
; 4.580 ; 4.981        ; 0.401          ; Low Pulse Width ; u_pll|altpll_component|auto_generated|pll1|clk[0] ; Rise       ; multi_band_modulator:u_band_mod|audio_q_d2[4]  ;
; 4.580 ; 4.981        ; 0.401          ; Low Pulse Width ; u_pll|altpll_component|auto_generated|pll1|clk[0] ; Rise       ; multi_band_modulator:u_band_mod|audio_q_d2[5]  ;
; 4.580 ; 4.981        ; 0.401          ; Low Pulse Width ; u_pll|altpll_component|auto_generated|pll1|clk[0] ; Rise       ; multi_band_modulator:u_band_mod|audio_q_d2[6]  ;
; 4.580 ; 4.981        ; 0.401          ; Low Pulse Width ; u_pll|altpll_component|auto_generated|pll1|clk[0] ; Rise       ; multi_band_modulator:u_band_mod|audio_q_d2[7]  ;
; 4.580 ; 4.981        ; 0.401          ; Low Pulse Width ; u_pll|altpll_component|auto_generated|pll1|clk[0] ; Rise       ; multi_band_modulator:u_band_mod|audio_q_d2[8]  ;
; 4.580 ; 4.981        ; 0.401          ; Low Pulse Width ; u_pll|altpll_component|auto_generated|pll1|clk[0] ; Rise       ; multi_band_modulator:u_band_mod|audio_q_d2[9]  ;
; 4.580 ; 4.981        ; 0.401          ; Low Pulse Width ; u_pll|altpll_component|auto_generated|pll1|clk[0] ; Rise       ; multi_band_modulator:u_band_mod|car_i_B[0]     ;
; 4.580 ; 4.981        ; 0.401          ; Low Pulse Width ; u_pll|altpll_component|auto_generated|pll1|clk[0] ; Rise       ; multi_band_modulator:u_band_mod|car_i_B[10]    ;
; 4.580 ; 4.981        ; 0.401          ; Low Pulse Width ; u_pll|altpll_component|auto_generated|pll1|clk[0] ; Rise       ; multi_band_modulator:u_band_mod|car_i_B[11]    ;
; 4.580 ; 4.981        ; 0.401          ; Low Pulse Width ; u_pll|altpll_component|auto_generated|pll1|clk[0] ; Rise       ; multi_band_modulator:u_band_mod|car_i_B[12]    ;
; 4.580 ; 4.981        ; 0.401          ; Low Pulse Width ; u_pll|altpll_component|auto_generated|pll1|clk[0] ; Rise       ; multi_band_modulator:u_band_mod|car_i_B[13]    ;
; 4.580 ; 4.981        ; 0.401          ; Low Pulse Width ; u_pll|altpll_component|auto_generated|pll1|clk[0] ; Rise       ; multi_band_modulator:u_band_mod|car_i_B[1]     ;
; 4.580 ; 4.981        ; 0.401          ; Low Pulse Width ; u_pll|altpll_component|auto_generated|pll1|clk[0] ; Rise       ; multi_band_modulator:u_band_mod|car_i_B[2]     ;
; 4.580 ; 4.981        ; 0.401          ; Low Pulse Width ; u_pll|altpll_component|auto_generated|pll1|clk[0] ; Rise       ; multi_band_modulator:u_band_mod|car_i_B[3]     ;
; 4.580 ; 4.981        ; 0.401          ; Low Pulse Width ; u_pll|altpll_component|auto_generated|pll1|clk[0] ; Rise       ; multi_band_modulator:u_band_mod|car_i_B[4]     ;
; 4.580 ; 4.981        ; 0.401          ; Low Pulse Width ; u_pll|altpll_component|auto_generated|pll1|clk[0] ; Rise       ; multi_band_modulator:u_band_mod|car_i_B[5]     ;
; 4.580 ; 4.981        ; 0.401          ; Low Pulse Width ; u_pll|altpll_component|auto_generated|pll1|clk[0] ; Rise       ; multi_band_modulator:u_band_mod|car_i_B[6]     ;
; 4.580 ; 4.981        ; 0.401          ; Low Pulse Width ; u_pll|altpll_component|auto_generated|pll1|clk[0] ; Rise       ; multi_band_modulator:u_band_mod|car_i_B[7]     ;
; 4.580 ; 4.981        ; 0.401          ; Low Pulse Width ; u_pll|altpll_component|auto_generated|pll1|clk[0] ; Rise       ; multi_band_modulator:u_band_mod|car_i_B[8]     ;
; 4.580 ; 4.981        ; 0.401          ; Low Pulse Width ; u_pll|altpll_component|auto_generated|pll1|clk[0] ; Rise       ; multi_band_modulator:u_band_mod|car_i_B[9]     ;
; 4.580 ; 4.981        ; 0.401          ; Low Pulse Width ; u_pll|altpll_component|auto_generated|pll1|clk[0] ; Rise       ; multi_band_modulator:u_band_mod|car_q_B[0]     ;
; 4.580 ; 4.981        ; 0.401          ; Low Pulse Width ; u_pll|altpll_component|auto_generated|pll1|clk[0] ; Rise       ; multi_band_modulator:u_band_mod|car_q_B[10]    ;
; 4.580 ; 4.981        ; 0.401          ; Low Pulse Width ; u_pll|altpll_component|auto_generated|pll1|clk[0] ; Rise       ; multi_band_modulator:u_band_mod|car_q_B[11]    ;
; 4.580 ; 4.981        ; 0.401          ; Low Pulse Width ; u_pll|altpll_component|auto_generated|pll1|clk[0] ; Rise       ; multi_band_modulator:u_band_mod|car_q_B[12]    ;
; 4.580 ; 4.981        ; 0.401          ; Low Pulse Width ; u_pll|altpll_component|auto_generated|pll1|clk[0] ; Rise       ; multi_band_modulator:u_band_mod|car_q_B[13]    ;
; 4.580 ; 4.981        ; 0.401          ; Low Pulse Width ; u_pll|altpll_component|auto_generated|pll1|clk[0] ; Rise       ; multi_band_modulator:u_band_mod|car_q_B[1]     ;
; 4.580 ; 4.981        ; 0.401          ; Low Pulse Width ; u_pll|altpll_component|auto_generated|pll1|clk[0] ; Rise       ; multi_band_modulator:u_band_mod|car_q_B[2]     ;
; 4.580 ; 4.981        ; 0.401          ; Low Pulse Width ; u_pll|altpll_component|auto_generated|pll1|clk[0] ; Rise       ; multi_band_modulator:u_band_mod|car_q_B[3]     ;
; 4.580 ; 4.981        ; 0.401          ; Low Pulse Width ; u_pll|altpll_component|auto_generated|pll1|clk[0] ; Rise       ; multi_band_modulator:u_band_mod|car_q_B[4]     ;
; 4.580 ; 4.981        ; 0.401          ; Low Pulse Width ; u_pll|altpll_component|auto_generated|pll1|clk[0] ; Rise       ; multi_band_modulator:u_band_mod|car_q_B[5]     ;
; 4.580 ; 4.981        ; 0.401          ; Low Pulse Width ; u_pll|altpll_component|auto_generated|pll1|clk[0] ; Rise       ; multi_band_modulator:u_band_mod|car_q_B[6]     ;
; 4.580 ; 4.981        ; 0.401          ; Low Pulse Width ; u_pll|altpll_component|auto_generated|pll1|clk[0] ; Rise       ; multi_band_modulator:u_band_mod|car_q_B[7]     ;
; 4.580 ; 4.981        ; 0.401          ; Low Pulse Width ; u_pll|altpll_component|auto_generated|pll1|clk[0] ; Rise       ; multi_band_modulator:u_band_mod|car_q_B[8]     ;
; 4.580 ; 4.981        ; 0.401          ; Low Pulse Width ; u_pll|altpll_component|auto_generated|pll1|clk[0] ; Rise       ; multi_band_modulator:u_band_mod|car_q_B[9]     ;
; 4.580 ; 4.981        ; 0.401          ; Low Pulse Width ; u_pll|altpll_component|auto_generated|pll1|clk[0] ; Rise       ; multi_band_modulator:u_band_mod|mix_ii_B[0]    ;
; 4.580 ; 4.981        ; 0.401          ; Low Pulse Width ; u_pll|altpll_component|auto_generated|pll1|clk[0] ; Rise       ; multi_band_modulator:u_band_mod|mix_ii_B[10]   ;
; 4.580 ; 4.981        ; 0.401          ; Low Pulse Width ; u_pll|altpll_component|auto_generated|pll1|clk[0] ; Rise       ; multi_band_modulator:u_band_mod|mix_ii_B[11]   ;
; 4.580 ; 4.981        ; 0.401          ; Low Pulse Width ; u_pll|altpll_component|auto_generated|pll1|clk[0] ; Rise       ; multi_band_modulator:u_band_mod|mix_ii_B[12]   ;
; 4.580 ; 4.981        ; 0.401          ; Low Pulse Width ; u_pll|altpll_component|auto_generated|pll1|clk[0] ; Rise       ; multi_band_modulator:u_band_mod|mix_ii_B[13]   ;
; 4.580 ; 4.981        ; 0.401          ; Low Pulse Width ; u_pll|altpll_component|auto_generated|pll1|clk[0] ; Rise       ; multi_band_modulator:u_band_mod|mix_ii_B[14]   ;
; 4.580 ; 4.981        ; 0.401          ; Low Pulse Width ; u_pll|altpll_component|auto_generated|pll1|clk[0] ; Rise       ; multi_band_modulator:u_band_mod|mix_ii_B[15]   ;
; 4.580 ; 4.981        ; 0.401          ; Low Pulse Width ; u_pll|altpll_component|auto_generated|pll1|clk[0] ; Rise       ; multi_band_modulator:u_band_mod|mix_ii_B[16]   ;
; 4.580 ; 4.981        ; 0.401          ; Low Pulse Width ; u_pll|altpll_component|auto_generated|pll1|clk[0] ; Rise       ; multi_band_modulator:u_band_mod|mix_ii_B[17]   ;
; 4.580 ; 4.981        ; 0.401          ; Low Pulse Width ; u_pll|altpll_component|auto_generated|pll1|clk[0] ; Rise       ; multi_band_modulator:u_band_mod|mix_ii_B[18]   ;
; 4.580 ; 4.981        ; 0.401          ; Low Pulse Width ; u_pll|altpll_component|auto_generated|pll1|clk[0] ; Rise       ; multi_band_modulator:u_band_mod|mix_ii_B[19]   ;
; 4.580 ; 4.981        ; 0.401          ; Low Pulse Width ; u_pll|altpll_component|auto_generated|pll1|clk[0] ; Rise       ; multi_band_modulator:u_band_mod|mix_ii_B[1]    ;
; 4.580 ; 4.981        ; 0.401          ; Low Pulse Width ; u_pll|altpll_component|auto_generated|pll1|clk[0] ; Rise       ; multi_band_modulator:u_band_mod|mix_ii_B[20]   ;
; 4.580 ; 4.981        ; 0.401          ; Low Pulse Width ; u_pll|altpll_component|auto_generated|pll1|clk[0] ; Rise       ; multi_band_modulator:u_band_mod|mix_ii_B[21]   ;
; 4.580 ; 4.981        ; 0.401          ; Low Pulse Width ; u_pll|altpll_component|auto_generated|pll1|clk[0] ; Rise       ; multi_band_modulator:u_band_mod|mix_ii_B[22]   ;
; 4.580 ; 4.981        ; 0.401          ; Low Pulse Width ; u_pll|altpll_component|auto_generated|pll1|clk[0] ; Rise       ; multi_band_modulator:u_band_mod|mix_ii_B[23]   ;
; 4.580 ; 4.981        ; 0.401          ; Low Pulse Width ; u_pll|altpll_component|auto_generated|pll1|clk[0] ; Rise       ; multi_band_modulator:u_band_mod|mix_ii_B[24]   ;
; 4.580 ; 4.981        ; 0.401          ; Low Pulse Width ; u_pll|altpll_component|auto_generated|pll1|clk[0] ; Rise       ; multi_band_modulator:u_band_mod|mix_ii_B[25]   ;
; 4.580 ; 4.981        ; 0.401          ; Low Pulse Width ; u_pll|altpll_component|auto_generated|pll1|clk[0] ; Rise       ; multi_band_modulator:u_band_mod|mix_ii_B[26]   ;
; 4.580 ; 4.981        ; 0.401          ; Low Pulse Width ; u_pll|altpll_component|auto_generated|pll1|clk[0] ; Rise       ; multi_band_modulator:u_band_mod|mix_ii_B[27]   ;
; 4.580 ; 4.981        ; 0.401          ; Low Pulse Width ; u_pll|altpll_component|auto_generated|pll1|clk[0] ; Rise       ; multi_band_modulator:u_band_mod|mix_ii_B[2]    ;
; 4.580 ; 4.981        ; 0.401          ; Low Pulse Width ; u_pll|altpll_component|auto_generated|pll1|clk[0] ; Rise       ; multi_band_modulator:u_band_mod|mix_ii_B[3]    ;
; 4.580 ; 4.981        ; 0.401          ; Low Pulse Width ; u_pll|altpll_component|auto_generated|pll1|clk[0] ; Rise       ; multi_band_modulator:u_band_mod|mix_ii_B[4]    ;
; 4.580 ; 4.981        ; 0.401          ; Low Pulse Width ; u_pll|altpll_component|auto_generated|pll1|clk[0] ; Rise       ; multi_band_modulator:u_band_mod|mix_ii_B[5]    ;
; 4.580 ; 4.981        ; 0.401          ; Low Pulse Width ; u_pll|altpll_component|auto_generated|pll1|clk[0] ; Rise       ; multi_band_modulator:u_band_mod|mix_ii_B[6]    ;
; 4.580 ; 4.981        ; 0.401          ; Low Pulse Width ; u_pll|altpll_component|auto_generated|pll1|clk[0] ; Rise       ; multi_band_modulator:u_band_mod|mix_ii_B[7]    ;
; 4.580 ; 4.981        ; 0.401          ; Low Pulse Width ; u_pll|altpll_component|auto_generated|pll1|clk[0] ; Rise       ; multi_band_modulator:u_band_mod|mix_ii_B[8]    ;
; 4.580 ; 4.981        ; 0.401          ; Low Pulse Width ; u_pll|altpll_component|auto_generated|pll1|clk[0] ; Rise       ; multi_band_modulator:u_band_mod|mix_ii_B[9]    ;
; 4.580 ; 4.981        ; 0.401          ; Low Pulse Width ; u_pll|altpll_component|auto_generated|pll1|clk[0] ; Rise       ; multi_band_modulator:u_band_mod|mix_qq_B[0]    ;
; 4.580 ; 4.981        ; 0.401          ; Low Pulse Width ; u_pll|altpll_component|auto_generated|pll1|clk[0] ; Rise       ; multi_band_modulator:u_band_mod|mix_qq_B[10]   ;
; 4.580 ; 4.981        ; 0.401          ; Low Pulse Width ; u_pll|altpll_component|auto_generated|pll1|clk[0] ; Rise       ; multi_band_modulator:u_band_mod|mix_qq_B[11]   ;
; 4.580 ; 4.981        ; 0.401          ; Low Pulse Width ; u_pll|altpll_component|auto_generated|pll1|clk[0] ; Rise       ; multi_band_modulator:u_band_mod|mix_qq_B[12]   ;
; 4.580 ; 4.981        ; 0.401          ; Low Pulse Width ; u_pll|altpll_component|auto_generated|pll1|clk[0] ; Rise       ; multi_band_modulator:u_band_mod|mix_qq_B[13]   ;
; 4.580 ; 4.981        ; 0.401          ; Low Pulse Width ; u_pll|altpll_component|auto_generated|pll1|clk[0] ; Rise       ; multi_band_modulator:u_band_mod|mix_qq_B[14]   ;
; 4.580 ; 4.981        ; 0.401          ; Low Pulse Width ; u_pll|altpll_component|auto_generated|pll1|clk[0] ; Rise       ; multi_band_modulator:u_band_mod|mix_qq_B[15]   ;
; 4.580 ; 4.981        ; 0.401          ; Low Pulse Width ; u_pll|altpll_component|auto_generated|pll1|clk[0] ; Rise       ; multi_band_modulator:u_band_mod|mix_qq_B[16]   ;
; 4.580 ; 4.981        ; 0.401          ; Low Pulse Width ; u_pll|altpll_component|auto_generated|pll1|clk[0] ; Rise       ; multi_band_modulator:u_band_mod|mix_qq_B[17]   ;
; 4.580 ; 4.981        ; 0.401          ; Low Pulse Width ; u_pll|altpll_component|auto_generated|pll1|clk[0] ; Rise       ; multi_band_modulator:u_band_mod|mix_qq_B[18]   ;
; 4.580 ; 4.981        ; 0.401          ; Low Pulse Width ; u_pll|altpll_component|auto_generated|pll1|clk[0] ; Rise       ; multi_band_modulator:u_band_mod|mix_qq_B[19]   ;
; 4.580 ; 4.981        ; 0.401          ; Low Pulse Width ; u_pll|altpll_component|auto_generated|pll1|clk[0] ; Rise       ; multi_band_modulator:u_band_mod|mix_qq_B[1]    ;
; 4.580 ; 4.981        ; 0.401          ; Low Pulse Width ; u_pll|altpll_component|auto_generated|pll1|clk[0] ; Rise       ; multi_band_modulator:u_band_mod|mix_qq_B[20]   ;
; 4.580 ; 4.981        ; 0.401          ; Low Pulse Width ; u_pll|altpll_component|auto_generated|pll1|clk[0] ; Rise       ; multi_band_modulator:u_band_mod|mix_qq_B[21]   ;
; 4.580 ; 4.981        ; 0.401          ; Low Pulse Width ; u_pll|altpll_component|auto_generated|pll1|clk[0] ; Rise       ; multi_band_modulator:u_band_mod|mix_qq_B[22]   ;
; 4.580 ; 4.981        ; 0.401          ; Low Pulse Width ; u_pll|altpll_component|auto_generated|pll1|clk[0] ; Rise       ; multi_band_modulator:u_band_mod|mix_qq_B[23]   ;
+-------+--------------+----------------+-----------------+---------------------------------------------------+------------+------------------------------------------------+


+------------------------------------------------------------------------------------------------------------------------------------------------+
; Slow 1200mV 85C Model Minimum Pulse Width: 'clk_50m'                                                                                           ;
+--------+--------------+----------------+------------------+---------+------------+-------------------------------------------------------------+
; Slack  ; Actual Width ; Required Width ; Type             ; Clock   ; Clock Edge ; Target                                                      ;
+--------+--------------+----------------+------------------+---------+------------+-------------------------------------------------------------+
; 9.858  ; 9.858        ; 0.000          ; Low Pulse Width  ; clk_50m ; Rise       ; u_pll|altpll_component|auto_generated|pll1|clk[0]           ;
; 9.858  ; 9.858        ; 0.000          ; Low Pulse Width  ; clk_50m ; Rise       ; u_pll|altpll_component|auto_generated|pll1|clk[1]           ;
; 9.858  ; 9.858        ; 0.000          ; Low Pulse Width  ; clk_50m ; Rise       ; u_pll|altpll_component|auto_generated|pll1|observablevcoout ;
; 9.891  ; 9.891        ; 0.000          ; Low Pulse Width  ; clk_50m ; Rise       ; clk_50m~input|o                                             ;
; 9.914  ; 9.914        ; 0.000          ; Low Pulse Width  ; clk_50m ; Rise       ; u_pll|altpll_component|auto_generated|pll1|inclk[0]         ;
; 10.000 ; 10.000       ; 0.000          ; High Pulse Width ; clk_50m ; Rise       ; clk_50m~input|i                                             ;
; 10.000 ; 10.000       ; 0.000          ; Low Pulse Width  ; clk_50m ; Rise       ; clk_50m~input|i                                             ;
; 10.085 ; 10.085       ; 0.000          ; High Pulse Width ; clk_50m ; Rise       ; u_pll|altpll_component|auto_generated|pll1|inclk[0]         ;
; 10.109 ; 10.109       ; 0.000          ; High Pulse Width ; clk_50m ; Rise       ; clk_50m~input|o                                             ;
; 10.141 ; 10.141       ; 0.000          ; High Pulse Width ; clk_50m ; Rise       ; u_pll|altpll_component|auto_generated|pll1|clk[0]           ;
; 10.141 ; 10.141       ; 0.000          ; High Pulse Width ; clk_50m ; Rise       ; u_pll|altpll_component|auto_generated|pll1|clk[1]           ;
; 10.141 ; 10.141       ; 0.000          ; High Pulse Width ; clk_50m ; Rise       ; u_pll|altpll_component|auto_generated|pll1|observablevcoout ;
; 16.000 ; 20.000       ; 4.000          ; Port Rate        ; clk_50m ; Rise       ; clk_50m                                                     ;
+--------+--------------+----------------+------------------+---------+------------+-------------------------------------------------------------+


+---------------------------------------------------------------------------------------------------------+
; Setup Times                                                                                             ;
+-----------+------------+-------+-------+------------+---------------------------------------------------+
; Data Port ; Clock Port ; Rise  ; Fall  ; Clock Edge ; Clock Reference                                   ;
+-----------+------------+-------+-------+------------+---------------------------------------------------+
; key[*]    ; clk_50m    ; 5.137 ; 5.393 ; Rise       ; u_pll|altpll_component|auto_generated|pll1|clk[0] ;
;  key[0]   ; clk_50m    ; 1.840 ; 2.025 ; Rise       ; u_pll|altpll_component|auto_generated|pll1|clk[0] ;
;  key[1]   ; clk_50m    ; 1.935 ; 2.172 ; Rise       ; u_pll|altpll_component|auto_generated|pll1|clk[0] ;
;  key[2]   ; clk_50m    ; 5.137 ; 5.393 ; Rise       ; u_pll|altpll_component|auto_generated|pll1|clk[0] ;
;  key[3]   ; clk_50m    ; 5.069 ; 5.350 ; Rise       ; u_pll|altpll_component|auto_generated|pll1|clk[0] ;
; mic_sd    ; clk_50m    ; 4.862 ; 5.132 ; Rise       ; u_pll|altpll_component|auto_generated|pll1|clk[0] ;
+-----------+------------+-------+-------+------------+---------------------------------------------------+


+-----------------------------------------------------------------------------------------------------------+
; Hold Times                                                                                                ;
+-----------+------------+--------+--------+------------+---------------------------------------------------+
; Data Port ; Clock Port ; Rise   ; Fall   ; Clock Edge ; Clock Reference                                   ;
+-----------+------------+--------+--------+------------+---------------------------------------------------+
; key[*]    ; clk_50m    ; -1.154 ; -1.347 ; Rise       ; u_pll|altpll_component|auto_generated|pll1|clk[0] ;
;  key[0]   ; clk_50m    ; -1.154 ; -1.347 ; Rise       ; u_pll|altpll_component|auto_generated|pll1|clk[0] ;
;  key[1]   ; clk_50m    ; -1.244 ; -1.488 ; Rise       ; u_pll|altpll_component|auto_generated|pll1|clk[0] ;
;  key[2]   ; clk_50m    ; -4.308 ; -4.567 ; Rise       ; u_pll|altpll_component|auto_generated|pll1|clk[0] ;
;  key[3]   ; clk_50m    ; -4.246 ; -4.527 ; Rise       ; u_pll|altpll_component|auto_generated|pll1|clk[0] ;
; mic_sd    ; clk_50m    ; -4.071 ; -4.334 ; Rise       ; u_pll|altpll_component|auto_generated|pll1|clk[0] ;
+-----------+------------+--------+--------+------------+---------------------------------------------------+


+-------------------------------------------------------------------------------------------------------------+
; Clock to Output Times                                                                                       ;
+---------------+------------+-------+-------+------------+---------------------------------------------------+
; Data Port     ; Clock Port ; Rise  ; Fall  ; Clock Edge ; Clock Reference                                   ;
+---------------+------------+-------+-------+------------+---------------------------------------------------+
; dac_data[*]   ; clk_50m    ; 5.621 ; 5.165 ; Rise       ; u_pll|altpll_component|auto_generated|pll1|clk[0] ;
;  dac_data[0]  ; clk_50m    ; 3.397 ; 3.291 ; Rise       ; u_pll|altpll_component|auto_generated|pll1|clk[0] ;
;  dac_data[1]  ; clk_50m    ; 3.381 ; 3.275 ; Rise       ; u_pll|altpll_component|auto_generated|pll1|clk[0] ;
;  dac_data[2]  ; clk_50m    ; 3.387 ; 3.281 ; Rise       ; u_pll|altpll_component|auto_generated|pll1|clk[0] ;
;  dac_data[3]  ; clk_50m    ; 5.621 ; 5.165 ; Rise       ; u_pll|altpll_component|auto_generated|pll1|clk[0] ;
;  dac_data[4]  ; clk_50m    ; 3.412 ; 3.306 ; Rise       ; u_pll|altpll_component|auto_generated|pll1|clk[0] ;
;  dac_data[5]  ; clk_50m    ; 3.384 ; 3.278 ; Rise       ; u_pll|altpll_component|auto_generated|pll1|clk[0] ;
;  dac_data[6]  ; clk_50m    ; 3.414 ; 3.308 ; Rise       ; u_pll|altpll_component|auto_generated|pll1|clk[0] ;
;  dac_data[7]  ; clk_50m    ; 3.424 ; 3.318 ; Rise       ; u_pll|altpll_component|auto_generated|pll1|clk[0] ;
;  dac_data[8]  ; clk_50m    ; 3.413 ; 3.307 ; Rise       ; u_pll|altpll_component|auto_generated|pll1|clk[0] ;
;  dac_data[9]  ; clk_50m    ; 3.403 ; 3.297 ; Rise       ; u_pll|altpll_component|auto_generated|pll1|clk[0] ;
;  dac_data[10] ; clk_50m    ; 3.402 ; 3.296 ; Rise       ; u_pll|altpll_component|auto_generated|pll1|clk[0] ;
;  dac_data[11] ; clk_50m    ; 3.402 ; 3.296 ; Rise       ; u_pll|altpll_component|auto_generated|pll1|clk[0] ;
;  dac_data[12] ; clk_50m    ; 3.388 ; 3.282 ; Rise       ; u_pll|altpll_component|auto_generated|pll1|clk[0] ;
;  dac_data[13] ; clk_50m    ; 3.398 ; 3.292 ; Rise       ; u_pll|altpll_component|auto_generated|pll1|clk[0] ;
; led[*]        ; clk_50m    ; 7.374 ; 7.831 ; Rise       ; u_pll|altpll_component|auto_generated|pll1|clk[0] ;
;  led[0]       ; clk_50m    ; 7.374 ; 7.831 ; Rise       ; u_pll|altpll_component|auto_generated|pll1|clk[0] ;
;  led[1]       ; clk_50m    ; 6.957 ; 6.598 ; Rise       ; u_pll|altpll_component|auto_generated|pll1|clk[0] ;
;  led[2]       ; clk_50m    ; 6.611 ; 7.025 ; Rise       ; u_pll|altpll_component|auto_generated|pll1|clk[0] ;
;  led[3]       ; clk_50m    ; 6.662 ; 6.986 ; Rise       ; u_pll|altpll_component|auto_generated|pll1|clk[0] ;
; mic_sck       ; clk_50m    ; 4.772 ; 4.586 ; Rise       ; u_pll|altpll_component|auto_generated|pll1|clk[0] ;
; mic_ws        ; clk_50m    ; 5.447 ; 5.171 ; Rise       ; u_pll|altpll_component|auto_generated|pll1|clk[0] ;
; dac_data[*]   ; clk_50m    ; 5.586 ; 5.130 ; Fall       ; u_pll|altpll_component|auto_generated|pll1|clk[0] ;
;  dac_data[0]  ; clk_50m    ; 3.362 ; 3.256 ; Fall       ; u_pll|altpll_component|auto_generated|pll1|clk[0] ;
;  dac_data[1]  ; clk_50m    ; 3.346 ; 3.240 ; Fall       ; u_pll|altpll_component|auto_generated|pll1|clk[0] ;
;  dac_data[2]  ; clk_50m    ; 3.353 ; 3.247 ; Fall       ; u_pll|altpll_component|auto_generated|pll1|clk[0] ;
;  dac_data[3]  ; clk_50m    ; 5.586 ; 5.130 ; Fall       ; u_pll|altpll_component|auto_generated|pll1|clk[0] ;
;  dac_data[4]  ; clk_50m    ; 3.377 ; 3.271 ; Fall       ; u_pll|altpll_component|auto_generated|pll1|clk[0] ;
;  dac_data[5]  ; clk_50m    ; 3.349 ; 3.243 ; Fall       ; u_pll|altpll_component|auto_generated|pll1|clk[0] ;
;  dac_data[6]  ; clk_50m    ; 3.379 ; 3.273 ; Fall       ; u_pll|altpll_component|auto_generated|pll1|clk[0] ;
;  dac_data[7]  ; clk_50m    ; 3.389 ; 3.283 ; Fall       ; u_pll|altpll_component|auto_generated|pll1|clk[0] ;
;  dac_data[8]  ; clk_50m    ; 3.378 ; 3.272 ; Fall       ; u_pll|altpll_component|auto_generated|pll1|clk[0] ;
;  dac_data[9]  ; clk_50m    ; 3.368 ; 3.262 ; Fall       ; u_pll|altpll_component|auto_generated|pll1|clk[0] ;
;  dac_data[10] ; clk_50m    ; 3.367 ; 3.261 ; Fall       ; u_pll|altpll_component|auto_generated|pll1|clk[0] ;
;  dac_data[11] ; clk_50m    ; 3.367 ; 3.261 ; Fall       ; u_pll|altpll_component|auto_generated|pll1|clk[0] ;
;  dac_data[12] ; clk_50m    ; 3.352 ; 3.246 ; Fall       ; u_pll|altpll_component|auto_generated|pll1|clk[0] ;
;  dac_data[13] ; clk_50m    ; 3.362 ; 3.256 ; Fall       ; u_pll|altpll_component|auto_generated|pll1|clk[0] ;
; dac_clk       ; clk_50m    ; 5.611 ;       ; Rise       ; u_pll|altpll_component|auto_generated|pll1|clk[1] ;
; dac_clk       ; clk_50m    ;       ; 5.435 ; Fall       ; u_pll|altpll_component|auto_generated|pll1|clk[1] ;
+---------------+------------+-------+-------+------------+---------------------------------------------------+


+-------------------------------------------------------------------------------------------------------------+
; Minimum Clock to Output Times                                                                               ;
+---------------+------------+-------+-------+------------+---------------------------------------------------+
; Data Port     ; Clock Port ; Rise  ; Fall  ; Clock Edge ; Clock Reference                                   ;
+---------------+------------+-------+-------+------------+---------------------------------------------------+
; dac_data[*]   ; clk_50m    ; 2.951 ; 2.845 ; Rise       ; u_pll|altpll_component|auto_generated|pll1|clk[0] ;
;  dac_data[0]  ; clk_50m    ; 2.966 ; 2.860 ; Rise       ; u_pll|altpll_component|auto_generated|pll1|clk[0] ;
;  dac_data[1]  ; clk_50m    ; 2.951 ; 2.845 ; Rise       ; u_pll|altpll_component|auto_generated|pll1|clk[0] ;
;  dac_data[2]  ; clk_50m    ; 2.957 ; 2.851 ; Rise       ; u_pll|altpll_component|auto_generated|pll1|clk[0] ;
;  dac_data[3]  ; clk_50m    ; 5.191 ; 4.735 ; Rise       ; u_pll|altpll_component|auto_generated|pll1|clk[0] ;
;  dac_data[4]  ; clk_50m    ; 2.981 ; 2.875 ; Rise       ; u_pll|altpll_component|auto_generated|pll1|clk[0] ;
;  dac_data[5]  ; clk_50m    ; 2.953 ; 2.847 ; Rise       ; u_pll|altpll_component|auto_generated|pll1|clk[0] ;
;  dac_data[6]  ; clk_50m    ; 2.983 ; 2.877 ; Rise       ; u_pll|altpll_component|auto_generated|pll1|clk[0] ;
;  dac_data[7]  ; clk_50m    ; 2.993 ; 2.887 ; Rise       ; u_pll|altpll_component|auto_generated|pll1|clk[0] ;
;  dac_data[8]  ; clk_50m    ; 2.982 ; 2.876 ; Rise       ; u_pll|altpll_component|auto_generated|pll1|clk[0] ;
;  dac_data[9]  ; clk_50m    ; 2.972 ; 2.866 ; Rise       ; u_pll|altpll_component|auto_generated|pll1|clk[0] ;
;  dac_data[10] ; clk_50m    ; 2.972 ; 2.866 ; Rise       ; u_pll|altpll_component|auto_generated|pll1|clk[0] ;
;  dac_data[11] ; clk_50m    ; 2.972 ; 2.866 ; Rise       ; u_pll|altpll_component|auto_generated|pll1|clk[0] ;
;  dac_data[12] ; clk_50m    ; 2.957 ; 2.851 ; Rise       ; u_pll|altpll_component|auto_generated|pll1|clk[0] ;
;  dac_data[13] ; clk_50m    ; 2.967 ; 2.861 ; Rise       ; u_pll|altpll_component|auto_generated|pll1|clk[0] ;
; led[*]        ; clk_50m    ; 5.578 ; 5.669 ; Rise       ; u_pll|altpll_component|auto_generated|pll1|clk[0] ;
;  led[0]       ; clk_50m    ; 6.690 ; 7.133 ; Rise       ; u_pll|altpll_component|auto_generated|pll1|clk[0] ;
;  led[1]       ; clk_50m    ; 6.027 ; 5.669 ; Rise       ; u_pll|altpll_component|auto_generated|pll1|clk[0] ;
;  led[2]       ; clk_50m    ; 5.712 ; 5.989 ; Rise       ; u_pll|altpll_component|auto_generated|pll1|clk[0] ;
;  led[3]       ; clk_50m    ; 5.578 ; 6.066 ; Rise       ; u_pll|altpll_component|auto_generated|pll1|clk[0] ;
; mic_sck       ; clk_50m    ; 4.196 ; 4.013 ; Rise       ; u_pll|altpll_component|auto_generated|pll1|clk[0] ;
; mic_ws        ; clk_50m    ; 4.843 ; 4.573 ; Rise       ; u_pll|altpll_component|auto_generated|pll1|clk[0] ;
; dac_data[*]   ; clk_50m    ; 2.917 ; 2.811 ; Fall       ; u_pll|altpll_component|auto_generated|pll1|clk[0] ;
;  dac_data[0]  ; clk_50m    ; 2.933 ; 2.827 ; Fall       ; u_pll|altpll_component|auto_generated|pll1|clk[0] ;
;  dac_data[1]  ; clk_50m    ; 2.917 ; 2.811 ; Fall       ; u_pll|altpll_component|auto_generated|pll1|clk[0] ;
;  dac_data[2]  ; clk_50m    ; 2.923 ; 2.817 ; Fall       ; u_pll|altpll_component|auto_generated|pll1|clk[0] ;
;  dac_data[3]  ; clk_50m    ; 5.157 ; 4.701 ; Fall       ; u_pll|altpll_component|auto_generated|pll1|clk[0] ;
;  dac_data[4]  ; clk_50m    ; 2.948 ; 2.842 ; Fall       ; u_pll|altpll_component|auto_generated|pll1|clk[0] ;
;  dac_data[5]  ; clk_50m    ; 2.920 ; 2.814 ; Fall       ; u_pll|altpll_component|auto_generated|pll1|clk[0] ;
;  dac_data[6]  ; clk_50m    ; 2.950 ; 2.844 ; Fall       ; u_pll|altpll_component|auto_generated|pll1|clk[0] ;
;  dac_data[7]  ; clk_50m    ; 2.960 ; 2.854 ; Fall       ; u_pll|altpll_component|auto_generated|pll1|clk[0] ;
;  dac_data[8]  ; clk_50m    ; 2.949 ; 2.843 ; Fall       ; u_pll|altpll_component|auto_generated|pll1|clk[0] ;
;  dac_data[9]  ; clk_50m    ; 2.939 ; 2.833 ; Fall       ; u_pll|altpll_component|auto_generated|pll1|clk[0] ;
;  dac_data[10] ; clk_50m    ; 2.938 ; 2.832 ; Fall       ; u_pll|altpll_component|auto_generated|pll1|clk[0] ;
;  dac_data[11] ; clk_50m    ; 2.938 ; 2.832 ; Fall       ; u_pll|altpll_component|auto_generated|pll1|clk[0] ;
;  dac_data[12] ; clk_50m    ; 2.923 ; 2.817 ; Fall       ; u_pll|altpll_component|auto_generated|pll1|clk[0] ;
;  dac_data[13] ; clk_50m    ; 2.933 ; 2.827 ; Fall       ; u_pll|altpll_component|auto_generated|pll1|clk[0] ;
; dac_clk       ; clk_50m    ; 5.112 ;       ; Rise       ; u_pll|altpll_component|auto_generated|pll1|clk[1] ;
; dac_clk       ; clk_50m    ;       ; 4.939 ; Fall       ; u_pll|altpll_component|auto_generated|pll1|clk[1] ;
+---------------+------------+-------+-------+------------+---------------------------------------------------+


----------------------------------------------
; Slow 1200mV 85C Model Metastability Report ;
----------------------------------------------
No synchronizer chains to report.


+-----------------------------------------------------------------------------------------+
; Slow 1200mV 0C Model Fmax Summary                                                       ;
+------------+-----------------+---------------------------------------------------+------+
; Fmax       ; Restricted Fmax ; Clock Name                                        ; Note ;
+------------+-----------------+---------------------------------------------------+------+
; 116.08 MHz ; 116.08 MHz      ; u_pll|altpll_component|auto_generated|pll1|clk[0] ;      ;
+------------+-----------------+---------------------------------------------------+------+
This panel reports FMAX for every clock in the design, regardless of the user-specified clock periods.  FMAX is only computed for paths where the source and destination registers or ports are driven by the same clock.  Paths of different clocks, including generated clocks, are ignored.  For paths between a clock and its inversion, FMAX is computed as if the rising and falling edges are scaled along with FMAX, such that the duty cycle (in terms of a percentage) is maintained. Altera recommends that you always use clock constraints and other slack reports for sign-off analysis.


+---------------------------------------------------------------------------+
; Slow 1200mV 0C Model Setup Summary                                        ;
+---------------------------------------------------+-------+---------------+
; Clock                                             ; Slack ; End Point TNS ;
+---------------------------------------------------+-------+---------------+
; u_pll|altpll_component|auto_generated|pll1|clk[0] ; 1.385 ; 0.000         ;
+---------------------------------------------------+-------+---------------+


+---------------------------------------------------------------------------+
; Slow 1200mV 0C Model Hold Summary                                         ;
+---------------------------------------------------+-------+---------------+
; Clock                                             ; Slack ; End Point TNS ;
+---------------------------------------------------+-------+---------------+
; u_pll|altpll_component|auto_generated|pll1|clk[0] ; 0.385 ; 0.000         ;
+---------------------------------------------------+-------+---------------+


-----------------------------------------
; Slow 1200mV 0C Model Recovery Summary ;
-----------------------------------------
No paths to report.


----------------------------------------
; Slow 1200mV 0C Model Removal Summary ;
----------------------------------------
No paths to report.


+---------------------------------------------------------------------------+
; Slow 1200mV 0C Model Minimum Pulse Width Summary                          ;
+---------------------------------------------------+-------+---------------+
; Clock                                             ; Slack ; End Point TNS ;
+---------------------------------------------------+-------+---------------+
; u_pll|altpll_component|auto_generated|pll1|clk[0] ; 4.607 ; 0.000         ;
; clk_50m                                           ; 9.855 ; 0.000         ;
+---------------------------------------------------+-------+---------------+


+---------------------------------------------------------------------------------------------------------------------------------------------------------------------------------------------------------------------------------------------------------------------------------------------------------------------------+
; Slow 1200mV 0C Model Setup: 'u_pll|altpll_component|auto_generated|pll1|clk[0]'                                                                                                                                                                                                                                           ;
+-------+-------------------------------------------------------------------------------------------------------------------+----------------------------------------------+---------------------------------------------------+---------------------------------------------------+--------------+------------+------------+
; Slack ; From Node                                                                                                         ; To Node                                      ; Launch Clock                                      ; Latch Clock                                       ; Relationship ; Clock Skew ; Data Delay ;
+-------+-------------------------------------------------------------------------------------------------------------------+----------------------------------------------+---------------------------------------------------+---------------------------------------------------+--------------+------------+------------+
; 1.385 ; tx_audio_proc:u_tx_audio_proc|lim_sample[13]                                                                      ; tx_audio_proc:u_tx_audio_proc|sample_out[11] ; u_pll|altpll_component|auto_generated|pll1|clk[0] ; u_pll|altpll_component|auto_generated|pll1|clk[0] ; 10.000       ; 0.411      ; 9.028      ;
; 1.385 ; tx_audio_proc:u_tx_audio_proc|lim_sample[13]                                                                      ; tx_audio_proc:u_tx_audio_proc|sample_out[9]  ; u_pll|altpll_component|auto_generated|pll1|clk[0] ; u_pll|altpll_component|auto_generated|pll1|clk[0] ; 10.000       ; 0.411      ; 9.028      ;
; 1.385 ; tx_audio_proc:u_tx_audio_proc|lim_sample[13]                                                                      ; tx_audio_proc:u_tx_audio_proc|sample_out[6]  ; u_pll|altpll_component|auto_generated|pll1|clk[0] ; u_pll|altpll_component|auto_generated|pll1|clk[0] ; 10.000       ; 0.411      ; 9.028      ;
; 1.385 ; tx_audio_proc:u_tx_audio_proc|lim_sample[13]                                                                      ; tx_audio_proc:u_tx_audio_proc|sample_out[5]  ; u_pll|altpll_component|auto_generated|pll1|clk[0] ; u_pll|altpll_component|auto_generated|pll1|clk[0] ; 10.000       ; 0.411      ; 9.028      ;
; 1.386 ; tx_audio_proc:u_tx_audio_proc|lim_sample[13]                                                                      ; tx_audio_proc:u_tx_audio_proc|sample_out[7]  ; u_pll|altpll_component|auto_generated|pll1|clk[0] ; u_pll|altpll_component|auto_generated|pll1|clk[0] ; 10.000       ; 0.411      ; 9.027      ;
; 1.386 ; tx_audio_proc:u_tx_audio_proc|lim_sample[13]                                                                      ; tx_audio_proc:u_tx_audio_proc|sample_out[4]  ; u_pll|altpll_component|auto_generated|pll1|clk[0] ; u_pll|altpll_component|auto_generated|pll1|clk[0] ; 10.000       ; 0.411      ; 9.027      ;
; 1.386 ; tx_audio_proc:u_tx_audio_proc|lim_sample[13]                                                                      ; tx_audio_proc:u_tx_audio_proc|sample_out[1]  ; u_pll|altpll_component|auto_generated|pll1|clk[0] ; u_pll|altpll_component|auto_generated|pll1|clk[0] ; 10.000       ; 0.411      ; 9.027      ;
; 1.387 ; tx_audio_proc:u_tx_audio_proc|lim_sample[13]                                                                      ; tx_audio_proc:u_tx_audio_proc|sample_out[0]  ; u_pll|altpll_component|auto_generated|pll1|clk[0] ; u_pll|altpll_component|auto_generated|pll1|clk[0] ; 10.000       ; 0.411      ; 9.026      ;
; 1.387 ; tx_audio_proc:u_tx_audio_proc|lim_sample[13]                                                                      ; tx_audio_proc:u_tx_audio_proc|sample_out[12] ; u_pll|altpll_component|auto_generated|pll1|clk[0] ; u_pll|altpll_component|auto_generated|pll1|clk[0] ; 10.000       ; 0.411      ; 9.026      ;
; 1.387 ; tx_audio_proc:u_tx_audio_proc|lim_sample[13]                                                                      ; tx_audio_proc:u_tx_audio_proc|sample_out[10] ; u_pll|altpll_component|auto_generated|pll1|clk[0] ; u_pll|altpll_component|auto_generated|pll1|clk[0] ; 10.000       ; 0.411      ; 9.026      ;
; 1.387 ; tx_audio_proc:u_tx_audio_proc|lim_sample[13]                                                                      ; tx_audio_proc:u_tx_audio_proc|sample_out[8]  ; u_pll|altpll_component|auto_generated|pll1|clk[0] ; u_pll|altpll_component|auto_generated|pll1|clk[0] ; 10.000       ; 0.411      ; 9.026      ;
; 1.387 ; tx_audio_proc:u_tx_audio_proc|lim_sample[13]                                                                      ; tx_audio_proc:u_tx_audio_proc|sample_out[2]  ; u_pll|altpll_component|auto_generated|pll1|clk[0] ; u_pll|altpll_component|auto_generated|pll1|clk[0] ; 10.000       ; 0.411      ; 9.026      ;
; 1.414 ; tx_audio_proc:u_tx_audio_proc|lim_sample[13]                                                                      ; tx_audio_proc:u_tx_audio_proc|sample_out[3]  ; u_pll|altpll_component|auto_generated|pll1|clk[0] ; u_pll|altpll_component|auto_generated|pll1|clk[0] ; 10.000       ; 0.384      ; 8.972      ;
; 1.440 ; hilbert_filter:u_hilbert|altsyncram:coef_rom_rtl_0|altsyncram_ff91:auto_generated|ram_block1a0~porta_address_reg0 ; hilbert_filter:u_hilbert|mult2[0]            ; u_pll|altpll_component|auto_generated|pll1|clk[0] ; u_pll|altpll_component|auto_generated|pll1|clk[0] ; 10.000       ; -0.307     ; 8.022      ;
; 1.440 ; hilbert_filter:u_hilbert|altsyncram:coef_rom_rtl_0|altsyncram_ff91:auto_generated|ram_block1a0~porta_address_reg0 ; hilbert_filter:u_hilbert|mult2[1]            ; u_pll|altpll_component|auto_generated|pll1|clk[0] ; u_pll|altpll_component|auto_generated|pll1|clk[0] ; 10.000       ; -0.307     ; 8.022      ;
; 1.440 ; hilbert_filter:u_hilbert|altsyncram:coef_rom_rtl_0|altsyncram_ff91:auto_generated|ram_block1a0~porta_address_reg0 ; hilbert_filter:u_hilbert|mult2[2]            ; u_pll|altpll_component|auto_generated|pll1|clk[0] ; u_pll|altpll_component|auto_generated|pll1|clk[0] ; 10.000       ; -0.307     ; 8.022      ;
; 1.440 ; hilbert_filter:u_hilbert|altsyncram:coef_rom_rtl_0|altsyncram_ff91:auto_generated|ram_block1a0~porta_address_reg0 ; hilbert_filter:u_hilbert|mult2[3]            ; u_pll|altpll_component|auto_generated|pll1|clk[0] ; u_pll|altpll_component|auto_generated|pll1|clk[0] ; 10.000       ; -0.307     ; 8.022      ;
; 1.440 ; hilbert_filter:u_hilbert|altsyncram:coef_rom_rtl_0|altsyncram_ff91:auto_generated|ram_block1a0~porta_address_reg0 ; hilbert_filter:u_hilbert|mult2[4]            ; u_pll|altpll_component|auto_generated|pll1|clk[0] ; u_pll|altpll_component|auto_generated|pll1|clk[0] ; 10.000       ; -0.307     ; 8.022      ;
; 1.440 ; hilbert_filter:u_hilbert|altsyncram:coef_rom_rtl_0|altsyncram_ff91:auto_generated|ram_block1a0~porta_address_reg0 ; hilbert_filter:u_hilbert|mult2[5]            ; u_pll|altpll_component|auto_generated|pll1|clk[0] ; u_pll|altpll_component|auto_generated|pll1|clk[0] ; 10.000       ; -0.307     ; 8.022      ;
; 1.440 ; hilbert_filter:u_hilbert|altsyncram:coef_rom_rtl_0|altsyncram_ff91:auto_generated|ram_block1a0~porta_address_reg0 ; hilbert_filter:u_hilbert|mult2[6]            ; u_pll|altpll_component|auto_generated|pll1|clk[0] ; u_pll|altpll_component|auto_generated|pll1|clk[0] ; 10.000       ; -0.307     ; 8.022      ;
; 1.440 ; hilbert_filter:u_hilbert|altsyncram:coef_rom_rtl_0|altsyncram_ff91:auto_generated|ram_block1a0~porta_address_reg0 ; hilbert_filter:u_hilbert|mult2[7]            ; u_pll|altpll_component|auto_generated|pll1|clk[0] ; u_pll|altpll_component|auto_generated|pll1|clk[0] ; 10.000       ; -0.307     ; 8.022      ;
; 1.440 ; hilbert_filter:u_hilbert|altsyncram:coef_rom_rtl_0|altsyncram_ff91:auto_generated|ram_block1a0~porta_address_reg0 ; hilbert_filter:u_hilbert|mult2[8]            ; u_pll|altpll_component|auto_generated|pll1|clk[0] ; u_pll|altpll_component|auto_generated|pll1|clk[0] ; 10.000       ; -0.307     ; 8.022      ;
; 1.440 ; hilbert_filter:u_hilbert|altsyncram:coef_rom_rtl_0|altsyncram_ff91:auto_generated|ram_block1a0~porta_address_reg0 ; hilbert_filter:u_hilbert|mult2[9]            ; u_pll|altpll_component|auto_generated|pll1|clk[0] ; u_pll|altpll_component|auto_generated|pll1|clk[0] ; 10.000       ; -0.307     ; 8.022      ;
; 1.440 ; hilbert_filter:u_hilbert|altsyncram:coef_rom_rtl_0|altsyncram_ff91:auto_generated|ram_block1a0~porta_address_reg0 ; hilbert_filter:u_hilbert|mult2[10]           ; u_pll|altpll_component|auto_generated|pll1|clk[0] ; u_pll|altpll_component|auto_generated|pll1|clk[0] ; 10.000       ; -0.307     ; 8.022      ;
; 1.440 ; hilbert_filter:u_hilbert|altsyncram:coef_rom_rtl_0|altsyncram_ff91:auto_generated|ram_block1a0~porta_address_reg0 ; hilbert_filter:u_hilbert|mult2[11]           ; u_pll|altpll_component|auto_generated|pll1|clk[0] ; u_pll|altpll_component|auto_generated|pll1|clk[0] ; 10.000       ; -0.307     ; 8.022      ;
; 1.440 ; hilbert_filter:u_hilbert|altsyncram:coef_rom_rtl_0|altsyncram_ff91:auto_generated|ram_block1a0~porta_address_reg0 ; hilbert_filter:u_hilbert|mult2[12]           ; u_pll|altpll_component|auto_generated|pll1|clk[0] ; u_pll|altpll_component|auto_generated|pll1|clk[0] ; 10.000       ; -0.307     ; 8.022      ;
; 1.440 ; hilbert_filter:u_hilbert|altsyncram:coef_rom_rtl_0|altsyncram_ff91:auto_generated|ram_block1a0~porta_address_reg0 ; hilbert_filter:u_hilbert|mult2[13]           ; u_pll|altpll_component|auto_generated|pll1|clk[0] ; u_pll|altpll_component|auto_generated|pll1|clk[0] ; 10.000       ; -0.307     ; 8.022      ;
; 1.440 ; hilbert_filter:u_hilbert|altsyncram:coef_rom_rtl_0|altsyncram_ff91:auto_generated|ram_block1a0~porta_address_reg0 ; hilbert_filter:u_hilbert|mult2[14]           ; u_pll|altpll_component|auto_generated|pll1|clk[0] ; u_pll|altpll_component|auto_generated|pll1|clk[0] ; 10.000       ; -0.307     ; 8.022      ;
; 1.440 ; hilbert_filter:u_hilbert|altsyncram:coef_rom_rtl_0|altsyncram_ff91:auto_generated|ram_block1a0~porta_address_reg0 ; hilbert_filter:u_hilbert|mult2[15]           ; u_pll|altpll_component|auto_generated|pll1|clk[0] ; u_pll|altpll_component|auto_generated|pll1|clk[0] ; 10.000       ; -0.307     ; 8.022      ;
; 1.440 ; hilbert_filter:u_hilbert|altsyncram:coef_rom_rtl_0|altsyncram_ff91:auto_generated|ram_block1a0~porta_address_reg0 ; hilbert_filter:u_hilbert|mult2[16]           ; u_pll|altpll_component|auto_generated|pll1|clk[0] ; u_pll|altpll_component|auto_generated|pll1|clk[0] ; 10.000       ; -0.307     ; 8.022      ;
; 1.440 ; hilbert_filter:u_hilbert|altsyncram:coef_rom_rtl_0|altsyncram_ff91:auto_generated|ram_block1a0~porta_address_reg0 ; hilbert_filter:u_hilbert|mult2[17]           ; u_pll|altpll_component|auto_generated|pll1|clk[0] ; u_pll|altpll_component|auto_generated|pll1|clk[0] ; 10.000       ; -0.307     ; 8.022      ;
; 1.440 ; hilbert_filter:u_hilbert|altsyncram:coef_rom_rtl_0|altsyncram_ff91:auto_generated|ram_block1a0~porta_address_reg0 ; hilbert_filter:u_hilbert|mult2[18]           ; u_pll|altpll_component|auto_generated|pll1|clk[0] ; u_pll|altpll_component|auto_generated|pll1|clk[0] ; 10.000       ; -0.307     ; 8.022      ;
; 1.440 ; hilbert_filter:u_hilbert|altsyncram:coef_rom_rtl_0|altsyncram_ff91:auto_generated|ram_block1a0~porta_address_reg0 ; hilbert_filter:u_hilbert|mult2[19]           ; u_pll|altpll_component|auto_generated|pll1|clk[0] ; u_pll|altpll_component|auto_generated|pll1|clk[0] ; 10.000       ; -0.307     ; 8.022      ;
; 1.440 ; hilbert_filter:u_hilbert|altsyncram:coef_rom_rtl_0|altsyncram_ff91:auto_generated|ram_block1a0~porta_address_reg0 ; hilbert_filter:u_hilbert|mult2[20]           ; u_pll|altpll_component|auto_generated|pll1|clk[0] ; u_pll|altpll_component|auto_generated|pll1|clk[0] ; 10.000       ; -0.307     ; 8.022      ;
; 1.440 ; hilbert_filter:u_hilbert|altsyncram:coef_rom_rtl_0|altsyncram_ff91:auto_generated|ram_block1a0~porta_address_reg0 ; hilbert_filter:u_hilbert|mult2[21]           ; u_pll|altpll_component|auto_generated|pll1|clk[0] ; u_pll|altpll_component|auto_generated|pll1|clk[0] ; 10.000       ; -0.307     ; 8.022      ;
; 1.440 ; hilbert_filter:u_hilbert|altsyncram:coef_rom_rtl_0|altsyncram_ff91:auto_generated|ram_block1a0~porta_address_reg0 ; hilbert_filter:u_hilbert|mult2[22]           ; u_pll|altpll_component|auto_generated|pll1|clk[0] ; u_pll|altpll_component|auto_generated|pll1|clk[0] ; 10.000       ; -0.307     ; 8.022      ;
; 1.440 ; hilbert_filter:u_hilbert|altsyncram:coef_rom_rtl_0|altsyncram_ff91:auto_generated|ram_block1a0~porta_address_reg0 ; hilbert_filter:u_hilbert|mult2[23]           ; u_pll|altpll_component|auto_generated|pll1|clk[0] ; u_pll|altpll_component|auto_generated|pll1|clk[0] ; 10.000       ; -0.307     ; 8.022      ;
; 1.440 ; hilbert_filter:u_hilbert|altsyncram:coef_rom_rtl_0|altsyncram_ff91:auto_generated|ram_block1a0~porta_address_reg0 ; hilbert_filter:u_hilbert|mult2[24]           ; u_pll|altpll_component|auto_generated|pll1|clk[0] ; u_pll|altpll_component|auto_generated|pll1|clk[0] ; 10.000       ; -0.307     ; 8.022      ;
; 1.440 ; hilbert_filter:u_hilbert|altsyncram:coef_rom_rtl_0|altsyncram_ff91:auto_generated|ram_block1a0~porta_address_reg0 ; hilbert_filter:u_hilbert|mult2[25]           ; u_pll|altpll_component|auto_generated|pll1|clk[0] ; u_pll|altpll_component|auto_generated|pll1|clk[0] ; 10.000       ; -0.307     ; 8.022      ;
; 1.440 ; hilbert_filter:u_hilbert|altsyncram:coef_rom_rtl_0|altsyncram_ff91:auto_generated|ram_block1a0~porta_address_reg0 ; hilbert_filter:u_hilbert|mult2[26]           ; u_pll|altpll_component|auto_generated|pll1|clk[0] ; u_pll|altpll_component|auto_generated|pll1|clk[0] ; 10.000       ; -0.307     ; 8.022      ;
; 1.440 ; hilbert_filter:u_hilbert|altsyncram:coef_rom_rtl_0|altsyncram_ff91:auto_generated|ram_block1a0~porta_address_reg0 ; hilbert_filter:u_hilbert|mult2[27]           ; u_pll|altpll_component|auto_generated|pll1|clk[0] ; u_pll|altpll_component|auto_generated|pll1|clk[0] ; 10.000       ; -0.307     ; 8.022      ;
; 1.440 ; hilbert_filter:u_hilbert|altsyncram:coef_rom_rtl_0|altsyncram_ff91:auto_generated|ram_block1a0~porta_address_reg0 ; hilbert_filter:u_hilbert|mult2[28]           ; u_pll|altpll_component|auto_generated|pll1|clk[0] ; u_pll|altpll_component|auto_generated|pll1|clk[0] ; 10.000       ; -0.307     ; 8.022      ;
; 1.461 ; tx_audio_proc:u_tx_audio_proc|lim_sample[5]                                                                       ; tx_audio_proc:u_tx_audio_proc|sample_out[3]  ; u_pll|altpll_component|auto_generated|pll1|clk[0] ; u_pll|altpll_component|auto_generated|pll1|clk[0] ; 10.000       ; 0.384      ; 8.925      ;
; 1.489 ; tx_audio_proc:u_tx_audio_proc|lim_sample[5]                                                                       ; tx_audio_proc:u_tx_audio_proc|sample_out[9]  ; u_pll|altpll_component|auto_generated|pll1|clk[0] ; u_pll|altpll_component|auto_generated|pll1|clk[0] ; 10.000       ; 0.411      ; 8.924      ;
; 1.489 ; tx_audio_proc:u_tx_audio_proc|lim_sample[4]                                                                       ; tx_audio_proc:u_tx_audio_proc|sample_out[3]  ; u_pll|altpll_component|auto_generated|pll1|clk[0] ; u_pll|altpll_component|auto_generated|pll1|clk[0] ; 10.000       ; 0.384      ; 8.897      ;
; 1.490 ; tx_audio_proc:u_tx_audio_proc|lim_sample[5]                                                                       ; tx_audio_proc:u_tx_audio_proc|sample_out[11] ; u_pll|altpll_component|auto_generated|pll1|clk[0] ; u_pll|altpll_component|auto_generated|pll1|clk[0] ; 10.000       ; 0.411      ; 8.923      ;
; 1.490 ; tx_audio_proc:u_tx_audio_proc|lim_sample[5]                                                                       ; tx_audio_proc:u_tx_audio_proc|sample_out[7]  ; u_pll|altpll_component|auto_generated|pll1|clk[0] ; u_pll|altpll_component|auto_generated|pll1|clk[0] ; 10.000       ; 0.411      ; 8.923      ;
; 1.490 ; tx_audio_proc:u_tx_audio_proc|lim_sample[5]                                                                       ; tx_audio_proc:u_tx_audio_proc|sample_out[6]  ; u_pll|altpll_component|auto_generated|pll1|clk[0] ; u_pll|altpll_component|auto_generated|pll1|clk[0] ; 10.000       ; 0.411      ; 8.923      ;
; 1.490 ; tx_audio_proc:u_tx_audio_proc|lim_sample[5]                                                                       ; tx_audio_proc:u_tx_audio_proc|sample_out[5]  ; u_pll|altpll_component|auto_generated|pll1|clk[0] ; u_pll|altpll_component|auto_generated|pll1|clk[0] ; 10.000       ; 0.411      ; 8.923      ;
; 1.490 ; tx_audio_proc:u_tx_audio_proc|lim_sample[5]                                                                       ; tx_audio_proc:u_tx_audio_proc|sample_out[1]  ; u_pll|altpll_component|auto_generated|pll1|clk[0] ; u_pll|altpll_component|auto_generated|pll1|clk[0] ; 10.000       ; 0.411      ; 8.923      ;
; 1.491 ; tx_audio_proc:u_tx_audio_proc|lim_sample[5]                                                                       ; tx_audio_proc:u_tx_audio_proc|sample_out[0]  ; u_pll|altpll_component|auto_generated|pll1|clk[0] ; u_pll|altpll_component|auto_generated|pll1|clk[0] ; 10.000       ; 0.411      ; 8.922      ;
; 1.491 ; tx_audio_proc:u_tx_audio_proc|lim_sample[5]                                                                       ; tx_audio_proc:u_tx_audio_proc|sample_out[12] ; u_pll|altpll_component|auto_generated|pll1|clk[0] ; u_pll|altpll_component|auto_generated|pll1|clk[0] ; 10.000       ; 0.411      ; 8.922      ;
; 1.491 ; tx_audio_proc:u_tx_audio_proc|lim_sample[5]                                                                       ; tx_audio_proc:u_tx_audio_proc|sample_out[10] ; u_pll|altpll_component|auto_generated|pll1|clk[0] ; u_pll|altpll_component|auto_generated|pll1|clk[0] ; 10.000       ; 0.411      ; 8.922      ;
; 1.491 ; tx_audio_proc:u_tx_audio_proc|lim_sample[5]                                                                       ; tx_audio_proc:u_tx_audio_proc|sample_out[8]  ; u_pll|altpll_component|auto_generated|pll1|clk[0] ; u_pll|altpll_component|auto_generated|pll1|clk[0] ; 10.000       ; 0.411      ; 8.922      ;
; 1.491 ; tx_audio_proc:u_tx_audio_proc|lim_sample[5]                                                                       ; tx_audio_proc:u_tx_audio_proc|sample_out[4]  ; u_pll|altpll_component|auto_generated|pll1|clk[0] ; u_pll|altpll_component|auto_generated|pll1|clk[0] ; 10.000       ; 0.411      ; 8.922      ;
; 1.491 ; tx_audio_proc:u_tx_audio_proc|lim_sample[5]                                                                       ; tx_audio_proc:u_tx_audio_proc|sample_out[2]  ; u_pll|altpll_component|auto_generated|pll1|clk[0] ; u_pll|altpll_component|auto_generated|pll1|clk[0] ; 10.000       ; 0.411      ; 8.922      ;
; 1.517 ; tx_audio_proc:u_tx_audio_proc|lim_sample[4]                                                                       ; tx_audio_proc:u_tx_audio_proc|sample_out[9]  ; u_pll|altpll_component|auto_generated|pll1|clk[0] ; u_pll|altpll_component|auto_generated|pll1|clk[0] ; 10.000       ; 0.411      ; 8.896      ;
; 1.518 ; tx_audio_proc:u_tx_audio_proc|lim_sample[4]                                                                       ; tx_audio_proc:u_tx_audio_proc|sample_out[11] ; u_pll|altpll_component|auto_generated|pll1|clk[0] ; u_pll|altpll_component|auto_generated|pll1|clk[0] ; 10.000       ; 0.411      ; 8.895      ;
; 1.518 ; tx_audio_proc:u_tx_audio_proc|lim_sample[4]                                                                       ; tx_audio_proc:u_tx_audio_proc|sample_out[7]  ; u_pll|altpll_component|auto_generated|pll1|clk[0] ; u_pll|altpll_component|auto_generated|pll1|clk[0] ; 10.000       ; 0.411      ; 8.895      ;
; 1.518 ; tx_audio_proc:u_tx_audio_proc|lim_sample[4]                                                                       ; tx_audio_proc:u_tx_audio_proc|sample_out[6]  ; u_pll|altpll_component|auto_generated|pll1|clk[0] ; u_pll|altpll_component|auto_generated|pll1|clk[0] ; 10.000       ; 0.411      ; 8.895      ;
; 1.518 ; tx_audio_proc:u_tx_audio_proc|lim_sample[4]                                                                       ; tx_audio_proc:u_tx_audio_proc|sample_out[5]  ; u_pll|altpll_component|auto_generated|pll1|clk[0] ; u_pll|altpll_component|auto_generated|pll1|clk[0] ; 10.000       ; 0.411      ; 8.895      ;
; 1.518 ; tx_audio_proc:u_tx_audio_proc|lim_sample[4]                                                                       ; tx_audio_proc:u_tx_audio_proc|sample_out[1]  ; u_pll|altpll_component|auto_generated|pll1|clk[0] ; u_pll|altpll_component|auto_generated|pll1|clk[0] ; 10.000       ; 0.411      ; 8.895      ;
; 1.519 ; tx_audio_proc:u_tx_audio_proc|lim_sample[4]                                                                       ; tx_audio_proc:u_tx_audio_proc|sample_out[0]  ; u_pll|altpll_component|auto_generated|pll1|clk[0] ; u_pll|altpll_component|auto_generated|pll1|clk[0] ; 10.000       ; 0.411      ; 8.894      ;
; 1.519 ; tx_audio_proc:u_tx_audio_proc|lim_sample[4]                                                                       ; tx_audio_proc:u_tx_audio_proc|sample_out[12] ; u_pll|altpll_component|auto_generated|pll1|clk[0] ; u_pll|altpll_component|auto_generated|pll1|clk[0] ; 10.000       ; 0.411      ; 8.894      ;
; 1.519 ; tx_audio_proc:u_tx_audio_proc|lim_sample[4]                                                                       ; tx_audio_proc:u_tx_audio_proc|sample_out[10] ; u_pll|altpll_component|auto_generated|pll1|clk[0] ; u_pll|altpll_component|auto_generated|pll1|clk[0] ; 10.000       ; 0.411      ; 8.894      ;
; 1.519 ; tx_audio_proc:u_tx_audio_proc|lim_sample[4]                                                                       ; tx_audio_proc:u_tx_audio_proc|sample_out[8]  ; u_pll|altpll_component|auto_generated|pll1|clk[0] ; u_pll|altpll_component|auto_generated|pll1|clk[0] ; 10.000       ; 0.411      ; 8.894      ;
; 1.519 ; tx_audio_proc:u_tx_audio_proc|lim_sample[4]                                                                       ; tx_audio_proc:u_tx_audio_proc|sample_out[4]  ; u_pll|altpll_component|auto_generated|pll1|clk[0] ; u_pll|altpll_component|auto_generated|pll1|clk[0] ; 10.000       ; 0.411      ; 8.894      ;
; 1.519 ; tx_audio_proc:u_tx_audio_proc|lim_sample[4]                                                                       ; tx_audio_proc:u_tx_audio_proc|sample_out[2]  ; u_pll|altpll_component|auto_generated|pll1|clk[0] ; u_pll|altpll_component|auto_generated|pll1|clk[0] ; 10.000       ; 0.411      ; 8.894      ;
; 1.532 ; hilbert_filter:u_hilbert|altsyncram:history_rtl_0|altsyncram_1si1:auto_generated|ram_block1a0~portb_address_reg0  ; hilbert_filter:u_hilbert|mult2[0]            ; u_pll|altpll_component|auto_generated|pll1|clk[0] ; u_pll|altpll_component|auto_generated|pll1|clk[0] ; 10.000       ; -0.298     ; 7.939      ;
; 1.532 ; hilbert_filter:u_hilbert|altsyncram:history_rtl_0|altsyncram_1si1:auto_generated|ram_block1a0~portb_address_reg0  ; hilbert_filter:u_hilbert|mult2[1]            ; u_pll|altpll_component|auto_generated|pll1|clk[0] ; u_pll|altpll_component|auto_generated|pll1|clk[0] ; 10.000       ; -0.298     ; 7.939      ;
; 1.532 ; hilbert_filter:u_hilbert|altsyncram:history_rtl_0|altsyncram_1si1:auto_generated|ram_block1a0~portb_address_reg0  ; hilbert_filter:u_hilbert|mult2[2]            ; u_pll|altpll_component|auto_generated|pll1|clk[0] ; u_pll|altpll_component|auto_generated|pll1|clk[0] ; 10.000       ; -0.298     ; 7.939      ;
; 1.532 ; hilbert_filter:u_hilbert|altsyncram:history_rtl_0|altsyncram_1si1:auto_generated|ram_block1a0~portb_address_reg0  ; hilbert_filter:u_hilbert|mult2[3]            ; u_pll|altpll_component|auto_generated|pll1|clk[0] ; u_pll|altpll_component|auto_generated|pll1|clk[0] ; 10.000       ; -0.298     ; 7.939      ;
; 1.532 ; hilbert_filter:u_hilbert|altsyncram:history_rtl_0|altsyncram_1si1:auto_generated|ram_block1a0~portb_address_reg0  ; hilbert_filter:u_hilbert|mult2[4]            ; u_pll|altpll_component|auto_generated|pll1|clk[0] ; u_pll|altpll_component|auto_generated|pll1|clk[0] ; 10.000       ; -0.298     ; 7.939      ;
; 1.532 ; hilbert_filter:u_hilbert|altsyncram:history_rtl_0|altsyncram_1si1:auto_generated|ram_block1a0~portb_address_reg0  ; hilbert_filter:u_hilbert|mult2[5]            ; u_pll|altpll_component|auto_generated|pll1|clk[0] ; u_pll|altpll_component|auto_generated|pll1|clk[0] ; 10.000       ; -0.298     ; 7.939      ;
; 1.532 ; hilbert_filter:u_hilbert|altsyncram:history_rtl_0|altsyncram_1si1:auto_generated|ram_block1a0~portb_address_reg0  ; hilbert_filter:u_hilbert|mult2[6]            ; u_pll|altpll_component|auto_generated|pll1|clk[0] ; u_pll|altpll_component|auto_generated|pll1|clk[0] ; 10.000       ; -0.298     ; 7.939      ;
; 1.532 ; hilbert_filter:u_hilbert|altsyncram:history_rtl_0|altsyncram_1si1:auto_generated|ram_block1a0~portb_address_reg0  ; hilbert_filter:u_hilbert|mult2[7]            ; u_pll|altpll_component|auto_generated|pll1|clk[0] ; u_pll|altpll_component|auto_generated|pll1|clk[0] ; 10.000       ; -0.298     ; 7.939      ;
; 1.532 ; hilbert_filter:u_hilbert|altsyncram:history_rtl_0|altsyncram_1si1:auto_generated|ram_block1a0~portb_address_reg0  ; hilbert_filter:u_hilbert|mult2[8]            ; u_pll|altpll_component|auto_generated|pll1|clk[0] ; u_pll|altpll_component|auto_generated|pll1|clk[0] ; 10.000       ; -0.298     ; 7.939      ;
; 1.532 ; hilbert_filter:u_hilbert|altsyncram:history_rtl_0|altsyncram_1si1:auto_generated|ram_block1a0~portb_address_reg0  ; hilbert_filter:u_hilbert|mult2[9]            ; u_pll|altpll_component|auto_generated|pll1|clk[0] ; u_pll|altpll_component|auto_generated|pll1|clk[0] ; 10.000       ; -0.298     ; 7.939      ;
; 1.532 ; hilbert_filter:u_hilbert|altsyncram:history_rtl_0|altsyncram_1si1:auto_generated|ram_block1a0~portb_address_reg0  ; hilbert_filter:u_hilbert|mult2[10]           ; u_pll|altpll_component|auto_generated|pll1|clk[0] ; u_pll|altpll_component|auto_generated|pll1|clk[0] ; 10.000       ; -0.298     ; 7.939      ;
; 1.532 ; hilbert_filter:u_hilbert|altsyncram:history_rtl_0|altsyncram_1si1:auto_generated|ram_block1a0~portb_address_reg0  ; hilbert_filter:u_hilbert|mult2[11]           ; u_pll|altpll_component|auto_generated|pll1|clk[0] ; u_pll|altpll_component|auto_generated|pll1|clk[0] ; 10.000       ; -0.298     ; 7.939      ;
; 1.532 ; hilbert_filter:u_hilbert|altsyncram:history_rtl_0|altsyncram_1si1:auto_generated|ram_block1a0~portb_address_reg0  ; hilbert_filter:u_hilbert|mult2[12]           ; u_pll|altpll_component|auto_generated|pll1|clk[0] ; u_pll|altpll_component|auto_generated|pll1|clk[0] ; 10.000       ; -0.298     ; 7.939      ;
; 1.532 ; hilbert_filter:u_hilbert|altsyncram:history_rtl_0|altsyncram_1si1:auto_generated|ram_block1a0~portb_address_reg0  ; hilbert_filter:u_hilbert|mult2[13]           ; u_pll|altpll_component|auto_generated|pll1|clk[0] ; u_pll|altpll_component|auto_generated|pll1|clk[0] ; 10.000       ; -0.298     ; 7.939      ;
; 1.532 ; hilbert_filter:u_hilbert|altsyncram:history_rtl_0|altsyncram_1si1:auto_generated|ram_block1a0~portb_address_reg0  ; hilbert_filter:u_hilbert|mult2[14]           ; u_pll|altpll_component|auto_generated|pll1|clk[0] ; u_pll|altpll_component|auto_generated|pll1|clk[0] ; 10.000       ; -0.298     ; 7.939      ;
; 1.532 ; hilbert_filter:u_hilbert|altsyncram:history_rtl_0|altsyncram_1si1:auto_generated|ram_block1a0~portb_address_reg0  ; hilbert_filter:u_hilbert|mult2[15]           ; u_pll|altpll_component|auto_generated|pll1|clk[0] ; u_pll|altpll_component|auto_generated|pll1|clk[0] ; 10.000       ; -0.298     ; 7.939      ;
; 1.532 ; hilbert_filter:u_hilbert|altsyncram:history_rtl_0|altsyncram_1si1:auto_generated|ram_block1a0~portb_address_reg0  ; hilbert_filter:u_hilbert|mult2[16]           ; u_pll|altpll_component|auto_generated|pll1|clk[0] ; u_pll|altpll_component|auto_generated|pll1|clk[0] ; 10.000       ; -0.298     ; 7.939      ;
; 1.532 ; hilbert_filter:u_hilbert|altsyncram:history_rtl_0|altsyncram_1si1:auto_generated|ram_block1a0~portb_address_reg0  ; hilbert_filter:u_hilbert|mult2[17]           ; u_pll|altpll_component|auto_generated|pll1|clk[0] ; u_pll|altpll_component|auto_generated|pll1|clk[0] ; 10.000       ; -0.298     ; 7.939      ;
; 1.532 ; hilbert_filter:u_hilbert|altsyncram:history_rtl_0|altsyncram_1si1:auto_generated|ram_block1a0~portb_address_reg0  ; hilbert_filter:u_hilbert|mult2[18]           ; u_pll|altpll_component|auto_generated|pll1|clk[0] ; u_pll|altpll_component|auto_generated|pll1|clk[0] ; 10.000       ; -0.298     ; 7.939      ;
; 1.532 ; hilbert_filter:u_hilbert|altsyncram:history_rtl_0|altsyncram_1si1:auto_generated|ram_block1a0~portb_address_reg0  ; hilbert_filter:u_hilbert|mult2[19]           ; u_pll|altpll_component|auto_generated|pll1|clk[0] ; u_pll|altpll_component|auto_generated|pll1|clk[0] ; 10.000       ; -0.298     ; 7.939      ;
; 1.532 ; hilbert_filter:u_hilbert|altsyncram:history_rtl_0|altsyncram_1si1:auto_generated|ram_block1a0~portb_address_reg0  ; hilbert_filter:u_hilbert|mult2[20]           ; u_pll|altpll_component|auto_generated|pll1|clk[0] ; u_pll|altpll_component|auto_generated|pll1|clk[0] ; 10.000       ; -0.298     ; 7.939      ;
; 1.532 ; hilbert_filter:u_hilbert|altsyncram:history_rtl_0|altsyncram_1si1:auto_generated|ram_block1a0~portb_address_reg0  ; hilbert_filter:u_hilbert|mult2[21]           ; u_pll|altpll_component|auto_generated|pll1|clk[0] ; u_pll|altpll_component|auto_generated|pll1|clk[0] ; 10.000       ; -0.298     ; 7.939      ;
; 1.532 ; hilbert_filter:u_hilbert|altsyncram:history_rtl_0|altsyncram_1si1:auto_generated|ram_block1a0~portb_address_reg0  ; hilbert_filter:u_hilbert|mult2[22]           ; u_pll|altpll_component|auto_generated|pll1|clk[0] ; u_pll|altpll_component|auto_generated|pll1|clk[0] ; 10.000       ; -0.298     ; 7.939      ;
; 1.532 ; hilbert_filter:u_hilbert|altsyncram:history_rtl_0|altsyncram_1si1:auto_generated|ram_block1a0~portb_address_reg0  ; hilbert_filter:u_hilbert|mult2[23]           ; u_pll|altpll_component|auto_generated|pll1|clk[0] ; u_pll|altpll_component|auto_generated|pll1|clk[0] ; 10.000       ; -0.298     ; 7.939      ;
; 1.532 ; hilbert_filter:u_hilbert|altsyncram:history_rtl_0|altsyncram_1si1:auto_generated|ram_block1a0~portb_address_reg0  ; hilbert_filter:u_hilbert|mult2[24]           ; u_pll|altpll_component|auto_generated|pll1|clk[0] ; u_pll|altpll_component|auto_generated|pll1|clk[0] ; 10.000       ; -0.298     ; 7.939      ;
; 1.532 ; hilbert_filter:u_hilbert|altsyncram:history_rtl_0|altsyncram_1si1:auto_generated|ram_block1a0~portb_address_reg0  ; hilbert_filter:u_hilbert|mult2[25]           ; u_pll|altpll_component|auto_generated|pll1|clk[0] ; u_pll|altpll_component|auto_generated|pll1|clk[0] ; 10.000       ; -0.298     ; 7.939      ;
; 1.532 ; hilbert_filter:u_hilbert|altsyncram:history_rtl_0|altsyncram_1si1:auto_generated|ram_block1a0~portb_address_reg0  ; hilbert_filter:u_hilbert|mult2[26]           ; u_pll|altpll_component|auto_generated|pll1|clk[0] ; u_pll|altpll_component|auto_generated|pll1|clk[0] ; 10.000       ; -0.298     ; 7.939      ;
; 1.532 ; hilbert_filter:u_hilbert|altsyncram:history_rtl_0|altsyncram_1si1:auto_generated|ram_block1a0~portb_address_reg0  ; hilbert_filter:u_hilbert|mult2[27]           ; u_pll|altpll_component|auto_generated|pll1|clk[0] ; u_pll|altpll_component|auto_generated|pll1|clk[0] ; 10.000       ; -0.298     ; 7.939      ;
; 1.532 ; hilbert_filter:u_hilbert|altsyncram:history_rtl_0|altsyncram_1si1:auto_generated|ram_block1a0~portb_address_reg0  ; hilbert_filter:u_hilbert|mult2[28]           ; u_pll|altpll_component|auto_generated|pll1|clk[0] ; u_pll|altpll_component|auto_generated|pll1|clk[0] ; 10.000       ; -0.298     ; 7.939      ;
; 1.603 ; tx_audio_proc:u_tx_audio_proc|lim_sample[15]                                                                      ; tx_audio_proc:u_tx_audio_proc|sample_out[11] ; u_pll|altpll_component|auto_generated|pll1|clk[0] ; u_pll|altpll_component|auto_generated|pll1|clk[0] ; 10.000       ; 0.411      ; 8.810      ;
; 1.603 ; tx_audio_proc:u_tx_audio_proc|lim_sample[15]                                                                      ; tx_audio_proc:u_tx_audio_proc|sample_out[9]  ; u_pll|altpll_component|auto_generated|pll1|clk[0] ; u_pll|altpll_component|auto_generated|pll1|clk[0] ; 10.000       ; 0.411      ; 8.810      ;
; 1.603 ; tx_audio_proc:u_tx_audio_proc|lim_sample[15]                                                                      ; tx_audio_proc:u_tx_audio_proc|sample_out[6]  ; u_pll|altpll_component|auto_generated|pll1|clk[0] ; u_pll|altpll_component|auto_generated|pll1|clk[0] ; 10.000       ; 0.411      ; 8.810      ;
+-------+-------------------------------------------------------------------------------------------------------------------+----------------------------------------------+---------------------------------------------------+---------------------------------------------------+--------------+------------+------------+


+----------------------------------------------------------------------------------------------------------------------------------------------------------------------------------------------------------------------------------------------------------------------------------------------------------------------------+
; Slow 1200mV 0C Model Hold: 'u_pll|altpll_component|auto_generated|pll1|clk[0]'                                                                                                                                                                                                                                             ;
+-------+-----------------------------------------------+-------------------------------------------------------------------------------------------------------------------+---------------------------------------------------+---------------------------------------------------+--------------+------------+------------+
; Slack ; From Node                                     ; To Node                                                                                                           ; Launch Clock                                      ; Latch Clock                                       ; Relationship ; Clock Skew ; Data Delay ;
+-------+-----------------------------------------------+-------------------------------------------------------------------------------------------------------------------+---------------------------------------------------+---------------------------------------------------+--------------+------------+------------+
; 0.385 ; hilbert_filter:u_hilbert|tap0[5]              ; hilbert_filter:u_hilbert|altsyncram:coef_rom_rtl_0|altsyncram_ff91:auto_generated|ram_block1a0~porta_address_reg0 ; u_pll|altpll_component|auto_generated|pll1|clk[0] ; u_pll|altpll_component|auto_generated|pll1|clk[0] ; 0.000        ; 0.450      ; 1.065      ;
; 0.385 ; hilbert_filter:u_hilbert|tap0[7]              ; hilbert_filter:u_hilbert|altsyncram:coef_rom_rtl_0|altsyncram_ff91:auto_generated|ram_block1a0~porta_address_reg0 ; u_pll|altpll_component|auto_generated|pll1|clk[0] ; u_pll|altpll_component|auto_generated|pll1|clk[0] ; 0.000        ; 0.450      ; 1.065      ;
; 0.386 ; hilbert_filter:u_hilbert|tap0[6]              ; hilbert_filter:u_hilbert|altsyncram:coef_rom_rtl_0|altsyncram_ff91:auto_generated|ram_block1a0~porta_address_reg0 ; u_pll|altpll_component|auto_generated|pll1|clk[0] ; u_pll|altpll_component|auto_generated|pll1|clk[0] ; 0.000        ; 0.450      ; 1.066      ;
; 0.401 ; hilbert_filter:u_hilbert|busy                 ; hilbert_filter:u_hilbert|busy                                                                                     ; u_pll|altpll_component|auto_generated|pll1|clk[0] ; u_pll|altpll_component|auto_generated|pll1|clk[0] ; 0.000        ; 0.073      ; 0.669      ;
; 0.401 ; tx_enable                                     ; tx_enable                                                                                                         ; u_pll|altpll_component|auto_generated|pll1|clk[0] ; u_pll|altpll_component|auto_generated|pll1|clk[0] ; 0.000        ; 0.073      ; 0.669      ;
; 0.401 ; key0_stable                                   ; key0_stable                                                                                                       ; u_pll|altpll_component|auto_generated|pll1|clk[0] ; u_pll|altpll_component|auto_generated|pll1|clk[0] ; 0.000        ; 0.073      ; 0.669      ;
; 0.402 ; tx_audio_proc:u_tx_audio_proc|gate_on         ; tx_audio_proc:u_tx_audio_proc|gate_on                                                                             ; u_pll|altpll_component|auto_generated|pll1|clk[0] ; u_pll|altpll_component|auto_generated|pll1|clk[0] ; 0.000        ; 0.072      ; 0.669      ;
; 0.404 ; hilbert_filter:u_hilbert|wr_ptr[1]            ; hilbert_filter:u_hilbert|altsyncram:history_rtl_0|altsyncram_1si1:auto_generated|ram_block1a0~porta_address_reg0  ; u_pll|altpll_component|auto_generated|pll1|clk[0] ; u_pll|altpll_component|auto_generated|pll1|clk[0] ; 0.000        ; 0.425      ; 1.059      ;
; 0.414 ; hilbert_filter:u_hilbert|wr_ptr[2]            ; hilbert_filter:u_hilbert|altsyncram:history_rtl_0|altsyncram_1si1:auto_generated|ram_block1a0~porta_address_reg0  ; u_pll|altpll_component|auto_generated|pll1|clk[0] ; u_pll|altpll_component|auto_generated|pll1|clk[0] ; 0.000        ; 0.425      ; 1.069      ;
; 0.415 ; hilbert_filter:u_hilbert|tap0[4]              ; hilbert_filter:u_hilbert|altsyncram:coef_rom_rtl_0|altsyncram_ff91:auto_generated|ram_block1a0~porta_address_reg0 ; u_pll|altpll_component|auto_generated|pll1|clk[0] ; u_pll|altpll_component|auto_generated|pll1|clk[0] ; 0.000        ; 0.450      ; 1.095      ;
; 0.416 ; hilbert_filter:u_hilbert|wr_ptr[0]            ; hilbert_filter:u_hilbert|wr_ptr[0]                                                                                ; u_pll|altpll_component|auto_generated|pll1|clk[0] ; u_pll|altpll_component|auto_generated|pll1|clk[0] ; 0.000        ; 0.073      ; 0.684      ;
; 0.416 ; hilbert_filter:u_hilbert|issue_en             ; hilbert_filter:u_hilbert|issue_en                                                                                 ; u_pll|altpll_component|auto_generated|pll1|clk[0] ; u_pll|altpll_component|auto_generated|pll1|clk[0] ; 0.000        ; 0.073      ; 0.684      ;
; 0.416 ; i2s_rx:u_i2s_rx|clk_div[0]                    ; i2s_rx:u_i2s_rx|clk_div[0]                                                                                        ; u_pll|altpll_component|auto_generated|pll1|clk[0] ; u_pll|altpll_component|auto_generated|pll1|clk[0] ; 0.000        ; 0.073      ; 0.684      ;
; 0.426 ; hilbert_filter:u_hilbert|tap0[2]              ; hilbert_filter:u_hilbert|altsyncram:coef_rom_rtl_0|altsyncram_ff91:auto_generated|ram_block1a0~porta_address_reg0 ; u_pll|altpll_component|auto_generated|pll1|clk[0] ; u_pll|altpll_component|auto_generated|pll1|clk[0] ; 0.000        ; 0.450      ; 1.106      ;
; 0.433 ; hilbert_filter:u_hilbert|wr_ptr[0]            ; hilbert_filter:u_hilbert|altsyncram:history_rtl_0|altsyncram_1si1:auto_generated|ram_block1a0~porta_address_reg0  ; u_pll|altpll_component|auto_generated|pll1|clk[0] ; u_pll|altpll_component|auto_generated|pll1|clk[0] ; 0.000        ; 0.425      ; 1.088      ;
; 0.444 ; hilbert_filter:u_hilbert|wr_ptr[4]            ; hilbert_filter:u_hilbert|altsyncram:history_rtl_0|altsyncram_1si1:auto_generated|ram_block1a0~porta_address_reg0  ; u_pll|altpll_component|auto_generated|pll1|clk[0] ; u_pll|altpll_component|auto_generated|pll1|clk[0] ; 0.000        ; 0.425      ; 1.099      ;
; 0.450 ; hilbert_filter:u_hilbert|wr_ptr[3]            ; hilbert_filter:u_hilbert|altsyncram:history_rtl_0|altsyncram_1si1:auto_generated|ram_block1a0~porta_address_reg0  ; u_pll|altpll_component|auto_generated|pll1|clk[0] ; u_pll|altpll_component|auto_generated|pll1|clk[0] ; 0.000        ; 0.425      ; 1.105      ;
; 0.453 ; hilbert_filter:u_hilbert|wr_ptr[7]            ; hilbert_filter:u_hilbert|altsyncram:history_rtl_0|altsyncram_1si1:auto_generated|ram_block1a0~porta_address_reg0  ; u_pll|altpll_component|auto_generated|pll1|clk[0] ; u_pll|altpll_component|auto_generated|pll1|clk[0] ; 0.000        ; 0.425      ; 1.108      ;
; 0.468 ; multi_band_modulator:u_band_mod|tx_out_B[28]  ; multi_band_modulator:u_band_mod|dac_out_B[7]                                                                      ; u_pll|altpll_component|auto_generated|pll1|clk[0] ; u_pll|altpll_component|auto_generated|pll1|clk[0] ; 0.000        ; 0.073      ; 0.736      ;
; 0.468 ; i2s_rx:u_i2s_rx|shift_reg[1]                  ; i2s_rx:u_i2s_rx|shift_reg[2]                                                                                      ; u_pll|altpll_component|auto_generated|pll1|clk[0] ; u_pll|altpll_component|auto_generated|pll1|clk[0] ; 0.000        ; 0.073      ; 0.736      ;
; 0.470 ; hilbert_filter:u_hilbert|audio_i_captured[11] ; hilbert_filter:u_hilbert|audio_i[11]                                                                              ; u_pll|altpll_component|auto_generated|pll1|clk[0] ; u_pll|altpll_component|auto_generated|pll1|clk[0] ; 0.000        ; 0.073      ; 0.738      ;
; 0.470 ; hilbert_filter:u_hilbert|audio_i_captured[10] ; hilbert_filter:u_hilbert|audio_i[10]                                                                              ; u_pll|altpll_component|auto_generated|pll1|clk[0] ; u_pll|altpll_component|auto_generated|pll1|clk[0] ; 0.000        ; 0.073      ; 0.738      ;
; 0.470 ; hilbert_filter:u_hilbert|audio_i_captured[9]  ; hilbert_filter:u_hilbert|audio_i[9]                                                                               ; u_pll|altpll_component|auto_generated|pll1|clk[0] ; u_pll|altpll_component|auto_generated|pll1|clk[0] ; 0.000        ; 0.073      ; 0.738      ;
; 0.470 ; hilbert_filter:u_hilbert|audio_i_captured[6]  ; hilbert_filter:u_hilbert|audio_i[6]                                                                               ; u_pll|altpll_component|auto_generated|pll1|clk[0] ; u_pll|altpll_component|auto_generated|pll1|clk[0] ; 0.000        ; 0.073      ; 0.738      ;
; 0.470 ; i2s_rx:u_i2s_rx|shift_reg[6]                  ; i2s_rx:u_i2s_rx|shift_reg[7]                                                                                      ; u_pll|altpll_component|auto_generated|pll1|clk[0] ; u_pll|altpll_component|auto_generated|pll1|clk[0] ; 0.000        ; 0.073      ; 0.738      ;
; 0.471 ; hilbert_filter:u_hilbert|audio_i_captured[5]  ; hilbert_filter:u_hilbert|audio_i[5]                                                                               ; u_pll|altpll_component|auto_generated|pll1|clk[0] ; u_pll|altpll_component|auto_generated|pll1|clk[0] ; 0.000        ; 0.072      ; 0.738      ;
; 0.471 ; i2s_rx:u_i2s_rx|shift_reg[0]                  ; i2s_rx:u_i2s_rx|shift_reg[1]                                                                                      ; u_pll|altpll_component|auto_generated|pll1|clk[0] ; u_pll|altpll_component|auto_generated|pll1|clk[0] ; 0.000        ; 0.073      ; 0.739      ;
; 0.472 ; hilbert_filter:u_hilbert|audio_i_captured[13] ; hilbert_filter:u_hilbert|audio_i[13]                                                                              ; u_pll|altpll_component|auto_generated|pll1|clk[0] ; u_pll|altpll_component|auto_generated|pll1|clk[0] ; 0.000        ; 0.073      ; 0.740      ;
; 0.472 ; hilbert_filter:u_hilbert|audio_i_captured[12] ; hilbert_filter:u_hilbert|audio_i[12]                                                                              ; u_pll|altpll_component|auto_generated|pll1|clk[0] ; u_pll|altpll_component|auto_generated|pll1|clk[0] ; 0.000        ; 0.073      ; 0.740      ;
; 0.472 ; hilbert_filter:u_hilbert|audio_i_captured[4]  ; hilbert_filter:u_hilbert|audio_i[4]                                                                               ; u_pll|altpll_component|auto_generated|pll1|clk[0] ; u_pll|altpll_component|auto_generated|pll1|clk[0] ; 0.000        ; 0.072      ; 0.739      ;
; 0.472 ; i2s_rx:u_i2s_rx|shift_reg[2]                  ; i2s_rx:u_i2s_rx|shift_reg[3]                                                                                      ; u_pll|altpll_component|auto_generated|pll1|clk[0] ; u_pll|altpll_component|auto_generated|pll1|clk[0] ; 0.000        ; 0.073      ; 0.740      ;
; 0.476 ; hilbert_filter:u_hilbert|tap1[0]              ; hilbert_filter:u_hilbert|tap2[0]                                                                                  ; u_pll|altpll_component|auto_generated|pll1|clk[0] ; u_pll|altpll_component|auto_generated|pll1|clk[0] ; 0.000        ; 0.072      ; 0.743      ;
; 0.478 ; cic_interpolator:u_cic_i|i3_out[34]           ; multi_band_modulator:u_band_mod|audio_i_d1[12]                                                                    ; u_pll|altpll_component|auto_generated|pll1|clk[0] ; u_pll|altpll_component|auto_generated|pll1|clk[0] ; 0.000        ; 0.073      ; 0.746      ;
; 0.478 ; cic_interpolator:u_cic_q|i3_out[35]           ; multi_band_modulator:u_band_mod|audio_q_d1[13]                                                                    ; u_pll|altpll_component|auto_generated|pll1|clk[0] ; u_pll|altpll_component|auto_generated|pll1|clk[0] ; 0.000        ; 0.073      ; 0.746      ;
; 0.478 ; hilbert_filter:u_hilbert|tap1[2]              ; hilbert_filter:u_hilbert|tap2[2]                                                                                  ; u_pll|altpll_component|auto_generated|pll1|clk[0] ; u_pll|altpll_component|auto_generated|pll1|clk[0] ; 0.000        ; 0.072      ; 0.745      ;
; 0.479 ; cic_interpolator:u_cic_i|i3_out[32]           ; multi_band_modulator:u_band_mod|audio_i_d1[10]                                                                    ; u_pll|altpll_component|auto_generated|pll1|clk[0] ; u_pll|altpll_component|auto_generated|pll1|clk[0] ; 0.000        ; 0.073      ; 0.747      ;
; 0.479 ; hilbert_filter:u_hilbert|tap1[7]              ; hilbert_filter:u_hilbert|tap2[7]                                                                                  ; u_pll|altpll_component|auto_generated|pll1|clk[0] ; u_pll|altpll_component|auto_generated|pll1|clk[0] ; 0.000        ; 0.073      ; 0.747      ;
; 0.480 ; cic_interpolator:u_cic_i|i3_out[31]           ; multi_band_modulator:u_band_mod|audio_i_d1[9]                                                                     ; u_pll|altpll_component|auto_generated|pll1|clk[0] ; u_pll|altpll_component|auto_generated|pll1|clk[0] ; 0.000        ; 0.073      ; 0.748      ;
; 0.482 ; key_d0[2]                                     ; key_d1[2]                                                                                                         ; u_pll|altpll_component|auto_generated|pll1|clk[0] ; u_pll|altpll_component|auto_generated|pll1|clk[0] ; 0.000        ; 0.074      ; 0.751      ;
; 0.491 ; cic_interpolator:u_cic_i|c1_out[0]            ; cic_interpolator:u_cic_i|c2_d1[0]                                                                                 ; u_pll|altpll_component|auto_generated|pll1|clk[0] ; u_pll|altpll_component|auto_generated|pll1|clk[0] ; 0.000        ; 0.073      ; 0.759      ;
; 0.491 ; hilbert_filter:u_hilbert|wr_ptr[0]            ; hilbert_filter:u_hilbert|newest_ptr[0]                                                                            ; u_pll|altpll_component|auto_generated|pll1|clk[0] ; u_pll|altpll_component|auto_generated|pll1|clk[0] ; 0.000        ; 0.073      ; 0.759      ;
; 0.492 ; hilbert_filter:u_hilbert|tap1[1]              ; hilbert_filter:u_hilbert|tap2[1]                                                                                  ; u_pll|altpll_component|auto_generated|pll1|clk[0] ; u_pll|altpll_component|auto_generated|pll1|clk[0] ; 0.000        ; 0.072      ; 0.759      ;
; 0.494 ; tx_audio_proc:u_tx_audio_proc|hp_sample[10]   ; tx_audio_proc:u_tx_audio_proc|hp_prev[10]                                                                         ; u_pll|altpll_component|auto_generated|pll1|clk[0] ; u_pll|altpll_component|auto_generated|pll1|clk[0] ; 0.000        ; 0.073      ; 0.762      ;
; 0.497 ; i2s_rx:u_i2s_rx|shift_reg[7]                  ; i2s_rx:u_i2s_rx|shift_reg[8]                                                                                      ; u_pll|altpll_component|auto_generated|pll1|clk[0] ; u_pll|altpll_component|auto_generated|pll1|clk[0] ; 0.000        ; 0.073      ; 0.765      ;
; 0.498 ; i2s_rx:u_i2s_rx|shift_reg[8]                  ; i2s_rx:u_i2s_rx|shift_reg[9]                                                                                      ; u_pll|altpll_component|auto_generated|pll1|clk[0] ; u_pll|altpll_component|auto_generated|pll1|clk[0] ; 0.000        ; 0.073      ; 0.766      ;
; 0.499 ; hilbert_filter:u_hilbert|wr_ptr[5]            ; hilbert_filter:u_hilbert|altsyncram:history_rtl_0|altsyncram_1si1:auto_generated|ram_block1a0~porta_address_reg0  ; u_pll|altpll_component|auto_generated|pll1|clk[0] ; u_pll|altpll_component|auto_generated|pll1|clk[0] ; 0.000        ; 0.425      ; 1.154      ;
; 0.499 ; i2s_rx:u_i2s_rx|shift_reg[9]                  ; i2s_rx:u_i2s_rx|shift_reg[10]                                                                                     ; u_pll|altpll_component|auto_generated|pll1|clk[0] ; u_pll|altpll_component|auto_generated|pll1|clk[0] ; 0.000        ; 0.073      ; 0.767      ;
; 0.500 ; hilbert_filter:u_hilbert|wr_ptr[6]            ; hilbert_filter:u_hilbert|newest_ptr[6]                                                                            ; u_pll|altpll_component|auto_generated|pll1|clk[0] ; u_pll|altpll_component|auto_generated|pll1|clk[0] ; 0.000        ; 0.073      ; 0.768      ;
; 0.500 ; hilbert_filter:u_hilbert|wr_ptr[5]            ; hilbert_filter:u_hilbert|newest_ptr[5]                                                                            ; u_pll|altpll_component|auto_generated|pll1|clk[0] ; u_pll|altpll_component|auto_generated|pll1|clk[0] ; 0.000        ; 0.073      ; 0.768      ;
; 0.501 ; hilbert_filter:u_hilbert|wr_ptr[3]            ; hilbert_filter:u_hilbert|newest_ptr[3]                                                                            ; u_pll|altpll_component|auto_generated|pll1|clk[0] ; u_pll|altpll_component|auto_generated|pll1|clk[0] ; 0.000        ; 0.073      ; 0.769      ;
; 0.501 ; hilbert_filter:u_hilbert|wr_ptr[1]            ; hilbert_filter:u_hilbert|newest_ptr[1]                                                                            ; u_pll|altpll_component|auto_generated|pll1|clk[0] ; u_pll|altpll_component|auto_generated|pll1|clk[0] ; 0.000        ; 0.073      ; 0.769      ;
; 0.509 ; hilbert_filter:u_hilbert|tap_issue[0]         ; hilbert_filter:u_hilbert|tap0[0]                                                                                  ; u_pll|altpll_component|auto_generated|pll1|clk[0] ; u_pll|altpll_component|auto_generated|pll1|clk[0] ; 0.000        ; 0.072      ; 0.776      ;
; 0.577 ; hilbert_filter:u_hilbert|tap0[1]              ; hilbert_filter:u_hilbert|altsyncram:coef_rom_rtl_0|altsyncram_ff91:auto_generated|ram_block1a0~porta_address_reg0 ; u_pll|altpll_component|auto_generated|pll1|clk[0] ; u_pll|altpll_component|auto_generated|pll1|clk[0] ; 0.000        ; 0.450      ; 1.257      ;
; 0.592 ; hilbert_filter:u_hilbert|hist_addr0[3]        ; hilbert_filter:u_hilbert|altsyncram:history_rtl_0|altsyncram_1si1:auto_generated|ram_block1a0~portb_address_reg0  ; u_pll|altpll_component|auto_generated|pll1|clk[0] ; u_pll|altpll_component|auto_generated|pll1|clk[0] ; 0.000        ; 0.441      ; 1.263      ;
; 0.611 ; tx_audio_proc:u_tx_audio_proc|hp_sample[7]    ; tx_audio_proc:u_tx_audio_proc|hp_prev[7]                                                                          ; u_pll|altpll_component|auto_generated|pll1|clk[0] ; u_pll|altpll_component|auto_generated|pll1|clk[0] ; 0.000        ; 0.073      ; 0.879      ;
; 0.612 ; cic_interpolator:u_cic_i|c1_out[4]            ; cic_interpolator:u_cic_i|c2_d1[4]                                                                                 ; u_pll|altpll_component|auto_generated|pll1|clk[0] ; u_pll|altpll_component|auto_generated|pll1|clk[0] ; 0.000        ; 0.073      ; 0.880      ;
; 0.612 ; hilbert_filter:u_hilbert|tap1[6]              ; hilbert_filter:u_hilbert|tap2[6]                                                                                  ; u_pll|altpll_component|auto_generated|pll1|clk[0] ; u_pll|altpll_component|auto_generated|pll1|clk[0] ; 0.000        ; 0.073      ; 0.880      ;
; 0.613 ; cic_interpolator:u_cic_i|c2_out[11]           ; cic_interpolator:u_cic_i|c3_d1[11]                                                                                ; u_pll|altpll_component|auto_generated|pll1|clk[0] ; u_pll|altpll_component|auto_generated|pll1|clk[0] ; 0.000        ; 0.073      ; 0.881      ;
; 0.614 ; cic_interpolator:u_cic_i|c1_out[11]           ; cic_interpolator:u_cic_i|c2_d1[11]                                                                                ; u_pll|altpll_component|auto_generated|pll1|clk[0] ; u_pll|altpll_component|auto_generated|pll1|clk[0] ; 0.000        ; 0.073      ; 0.882      ;
; 0.617 ; tx_audio_proc:u_tx_audio_proc|hp_sample[9]    ; tx_audio_proc:u_tx_audio_proc|hp_prev[9]                                                                          ; u_pll|altpll_component|auto_generated|pll1|clk[0] ; u_pll|altpll_component|auto_generated|pll1|clk[0] ; 0.000        ; 0.073      ; 0.885      ;
; 0.618 ; cic_interpolator:u_cic_i|c2_out[9]            ; cic_interpolator:u_cic_i|c3_d1[9]                                                                                 ; u_pll|altpll_component|auto_generated|pll1|clk[0] ; u_pll|altpll_component|auto_generated|pll1|clk[0] ; 0.000        ; 0.073      ; 0.886      ;
; 0.618 ; i2s_rx:u_i2s_rx|audio_data[16]                ; tx_audio_proc:u_tx_audio_proc|x_prev[16]                                                                          ; u_pll|altpll_component|auto_generated|pll1|clk[0] ; u_pll|altpll_component|auto_generated|pll1|clk[0] ; 0.000        ; 0.074      ; 0.887      ;
; 0.618 ; i2s_rx:u_i2s_rx|audio_data[0]                 ; tx_audio_proc:u_tx_audio_proc|x_prev[0]                                                                           ; u_pll|altpll_component|auto_generated|pll1|clk[0] ; u_pll|altpll_component|auto_generated|pll1|clk[0] ; 0.000        ; 0.074      ; 0.887      ;
; 0.619 ; cic_interpolator:u_cic_i|c2_d1[14]            ; cic_interpolator:u_cic_i|c2_out[15]                                                                               ; u_pll|altpll_component|auto_generated|pll1|clk[0] ; u_pll|altpll_component|auto_generated|pll1|clk[0] ; 0.000        ; 0.074      ; 0.888      ;
; 0.619 ; hilbert_filter:u_hilbert|hist_addr0[4]        ; hilbert_filter:u_hilbert|altsyncram:history_rtl_0|altsyncram_1si1:auto_generated|ram_block1a0~portb_address_reg0  ; u_pll|altpll_component|auto_generated|pll1|clk[0] ; u_pll|altpll_component|auto_generated|pll1|clk[0] ; 0.000        ; 0.441      ; 1.290      ;
; 0.619 ; multi_band_modulator:u_band_mod|tx_out_B[27]  ; multi_band_modulator:u_band_mod|dac_out_B[7]                                                                      ; u_pll|altpll_component|auto_generated|pll1|clk[0] ; u_pll|altpll_component|auto_generated|pll1|clk[0] ; 0.000        ; 0.073      ; 0.887      ;
; 0.620 ; cic_interpolator:u_cic_q|c2_d1[14]            ; cic_interpolator:u_cic_q|c2_out[15]                                                                               ; u_pll|altpll_component|auto_generated|pll1|clk[0] ; u_pll|altpll_component|auto_generated|pll1|clk[0] ; 0.000        ; 0.073      ; 0.888      ;
; 0.620 ; tx_audio_proc:u_tx_audio_proc|hp_sample[5]    ; tx_audio_proc:u_tx_audio_proc|hp_prev[5]                                                                          ; u_pll|altpll_component|auto_generated|pll1|clk[0] ; u_pll|altpll_component|auto_generated|pll1|clk[0] ; 0.000        ; 0.073      ; 0.888      ;
; 0.621 ; tx_audio_proc:u_tx_audio_proc|hp_sample[13]   ; tx_audio_proc:u_tx_audio_proc|hp_prev[13]                                                                         ; u_pll|altpll_component|auto_generated|pll1|clk[0] ; u_pll|altpll_component|auto_generated|pll1|clk[0] ; 0.000        ; 0.073      ; 0.889      ;
; 0.624 ; tx_audio_proc:u_tx_audio_proc|hp_sample[2]    ; tx_audio_proc:u_tx_audio_proc|hp_prev[2]                                                                          ; u_pll|altpll_component|auto_generated|pll1|clk[0] ; u_pll|altpll_component|auto_generated|pll1|clk[0] ; 0.000        ; 0.073      ; 0.892      ;
; 0.625 ; cic_interpolator:u_cic_i|i2_out[35]           ; cic_interpolator:u_cic_i|i3_out[35]                                                                               ; u_pll|altpll_component|auto_generated|pll1|clk[0] ; u_pll|altpll_component|auto_generated|pll1|clk[0] ; 0.000        ; 0.073      ; 0.893      ;
; 0.625 ; cic_interpolator:u_cic_i|i1_out[35]           ; cic_interpolator:u_cic_i|i2_out[35]                                                                               ; u_pll|altpll_component|auto_generated|pll1|clk[0] ; u_pll|altpll_component|auto_generated|pll1|clk[0] ; 0.000        ; 0.073      ; 0.893      ;
; 0.626 ; multi_band_modulator:u_band_mod|phase_acc[31] ; multi_band_modulator:u_band_mod|sign_iB_d1                                                                        ; u_pll|altpll_component|auto_generated|pll1|clk[0] ; u_pll|altpll_component|auto_generated|pll1|clk[0] ; 0.000        ; 0.073      ; 0.894      ;
; 0.627 ; hilbert_filter:u_hilbert|tap_issue[8]         ; hilbert_filter:u_hilbert|tap_issue[8]                                                                             ; u_pll|altpll_component|auto_generated|pll1|clk[0] ; u_pll|altpll_component|auto_generated|pll1|clk[0] ; 0.000        ; 0.072      ; 0.894      ;
; 0.632 ; tx_audio_proc:u_tx_audio_proc|lpf2_state[27]  ; tx_audio_proc:u_tx_audio_proc|lpf2_state[27]                                                                      ; u_pll|altpll_component|auto_generated|pll1|clk[0] ; u_pll|altpll_component|auto_generated|pll1|clk[0] ; 0.000        ; 0.073      ; 0.900      ;
; 0.633 ; cic_interpolator:u_cic_i|c1_out[1]            ; cic_interpolator:u_cic_i|c2_d1[1]                                                                                 ; u_pll|altpll_component|auto_generated|pll1|clk[0] ; u_pll|altpll_component|auto_generated|pll1|clk[0] ; 0.000        ; 0.073      ; 0.901      ;
; 0.634 ; tx_audio_proc:u_tx_audio_proc|hp_sample[8]    ; tx_audio_proc:u_tx_audio_proc|hp_prev[8]                                                                          ; u_pll|altpll_component|auto_generated|pll1|clk[0] ; u_pll|altpll_component|auto_generated|pll1|clk[0] ; 0.000        ; 0.073      ; 0.902      ;
; 0.634 ; tx_audio_proc:u_tx_audio_proc|hp_sample[3]    ; tx_audio_proc:u_tx_audio_proc|hp_prev[3]                                                                          ; u_pll|altpll_component|auto_generated|pll1|clk[0] ; u_pll|altpll_component|auto_generated|pll1|clk[0] ; 0.000        ; 0.073      ; 0.902      ;
; 0.635 ; cic_interpolator:u_cic_i|c2_out[14]           ; cic_interpolator:u_cic_i|c3_d1[14]                                                                                ; u_pll|altpll_component|auto_generated|pll1|clk[0] ; u_pll|altpll_component|auto_generated|pll1|clk[0] ; 0.000        ; 0.073      ; 0.903      ;
; 0.635 ; cic_interpolator:u_cic_i|c1_out[12]           ; cic_interpolator:u_cic_i|c2_d1[12]                                                                                ; u_pll|altpll_component|auto_generated|pll1|clk[0] ; u_pll|altpll_component|auto_generated|pll1|clk[0] ; 0.000        ; 0.073      ; 0.903      ;
; 0.636 ; cic_interpolator:u_cic_q|c3_d1[15]            ; cic_interpolator:u_cic_q|c3_out[16]                                                                               ; u_pll|altpll_component|auto_generated|pll1|clk[0] ; u_pll|altpll_component|auto_generated|pll1|clk[0] ; 0.000        ; 0.073      ; 0.904      ;
; 0.636 ; i2s_rx:u_i2s_rx|audio_data[10]                ; tx_audio_proc:u_tx_audio_proc|x_prev[10]                                                                          ; u_pll|altpll_component|auto_generated|pll1|clk[0] ; u_pll|altpll_component|auto_generated|pll1|clk[0] ; 0.000        ; 0.074      ; 0.905      ;
; 0.637 ; cic_interpolator:u_cic_i|c3_d1[15]            ; cic_interpolator:u_cic_i|c3_out[16]                                                                               ; u_pll|altpll_component|auto_generated|pll1|clk[0] ; u_pll|altpll_component|auto_generated|pll1|clk[0] ; 0.000        ; 0.072      ; 0.904      ;
; 0.637 ; cic_interpolator:u_cic_i|c2_out[10]           ; cic_interpolator:u_cic_i|c3_d1[10]                                                                                ; u_pll|altpll_component|auto_generated|pll1|clk[0] ; u_pll|altpll_component|auto_generated|pll1|clk[0] ; 0.000        ; 0.073      ; 0.905      ;
; 0.637 ; cic_interpolator:u_cic_q|c1_d1[13]            ; cic_interpolator:u_cic_q|c1_out[14]                                                                               ; u_pll|altpll_component|auto_generated|pll1|clk[0] ; u_pll|altpll_component|auto_generated|pll1|clk[0] ; 0.000        ; 0.073      ; 0.905      ;
; 0.637 ; i2s_rx:u_i2s_rx|audio_data[6]                 ; tx_audio_proc:u_tx_audio_proc|x_prev[6]                                                                           ; u_pll|altpll_component|auto_generated|pll1|clk[0] ; u_pll|altpll_component|auto_generated|pll1|clk[0] ; 0.000        ; 0.074      ; 0.906      ;
; 0.637 ; i2s_rx:u_i2s_rx|audio_data[1]                 ; tx_audio_proc:u_tx_audio_proc|x_prev[1]                                                                           ; u_pll|altpll_component|auto_generated|pll1|clk[0] ; u_pll|altpll_component|auto_generated|pll1|clk[0] ; 0.000        ; 0.074      ; 0.906      ;
; 0.638 ; cic_interpolator:u_cic_i|c1_out[5]            ; cic_interpolator:u_cic_i|c2_d1[5]                                                                                 ; u_pll|altpll_component|auto_generated|pll1|clk[0] ; u_pll|altpll_component|auto_generated|pll1|clk[0] ; 0.000        ; 0.073      ; 0.906      ;
; 0.639 ; i2s_rx:u_i2s_rx|audio_data[13]                ; tx_audio_proc:u_tx_audio_proc|x_prev[13]                                                                          ; u_pll|altpll_component|auto_generated|pll1|clk[0] ; u_pll|altpll_component|auto_generated|pll1|clk[0] ; 0.000        ; 0.074      ; 0.908      ;
; 0.640 ; tx_audio_proc:u_tx_audio_proc|lpf1_state[27]  ; tx_audio_proc:u_tx_audio_proc|lpf1_state[27]                                                                      ; u_pll|altpll_component|auto_generated|pll1|clk[0] ; u_pll|altpll_component|auto_generated|pll1|clk[0] ; 0.000        ; 0.072      ; 0.907      ;
; 0.645 ; hilbert_filter:u_hilbert|audio_i_captured[7]  ; hilbert_filter:u_hilbert|audio_i[7]                                                                               ; u_pll|altpll_component|auto_generated|pll1|clk[0] ; u_pll|altpll_component|auto_generated|pll1|clk[0] ; 0.000        ; 0.073      ; 0.913      ;
; 0.645 ; i2s_rx:u_i2s_rx|shift_reg[5]                  ; i2s_rx:u_i2s_rx|shift_reg[6]                                                                                      ; u_pll|altpll_component|auto_generated|pll1|clk[0] ; u_pll|altpll_component|auto_generated|pll1|clk[0] ; 0.000        ; 0.073      ; 0.913      ;
; 0.645 ; i2s_rx:u_i2s_rx|shift_reg[4]                  ; i2s_rx:u_i2s_rx|shift_reg[5]                                                                                      ; u_pll|altpll_component|auto_generated|pll1|clk[0] ; u_pll|altpll_component|auto_generated|pll1|clk[0] ; 0.000        ; 0.073      ; 0.913      ;
; 0.647 ; cic_interpolator:u_cic_i|c1_out[14]           ; cic_interpolator:u_cic_i|c2_d1[14]                                                                                ; u_pll|altpll_component|auto_generated|pll1|clk[0] ; u_pll|altpll_component|auto_generated|pll1|clk[0] ; 0.000        ; 0.073      ; 0.915      ;
; 0.647 ; hilbert_filter:u_hilbert|audio_i_captured[8]  ; hilbert_filter:u_hilbert|audio_i[8]                                                                               ; u_pll|altpll_component|auto_generated|pll1|clk[0] ; u_pll|altpll_component|auto_generated|pll1|clk[0] ; 0.000        ; 0.073      ; 0.915      ;
; 0.647 ; hilbert_filter:u_hilbert|audio_i_captured[2]  ; hilbert_filter:u_hilbert|audio_i[2]                                                                               ; u_pll|altpll_component|auto_generated|pll1|clk[0] ; u_pll|altpll_component|auto_generated|pll1|clk[0] ; 0.000        ; 0.072      ; 0.914      ;
; 0.647 ; hilbert_filter:u_hilbert|audio_i_captured[1]  ; hilbert_filter:u_hilbert|audio_i[1]                                                                               ; u_pll|altpll_component|auto_generated|pll1|clk[0] ; u_pll|altpll_component|auto_generated|pll1|clk[0] ; 0.000        ; 0.072      ; 0.914      ;
; 0.648 ; hilbert_filter:u_hilbert|audio_i_captured[0]  ; hilbert_filter:u_hilbert|audio_i[0]                                                                               ; u_pll|altpll_component|auto_generated|pll1|clk[0] ; u_pll|altpll_component|auto_generated|pll1|clk[0] ; 0.000        ; 0.072      ; 0.915      ;
; 0.649 ; hilbert_filter:u_hilbert|audio_i_captured[3]  ; hilbert_filter:u_hilbert|audio_i[3]                                                                               ; u_pll|altpll_component|auto_generated|pll1|clk[0] ; u_pll|altpll_component|auto_generated|pll1|clk[0] ; 0.000        ; 0.072      ; 0.916      ;
; 0.651 ; i2s_rx:u_i2s_rx|audio_data[21]                ; tx_audio_proc:u_tx_audio_proc|x_prev[21]                                                                          ; u_pll|altpll_component|auto_generated|pll1|clk[0] ; u_pll|altpll_component|auto_generated|pll1|clk[0] ; 0.000        ; 0.074      ; 0.920      ;
+-------+-----------------------------------------------+-------------------------------------------------------------------------------------------------------------------+---------------------------------------------------+---------------------------------------------------+--------------+------------+------------+


+-----------------------------------------------------------------------------------------------------------------------------------------------------------------------------------------+
; Slow 1200mV 0C Model Minimum Pulse Width: 'u_pll|altpll_component|auto_generated|pll1|clk[0]'                                                                                           ;
+-------+--------------+----------------+------------------+---------------------------------------------------+------------+-------------------------------------------------------------+
; Slack ; Actual Width ; Required Width ; Type             ; Clock                                             ; Clock Edge ; Target                                                      ;
+-------+--------------+----------------+------------------+---------------------------------------------------+------------+-------------------------------------------------------------+
; 4.607 ; 4.989        ; 0.382          ; High Pulse Width ; u_pll|altpll_component|auto_generated|pll1|clk[0] ; Rise       ; hilbert_filter:u_hilbert|mult2[0]                           ;
; 4.607 ; 4.989        ; 0.382          ; High Pulse Width ; u_pll|altpll_component|auto_generated|pll1|clk[0] ; Rise       ; hilbert_filter:u_hilbert|mult2[10]                          ;
; 4.607 ; 4.989        ; 0.382          ; High Pulse Width ; u_pll|altpll_component|auto_generated|pll1|clk[0] ; Rise       ; hilbert_filter:u_hilbert|mult2[11]                          ;
; 4.607 ; 4.989        ; 0.382          ; High Pulse Width ; u_pll|altpll_component|auto_generated|pll1|clk[0] ; Rise       ; hilbert_filter:u_hilbert|mult2[12]                          ;
; 4.607 ; 4.989        ; 0.382          ; High Pulse Width ; u_pll|altpll_component|auto_generated|pll1|clk[0] ; Rise       ; hilbert_filter:u_hilbert|mult2[13]                          ;
; 4.607 ; 4.989        ; 0.382          ; High Pulse Width ; u_pll|altpll_component|auto_generated|pll1|clk[0] ; Rise       ; hilbert_filter:u_hilbert|mult2[14]                          ;
; 4.607 ; 4.989        ; 0.382          ; High Pulse Width ; u_pll|altpll_component|auto_generated|pll1|clk[0] ; Rise       ; hilbert_filter:u_hilbert|mult2[15]                          ;
; 4.607 ; 4.989        ; 0.382          ; High Pulse Width ; u_pll|altpll_component|auto_generated|pll1|clk[0] ; Rise       ; hilbert_filter:u_hilbert|mult2[16]                          ;
; 4.607 ; 4.989        ; 0.382          ; High Pulse Width ; u_pll|altpll_component|auto_generated|pll1|clk[0] ; Rise       ; hilbert_filter:u_hilbert|mult2[17]                          ;
; 4.607 ; 4.989        ; 0.382          ; High Pulse Width ; u_pll|altpll_component|auto_generated|pll1|clk[0] ; Rise       ; hilbert_filter:u_hilbert|mult2[18]                          ;
; 4.607 ; 4.989        ; 0.382          ; High Pulse Width ; u_pll|altpll_component|auto_generated|pll1|clk[0] ; Rise       ; hilbert_filter:u_hilbert|mult2[19]                          ;
; 4.607 ; 4.989        ; 0.382          ; High Pulse Width ; u_pll|altpll_component|auto_generated|pll1|clk[0] ; Rise       ; hilbert_filter:u_hilbert|mult2[1]                           ;
; 4.607 ; 4.989        ; 0.382          ; High Pulse Width ; u_pll|altpll_component|auto_generated|pll1|clk[0] ; Rise       ; hilbert_filter:u_hilbert|mult2[20]                          ;
; 4.607 ; 4.989        ; 0.382          ; High Pulse Width ; u_pll|altpll_component|auto_generated|pll1|clk[0] ; Rise       ; hilbert_filter:u_hilbert|mult2[21]                          ;
; 4.607 ; 4.989        ; 0.382          ; High Pulse Width ; u_pll|altpll_component|auto_generated|pll1|clk[0] ; Rise       ; hilbert_filter:u_hilbert|mult2[22]                          ;
; 4.607 ; 4.989        ; 0.382          ; High Pulse Width ; u_pll|altpll_component|auto_generated|pll1|clk[0] ; Rise       ; hilbert_filter:u_hilbert|mult2[23]                          ;
; 4.607 ; 4.989        ; 0.382          ; High Pulse Width ; u_pll|altpll_component|auto_generated|pll1|clk[0] ; Rise       ; hilbert_filter:u_hilbert|mult2[24]                          ;
; 4.607 ; 4.989        ; 0.382          ; High Pulse Width ; u_pll|altpll_component|auto_generated|pll1|clk[0] ; Rise       ; hilbert_filter:u_hilbert|mult2[25]                          ;
; 4.607 ; 4.989        ; 0.382          ; High Pulse Width ; u_pll|altpll_component|auto_generated|pll1|clk[0] ; Rise       ; hilbert_filter:u_hilbert|mult2[26]                          ;
; 4.607 ; 4.989        ; 0.382          ; High Pulse Width ; u_pll|altpll_component|auto_generated|pll1|clk[0] ; Rise       ; hilbert_filter:u_hilbert|mult2[27]                          ;
; 4.607 ; 4.989        ; 0.382          ; High Pulse Width ; u_pll|altpll_component|auto_generated|pll1|clk[0] ; Rise       ; hilbert_filter:u_hilbert|mult2[28]                          ;
; 4.607 ; 4.989        ; 0.382          ; High Pulse Width ; u_pll|altpll_component|auto_generated|pll1|clk[0] ; Rise       ; hilbert_filter:u_hilbert|mult2[2]                           ;
; 4.607 ; 4.989        ; 0.382          ; High Pulse Width ; u_pll|altpll_component|auto_generated|pll1|clk[0] ; Rise       ; hilbert_filter:u_hilbert|mult2[3]                           ;
; 4.607 ; 4.989        ; 0.382          ; High Pulse Width ; u_pll|altpll_component|auto_generated|pll1|clk[0] ; Rise       ; hilbert_filter:u_hilbert|mult2[4]                           ;
; 4.607 ; 4.989        ; 0.382          ; High Pulse Width ; u_pll|altpll_component|auto_generated|pll1|clk[0] ; Rise       ; hilbert_filter:u_hilbert|mult2[5]                           ;
; 4.607 ; 4.989        ; 0.382          ; High Pulse Width ; u_pll|altpll_component|auto_generated|pll1|clk[0] ; Rise       ; hilbert_filter:u_hilbert|mult2[6]                           ;
; 4.607 ; 4.989        ; 0.382          ; High Pulse Width ; u_pll|altpll_component|auto_generated|pll1|clk[0] ; Rise       ; hilbert_filter:u_hilbert|mult2[7]                           ;
; 4.607 ; 4.989        ; 0.382          ; High Pulse Width ; u_pll|altpll_component|auto_generated|pll1|clk[0] ; Rise       ; hilbert_filter:u_hilbert|mult2[8]                           ;
; 4.607 ; 4.989        ; 0.382          ; High Pulse Width ; u_pll|altpll_component|auto_generated|pll1|clk[0] ; Rise       ; hilbert_filter:u_hilbert|mult2[9]                           ;
; 4.609 ; 4.991        ; 0.382          ; Low Pulse Width  ; u_pll|altpll_component|auto_generated|pll1|clk[0] ; Rise       ; multi_band_modulator:u_band_mod|audio_q_d2[0]               ;
; 4.609 ; 4.991        ; 0.382          ; Low Pulse Width  ; u_pll|altpll_component|auto_generated|pll1|clk[0] ; Rise       ; multi_band_modulator:u_band_mod|audio_q_d2[0]~_Duplicate_1  ;
; 4.609 ; 4.991        ; 0.382          ; Low Pulse Width  ; u_pll|altpll_component|auto_generated|pll1|clk[0] ; Rise       ; multi_band_modulator:u_band_mod|audio_q_d2[10]              ;
; 4.609 ; 4.991        ; 0.382          ; Low Pulse Width  ; u_pll|altpll_component|auto_generated|pll1|clk[0] ; Rise       ; multi_band_modulator:u_band_mod|audio_q_d2[10]~_Duplicate_1 ;
; 4.609 ; 4.991        ; 0.382          ; Low Pulse Width  ; u_pll|altpll_component|auto_generated|pll1|clk[0] ; Rise       ; multi_band_modulator:u_band_mod|audio_q_d2[11]              ;
; 4.609 ; 4.991        ; 0.382          ; Low Pulse Width  ; u_pll|altpll_component|auto_generated|pll1|clk[0] ; Rise       ; multi_band_modulator:u_band_mod|audio_q_d2[11]~_Duplicate_1 ;
; 4.609 ; 4.991        ; 0.382          ; Low Pulse Width  ; u_pll|altpll_component|auto_generated|pll1|clk[0] ; Rise       ; multi_band_modulator:u_band_mod|audio_q_d2[12]              ;
; 4.609 ; 4.991        ; 0.382          ; Low Pulse Width  ; u_pll|altpll_component|auto_generated|pll1|clk[0] ; Rise       ; multi_band_modulator:u_band_mod|audio_q_d2[12]~_Duplicate_1 ;
; 4.609 ; 4.991        ; 0.382          ; Low Pulse Width  ; u_pll|altpll_component|auto_generated|pll1|clk[0] ; Rise       ; multi_band_modulator:u_band_mod|audio_q_d2[13]              ;
; 4.609 ; 4.991        ; 0.382          ; Low Pulse Width  ; u_pll|altpll_component|auto_generated|pll1|clk[0] ; Rise       ; multi_band_modulator:u_band_mod|audio_q_d2[13]~_Duplicate_1 ;
; 4.609 ; 4.991        ; 0.382          ; Low Pulse Width  ; u_pll|altpll_component|auto_generated|pll1|clk[0] ; Rise       ; multi_band_modulator:u_band_mod|audio_q_d2[1]               ;
; 4.609 ; 4.991        ; 0.382          ; Low Pulse Width  ; u_pll|altpll_component|auto_generated|pll1|clk[0] ; Rise       ; multi_band_modulator:u_band_mod|audio_q_d2[1]~_Duplicate_1  ;
; 4.609 ; 4.991        ; 0.382          ; Low Pulse Width  ; u_pll|altpll_component|auto_generated|pll1|clk[0] ; Rise       ; multi_band_modulator:u_band_mod|audio_q_d2[2]               ;
; 4.609 ; 4.991        ; 0.382          ; Low Pulse Width  ; u_pll|altpll_component|auto_generated|pll1|clk[0] ; Rise       ; multi_band_modulator:u_band_mod|audio_q_d2[2]~_Duplicate_1  ;
; 4.609 ; 4.991        ; 0.382          ; Low Pulse Width  ; u_pll|altpll_component|auto_generated|pll1|clk[0] ; Rise       ; multi_band_modulator:u_band_mod|audio_q_d2[3]               ;
; 4.609 ; 4.991        ; 0.382          ; Low Pulse Width  ; u_pll|altpll_component|auto_generated|pll1|clk[0] ; Rise       ; multi_band_modulator:u_band_mod|audio_q_d2[3]~_Duplicate_1  ;
; 4.609 ; 4.991        ; 0.382          ; Low Pulse Width  ; u_pll|altpll_component|auto_generated|pll1|clk[0] ; Rise       ; multi_band_modulator:u_band_mod|audio_q_d2[4]               ;
; 4.609 ; 4.991        ; 0.382          ; Low Pulse Width  ; u_pll|altpll_component|auto_generated|pll1|clk[0] ; Rise       ; multi_band_modulator:u_band_mod|audio_q_d2[4]~_Duplicate_1  ;
; 4.609 ; 4.991        ; 0.382          ; Low Pulse Width  ; u_pll|altpll_component|auto_generated|pll1|clk[0] ; Rise       ; multi_band_modulator:u_band_mod|audio_q_d2[5]               ;
; 4.609 ; 4.991        ; 0.382          ; Low Pulse Width  ; u_pll|altpll_component|auto_generated|pll1|clk[0] ; Rise       ; multi_band_modulator:u_band_mod|audio_q_d2[5]~_Duplicate_1  ;
; 4.609 ; 4.991        ; 0.382          ; Low Pulse Width  ; u_pll|altpll_component|auto_generated|pll1|clk[0] ; Rise       ; multi_band_modulator:u_band_mod|audio_q_d2[6]               ;
; 4.609 ; 4.991        ; 0.382          ; Low Pulse Width  ; u_pll|altpll_component|auto_generated|pll1|clk[0] ; Rise       ; multi_band_modulator:u_band_mod|audio_q_d2[6]~_Duplicate_1  ;
; 4.609 ; 4.991        ; 0.382          ; Low Pulse Width  ; u_pll|altpll_component|auto_generated|pll1|clk[0] ; Rise       ; multi_band_modulator:u_band_mod|audio_q_d2[7]               ;
; 4.609 ; 4.991        ; 0.382          ; Low Pulse Width  ; u_pll|altpll_component|auto_generated|pll1|clk[0] ; Rise       ; multi_band_modulator:u_band_mod|audio_q_d2[7]~_Duplicate_1  ;
; 4.609 ; 4.991        ; 0.382          ; Low Pulse Width  ; u_pll|altpll_component|auto_generated|pll1|clk[0] ; Rise       ; multi_band_modulator:u_band_mod|audio_q_d2[8]               ;
; 4.609 ; 4.991        ; 0.382          ; Low Pulse Width  ; u_pll|altpll_component|auto_generated|pll1|clk[0] ; Rise       ; multi_band_modulator:u_band_mod|audio_q_d2[8]~_Duplicate_1  ;
; 4.609 ; 4.991        ; 0.382          ; Low Pulse Width  ; u_pll|altpll_component|auto_generated|pll1|clk[0] ; Rise       ; multi_band_modulator:u_band_mod|audio_q_d2[9]               ;
; 4.609 ; 4.991        ; 0.382          ; Low Pulse Width  ; u_pll|altpll_component|auto_generated|pll1|clk[0] ; Rise       ; multi_band_modulator:u_band_mod|audio_q_d2[9]~_Duplicate_1  ;
; 4.609 ; 4.991        ; 0.382          ; Low Pulse Width  ; u_pll|altpll_component|auto_generated|pll1|clk[0] ; Rise       ; multi_band_modulator:u_band_mod|car_q_A[0]                  ;
; 4.609 ; 4.991        ; 0.382          ; Low Pulse Width  ; u_pll|altpll_component|auto_generated|pll1|clk[0] ; Rise       ; multi_band_modulator:u_band_mod|car_q_A[10]                 ;
; 4.609 ; 4.991        ; 0.382          ; Low Pulse Width  ; u_pll|altpll_component|auto_generated|pll1|clk[0] ; Rise       ; multi_band_modulator:u_band_mod|car_q_A[11]                 ;
; 4.609 ; 4.991        ; 0.382          ; Low Pulse Width  ; u_pll|altpll_component|auto_generated|pll1|clk[0] ; Rise       ; multi_band_modulator:u_band_mod|car_q_A[12]                 ;
; 4.609 ; 4.991        ; 0.382          ; Low Pulse Width  ; u_pll|altpll_component|auto_generated|pll1|clk[0] ; Rise       ; multi_band_modulator:u_band_mod|car_q_A[13]                 ;
; 4.609 ; 4.991        ; 0.382          ; Low Pulse Width  ; u_pll|altpll_component|auto_generated|pll1|clk[0] ; Rise       ; multi_band_modulator:u_band_mod|car_q_A[1]                  ;
; 4.609 ; 4.991        ; 0.382          ; Low Pulse Width  ; u_pll|altpll_component|auto_generated|pll1|clk[0] ; Rise       ; multi_band_modulator:u_band_mod|car_q_A[2]                  ;
; 4.609 ; 4.991        ; 0.382          ; Low Pulse Width  ; u_pll|altpll_component|auto_generated|pll1|clk[0] ; Rise       ; multi_band_modulator:u_band_mod|car_q_A[3]                  ;
; 4.609 ; 4.991        ; 0.382          ; Low Pulse Width  ; u_pll|altpll_component|auto_generated|pll1|clk[0] ; Rise       ; multi_band_modulator:u_band_mod|car_q_A[4]                  ;
; 4.609 ; 4.991        ; 0.382          ; Low Pulse Width  ; u_pll|altpll_component|auto_generated|pll1|clk[0] ; Rise       ; multi_band_modulator:u_band_mod|car_q_A[5]                  ;
; 4.609 ; 4.991        ; 0.382          ; Low Pulse Width  ; u_pll|altpll_component|auto_generated|pll1|clk[0] ; Rise       ; multi_band_modulator:u_band_mod|car_q_A[6]                  ;
; 4.609 ; 4.991        ; 0.382          ; Low Pulse Width  ; u_pll|altpll_component|auto_generated|pll1|clk[0] ; Rise       ; multi_band_modulator:u_band_mod|car_q_A[7]                  ;
; 4.609 ; 4.991        ; 0.382          ; Low Pulse Width  ; u_pll|altpll_component|auto_generated|pll1|clk[0] ; Rise       ; multi_band_modulator:u_band_mod|car_q_A[8]                  ;
; 4.609 ; 4.991        ; 0.382          ; Low Pulse Width  ; u_pll|altpll_component|auto_generated|pll1|clk[0] ; Rise       ; multi_band_modulator:u_band_mod|car_q_A[9]                  ;
; 4.609 ; 4.991        ; 0.382          ; Low Pulse Width  ; u_pll|altpll_component|auto_generated|pll1|clk[0] ; Rise       ; multi_band_modulator:u_band_mod|car_q_B[0]                  ;
; 4.609 ; 4.991        ; 0.382          ; Low Pulse Width  ; u_pll|altpll_component|auto_generated|pll1|clk[0] ; Rise       ; multi_band_modulator:u_band_mod|car_q_B[10]                 ;
; 4.609 ; 4.991        ; 0.382          ; Low Pulse Width  ; u_pll|altpll_component|auto_generated|pll1|clk[0] ; Rise       ; multi_band_modulator:u_band_mod|car_q_B[11]                 ;
; 4.609 ; 4.991        ; 0.382          ; Low Pulse Width  ; u_pll|altpll_component|auto_generated|pll1|clk[0] ; Rise       ; multi_band_modulator:u_band_mod|car_q_B[12]                 ;
; 4.609 ; 4.991        ; 0.382          ; Low Pulse Width  ; u_pll|altpll_component|auto_generated|pll1|clk[0] ; Rise       ; multi_band_modulator:u_band_mod|car_q_B[13]                 ;
; 4.609 ; 4.991        ; 0.382          ; Low Pulse Width  ; u_pll|altpll_component|auto_generated|pll1|clk[0] ; Rise       ; multi_band_modulator:u_band_mod|car_q_B[1]                  ;
; 4.609 ; 4.991        ; 0.382          ; Low Pulse Width  ; u_pll|altpll_component|auto_generated|pll1|clk[0] ; Rise       ; multi_band_modulator:u_band_mod|car_q_B[2]                  ;
; 4.609 ; 4.991        ; 0.382          ; Low Pulse Width  ; u_pll|altpll_component|auto_generated|pll1|clk[0] ; Rise       ; multi_band_modulator:u_band_mod|car_q_B[3]                  ;
; 4.609 ; 4.991        ; 0.382          ; Low Pulse Width  ; u_pll|altpll_component|auto_generated|pll1|clk[0] ; Rise       ; multi_band_modulator:u_band_mod|car_q_B[4]                  ;
; 4.609 ; 4.991        ; 0.382          ; Low Pulse Width  ; u_pll|altpll_component|auto_generated|pll1|clk[0] ; Rise       ; multi_band_modulator:u_band_mod|car_q_B[5]                  ;
; 4.609 ; 4.991        ; 0.382          ; Low Pulse Width  ; u_pll|altpll_component|auto_generated|pll1|clk[0] ; Rise       ; multi_band_modulator:u_band_mod|car_q_B[6]                  ;
; 4.609 ; 4.991        ; 0.382          ; Low Pulse Width  ; u_pll|altpll_component|auto_generated|pll1|clk[0] ; Rise       ; multi_band_modulator:u_band_mod|car_q_B[7]                  ;
; 4.609 ; 4.991        ; 0.382          ; Low Pulse Width  ; u_pll|altpll_component|auto_generated|pll1|clk[0] ; Rise       ; multi_band_modulator:u_band_mod|car_q_B[8]                  ;
; 4.609 ; 4.991        ; 0.382          ; Low Pulse Width  ; u_pll|altpll_component|auto_generated|pll1|clk[0] ; Rise       ; multi_band_modulator:u_band_mod|car_q_B[9]                  ;
; 4.609 ; 4.991        ; 0.382          ; Low Pulse Width  ; u_pll|altpll_component|auto_generated|pll1|clk[0] ; Rise       ; multi_band_modulator:u_band_mod|mix_qq_A[0]                 ;
; 4.609 ; 4.991        ; 0.382          ; Low Pulse Width  ; u_pll|altpll_component|auto_generated|pll1|clk[0] ; Rise       ; multi_band_modulator:u_band_mod|mix_qq_A[10]                ;
; 4.609 ; 4.991        ; 0.382          ; Low Pulse Width  ; u_pll|altpll_component|auto_generated|pll1|clk[0] ; Rise       ; multi_band_modulator:u_band_mod|mix_qq_A[11]                ;
; 4.609 ; 4.991        ; 0.382          ; Low Pulse Width  ; u_pll|altpll_component|auto_generated|pll1|clk[0] ; Rise       ; multi_band_modulator:u_band_mod|mix_qq_A[12]                ;
; 4.609 ; 4.991        ; 0.382          ; Low Pulse Width  ; u_pll|altpll_component|auto_generated|pll1|clk[0] ; Rise       ; multi_band_modulator:u_band_mod|mix_qq_A[13]                ;
; 4.609 ; 4.991        ; 0.382          ; Low Pulse Width  ; u_pll|altpll_component|auto_generated|pll1|clk[0] ; Rise       ; multi_band_modulator:u_band_mod|mix_qq_A[14]                ;
; 4.609 ; 4.991        ; 0.382          ; Low Pulse Width  ; u_pll|altpll_component|auto_generated|pll1|clk[0] ; Rise       ; multi_band_modulator:u_band_mod|mix_qq_A[15]                ;
; 4.609 ; 4.991        ; 0.382          ; Low Pulse Width  ; u_pll|altpll_component|auto_generated|pll1|clk[0] ; Rise       ; multi_band_modulator:u_band_mod|mix_qq_A[16]                ;
; 4.609 ; 4.991        ; 0.382          ; Low Pulse Width  ; u_pll|altpll_component|auto_generated|pll1|clk[0] ; Rise       ; multi_band_modulator:u_band_mod|mix_qq_A[17]                ;
; 4.609 ; 4.991        ; 0.382          ; Low Pulse Width  ; u_pll|altpll_component|auto_generated|pll1|clk[0] ; Rise       ; multi_band_modulator:u_band_mod|mix_qq_A[18]                ;
; 4.609 ; 4.991        ; 0.382          ; Low Pulse Width  ; u_pll|altpll_component|auto_generated|pll1|clk[0] ; Rise       ; multi_band_modulator:u_band_mod|mix_qq_A[19]                ;
; 4.609 ; 4.991        ; 0.382          ; Low Pulse Width  ; u_pll|altpll_component|auto_generated|pll1|clk[0] ; Rise       ; multi_band_modulator:u_band_mod|mix_qq_A[1]                 ;
; 4.609 ; 4.991        ; 0.382          ; Low Pulse Width  ; u_pll|altpll_component|auto_generated|pll1|clk[0] ; Rise       ; multi_band_modulator:u_band_mod|mix_qq_A[20]                ;
; 4.609 ; 4.991        ; 0.382          ; Low Pulse Width  ; u_pll|altpll_component|auto_generated|pll1|clk[0] ; Rise       ; multi_band_modulator:u_band_mod|mix_qq_A[21]                ;
; 4.609 ; 4.991        ; 0.382          ; Low Pulse Width  ; u_pll|altpll_component|auto_generated|pll1|clk[0] ; Rise       ; multi_band_modulator:u_band_mod|mix_qq_A[22]                ;
+-------+--------------+----------------+------------------+---------------------------------------------------+------------+-------------------------------------------------------------+


+------------------------------------------------------------------------------------------------------------------------------------------------+
; Slow 1200mV 0C Model Minimum Pulse Width: 'clk_50m'                                                                                            ;
+--------+--------------+----------------+------------------+---------+------------+-------------------------------------------------------------+
; Slack  ; Actual Width ; Required Width ; Type             ; Clock   ; Clock Edge ; Target                                                      ;
+--------+--------------+----------------+------------------+---------+------------+-------------------------------------------------------------+
; 9.855  ; 9.855        ; 0.000          ; Low Pulse Width  ; clk_50m ; Rise       ; u_pll|altpll_component|auto_generated|pll1|clk[0]           ;
; 9.855  ; 9.855        ; 0.000          ; Low Pulse Width  ; clk_50m ; Rise       ; u_pll|altpll_component|auto_generated|pll1|clk[1]           ;
; 9.855  ; 9.855        ; 0.000          ; Low Pulse Width  ; clk_50m ; Rise       ; u_pll|altpll_component|auto_generated|pll1|observablevcoout ;
; 9.904  ; 9.904        ; 0.000          ; Low Pulse Width  ; clk_50m ; Rise       ; clk_50m~input|o                                             ;
; 9.921  ; 9.921        ; 0.000          ; Low Pulse Width  ; clk_50m ; Rise       ; u_pll|altpll_component|auto_generated|pll1|inclk[0]         ;
; 10.000 ; 10.000       ; 0.000          ; High Pulse Width ; clk_50m ; Rise       ; clk_50m~input|i                                             ;
; 10.000 ; 10.000       ; 0.000          ; Low Pulse Width  ; clk_50m ; Rise       ; clk_50m~input|i                                             ;
; 10.079 ; 10.079       ; 0.000          ; High Pulse Width ; clk_50m ; Rise       ; u_pll|altpll_component|auto_generated|pll1|inclk[0]         ;
; 10.096 ; 10.096       ; 0.000          ; High Pulse Width ; clk_50m ; Rise       ; clk_50m~input|o                                             ;
; 10.144 ; 10.144       ; 0.000          ; High Pulse Width ; clk_50m ; Rise       ; u_pll|altpll_component|auto_generated|pll1|clk[0]           ;
; 10.144 ; 10.144       ; 0.000          ; High Pulse Width ; clk_50m ; Rise       ; u_pll|altpll_component|auto_generated|pll1|clk[1]           ;
; 10.144 ; 10.144       ; 0.000          ; High Pulse Width ; clk_50m ; Rise       ; u_pll|altpll_component|auto_generated|pll1|observablevcoout ;
; 16.000 ; 20.000       ; 4.000          ; Port Rate        ; clk_50m ; Rise       ; clk_50m                                                     ;
+--------+--------------+----------------+------------------+---------+------------+-------------------------------------------------------------+


+---------------------------------------------------------------------------------------------------------+
; Setup Times                                                                                             ;
+-----------+------------+-------+-------+------------+---------------------------------------------------+
; Data Port ; Clock Port ; Rise  ; Fall  ; Clock Edge ; Clock Reference                                   ;
+-----------+------------+-------+-------+------------+---------------------------------------------------+
; key[*]    ; clk_50m    ; 4.519 ; 4.615 ; Rise       ; u_pll|altpll_component|auto_generated|pll1|clk[0] ;
;  key[0]   ; clk_50m    ; 1.568 ; 1.800 ; Rise       ; u_pll|altpll_component|auto_generated|pll1|clk[0] ;
;  key[1]   ; clk_50m    ; 1.648 ; 1.948 ; Rise       ; u_pll|altpll_component|auto_generated|pll1|clk[0] ;
;  key[2]   ; clk_50m    ; 4.519 ; 4.615 ; Rise       ; u_pll|altpll_component|auto_generated|pll1|clk[0] ;
;  key[3]   ; clk_50m    ; 4.463 ; 4.571 ; Rise       ; u_pll|altpll_component|auto_generated|pll1|clk[0] ;
; mic_sd    ; clk_50m    ; 4.245 ; 4.398 ; Rise       ; u_pll|altpll_component|auto_generated|pll1|clk[0] ;
+-----------+------------+-------+-------+------------+---------------------------------------------------+


+-----------------------------------------------------------------------------------------------------------+
; Hold Times                                                                                                ;
+-----------+------------+--------+--------+------------+---------------------------------------------------+
; Data Port ; Clock Port ; Rise   ; Fall   ; Clock Edge ; Clock Reference                                   ;
+-----------+------------+--------+--------+------------+---------------------------------------------------+
; key[*]    ; clk_50m    ; -0.959 ; -1.194 ; Rise       ; u_pll|altpll_component|auto_generated|pll1|clk[0] ;
;  key[0]   ; clk_50m    ; -0.959 ; -1.194 ; Rise       ; u_pll|altpll_component|auto_generated|pll1|clk[0] ;
;  key[1]   ; clk_50m    ; -1.034 ; -1.335 ; Rise       ; u_pll|altpll_component|auto_generated|pll1|clk[0] ;
;  key[2]   ; clk_50m    ; -3.781 ; -3.885 ; Rise       ; u_pll|altpll_component|auto_generated|pll1|clk[0] ;
;  key[3]   ; clk_50m    ; -3.731 ; -3.844 ; Rise       ; u_pll|altpll_component|auto_generated|pll1|clk[0] ;
; mic_sd    ; clk_50m    ; -3.546 ; -3.697 ; Rise       ; u_pll|altpll_component|auto_generated|pll1|clk[0] ;
+-----------+------------+--------+--------+------------+---------------------------------------------------+


+-------------------------------------------------------------------------------------------------------------+
; Clock to Output Times                                                                                       ;
+---------------+------------+-------+-------+------------+---------------------------------------------------+
; Data Port     ; Clock Port ; Rise  ; Fall  ; Clock Edge ; Clock Reference                                   ;
+---------------+------------+-------+-------+------------+---------------------------------------------------+
; dac_data[*]   ; clk_50m    ; 5.069 ; 4.582 ; Rise       ; u_pll|altpll_component|auto_generated|pll1|clk[0] ;
;  dac_data[0]  ; clk_50m    ; 3.154 ; 3.048 ; Rise       ; u_pll|altpll_component|auto_generated|pll1|clk[0] ;
;  dac_data[1]  ; clk_50m    ; 3.137 ; 3.031 ; Rise       ; u_pll|altpll_component|auto_generated|pll1|clk[0] ;
;  dac_data[2]  ; clk_50m    ; 3.144 ; 3.038 ; Rise       ; u_pll|altpll_component|auto_generated|pll1|clk[0] ;
;  dac_data[3]  ; clk_50m    ; 5.069 ; 4.582 ; Rise       ; u_pll|altpll_component|auto_generated|pll1|clk[0] ;
;  dac_data[4]  ; clk_50m    ; 3.168 ; 3.062 ; Rise       ; u_pll|altpll_component|auto_generated|pll1|clk[0] ;
;  dac_data[5]  ; clk_50m    ; 3.140 ; 3.034 ; Rise       ; u_pll|altpll_component|auto_generated|pll1|clk[0] ;
;  dac_data[6]  ; clk_50m    ; 3.170 ; 3.064 ; Rise       ; u_pll|altpll_component|auto_generated|pll1|clk[0] ;
;  dac_data[7]  ; clk_50m    ; 3.180 ; 3.074 ; Rise       ; u_pll|altpll_component|auto_generated|pll1|clk[0] ;
;  dac_data[8]  ; clk_50m    ; 3.169 ; 3.063 ; Rise       ; u_pll|altpll_component|auto_generated|pll1|clk[0] ;
;  dac_data[9]  ; clk_50m    ; 3.159 ; 3.053 ; Rise       ; u_pll|altpll_component|auto_generated|pll1|clk[0] ;
;  dac_data[10] ; clk_50m    ; 3.159 ; 3.053 ; Rise       ; u_pll|altpll_component|auto_generated|pll1|clk[0] ;
;  dac_data[11] ; clk_50m    ; 3.159 ; 3.053 ; Rise       ; u_pll|altpll_component|auto_generated|pll1|clk[0] ;
;  dac_data[12] ; clk_50m    ; 3.144 ; 3.038 ; Rise       ; u_pll|altpll_component|auto_generated|pll1|clk[0] ;
;  dac_data[13] ; clk_50m    ; 3.154 ; 3.048 ; Rise       ; u_pll|altpll_component|auto_generated|pll1|clk[0] ;
; led[*]        ; clk_50m    ; 6.741 ; 7.434 ; Rise       ; u_pll|altpll_component|auto_generated|pll1|clk[0] ;
;  led[0]       ; clk_50m    ; 6.741 ; 7.434 ; Rise       ; u_pll|altpll_component|auto_generated|pll1|clk[0] ;
;  led[1]       ; clk_50m    ; 6.643 ; 6.024 ; Rise       ; u_pll|altpll_component|auto_generated|pll1|clk[0] ;
;  led[2]       ; clk_50m    ; 6.082 ; 6.622 ; Rise       ; u_pll|altpll_component|auto_generated|pll1|clk[0] ;
;  led[3]       ; clk_50m    ; 6.103 ; 6.643 ; Rise       ; u_pll|altpll_component|auto_generated|pll1|clk[0] ;
; mic_sck       ; clk_50m    ; 4.494 ; 4.242 ; Rise       ; u_pll|altpll_component|auto_generated|pll1|clk[0] ;
; mic_ws        ; clk_50m    ; 5.140 ; 4.772 ; Rise       ; u_pll|altpll_component|auto_generated|pll1|clk[0] ;
; dac_data[*]   ; clk_50m    ; 5.036 ; 4.550 ; Fall       ; u_pll|altpll_component|auto_generated|pll1|clk[0] ;
;  dac_data[0]  ; clk_50m    ; 3.121 ; 3.016 ; Fall       ; u_pll|altpll_component|auto_generated|pll1|clk[0] ;
;  dac_data[1]  ; clk_50m    ; 3.105 ; 3.000 ; Fall       ; u_pll|altpll_component|auto_generated|pll1|clk[0] ;
;  dac_data[2]  ; clk_50m    ; 3.112 ; 3.007 ; Fall       ; u_pll|altpll_component|auto_generated|pll1|clk[0] ;
;  dac_data[3]  ; clk_50m    ; 5.036 ; 4.550 ; Fall       ; u_pll|altpll_component|auto_generated|pll1|clk[0] ;
;  dac_data[4]  ; clk_50m    ; 3.135 ; 3.030 ; Fall       ; u_pll|altpll_component|auto_generated|pll1|clk[0] ;
;  dac_data[5]  ; clk_50m    ; 3.107 ; 3.002 ; Fall       ; u_pll|altpll_component|auto_generated|pll1|clk[0] ;
;  dac_data[6]  ; clk_50m    ; 3.137 ; 3.032 ; Fall       ; u_pll|altpll_component|auto_generated|pll1|clk[0] ;
;  dac_data[7]  ; clk_50m    ; 3.148 ; 3.043 ; Fall       ; u_pll|altpll_component|auto_generated|pll1|clk[0] ;
;  dac_data[8]  ; clk_50m    ; 3.137 ; 3.032 ; Fall       ; u_pll|altpll_component|auto_generated|pll1|clk[0] ;
;  dac_data[9]  ; clk_50m    ; 3.127 ; 3.022 ; Fall       ; u_pll|altpll_component|auto_generated|pll1|clk[0] ;
;  dac_data[10] ; clk_50m    ; 3.126 ; 3.021 ; Fall       ; u_pll|altpll_component|auto_generated|pll1|clk[0] ;
;  dac_data[11] ; clk_50m    ; 3.126 ; 3.021 ; Fall       ; u_pll|altpll_component|auto_generated|pll1|clk[0] ;
;  dac_data[12] ; clk_50m    ; 3.111 ; 3.006 ; Fall       ; u_pll|altpll_component|auto_generated|pll1|clk[0] ;
;  dac_data[13] ; clk_50m    ; 3.121 ; 3.016 ; Fall       ; u_pll|altpll_component|auto_generated|pll1|clk[0] ;
; dac_clk       ; clk_50m    ; 5.439 ;       ; Rise       ; u_pll|altpll_component|auto_generated|pll1|clk[1] ;
; dac_clk       ; clk_50m    ;       ; 5.234 ; Fall       ; u_pll|altpll_component|auto_generated|pll1|clk[1] ;
+---------------+------------+-------+-------+------------+---------------------------------------------------+


+-------------------------------------------------------------------------------------------------------------+
; Minimum Clock to Output Times                                                                               ;
+---------------+------------+-------+-------+------------+---------------------------------------------------+
; Data Port     ; Clock Port ; Rise  ; Fall  ; Clock Edge ; Clock Reference                                   ;
+---------------+------------+-------+-------+------------+---------------------------------------------------+
; dac_data[*]   ; clk_50m    ; 2.758 ; 2.652 ; Rise       ; u_pll|altpll_component|auto_generated|pll1|clk[0] ;
;  dac_data[0]  ; clk_50m    ; 2.775 ; 2.669 ; Rise       ; u_pll|altpll_component|auto_generated|pll1|clk[0] ;
;  dac_data[1]  ; clk_50m    ; 2.758 ; 2.652 ; Rise       ; u_pll|altpll_component|auto_generated|pll1|clk[0] ;
;  dac_data[2]  ; clk_50m    ; 2.765 ; 2.659 ; Rise       ; u_pll|altpll_component|auto_generated|pll1|clk[0] ;
;  dac_data[3]  ; clk_50m    ; 4.690 ; 4.203 ; Rise       ; u_pll|altpll_component|auto_generated|pll1|clk[0] ;
;  dac_data[4]  ; clk_50m    ; 2.789 ; 2.683 ; Rise       ; u_pll|altpll_component|auto_generated|pll1|clk[0] ;
;  dac_data[5]  ; clk_50m    ; 2.761 ; 2.655 ; Rise       ; u_pll|altpll_component|auto_generated|pll1|clk[0] ;
;  dac_data[6]  ; clk_50m    ; 2.791 ; 2.685 ; Rise       ; u_pll|altpll_component|auto_generated|pll1|clk[0] ;
;  dac_data[7]  ; clk_50m    ; 2.801 ; 2.695 ; Rise       ; u_pll|altpll_component|auto_generated|pll1|clk[0] ;
;  dac_data[8]  ; clk_50m    ; 2.790 ; 2.684 ; Rise       ; u_pll|altpll_component|auto_generated|pll1|clk[0] ;
;  dac_data[9]  ; clk_50m    ; 2.780 ; 2.674 ; Rise       ; u_pll|altpll_component|auto_generated|pll1|clk[0] ;
;  dac_data[10] ; clk_50m    ; 2.780 ; 2.674 ; Rise       ; u_pll|altpll_component|auto_generated|pll1|clk[0] ;
;  dac_data[11] ; clk_50m    ; 2.780 ; 2.674 ; Rise       ; u_pll|altpll_component|auto_generated|pll1|clk[0] ;
;  dac_data[12] ; clk_50m    ; 2.765 ; 2.659 ; Rise       ; u_pll|altpll_component|auto_generated|pll1|clk[0] ;
;  dac_data[13] ; clk_50m    ; 2.775 ; 2.669 ; Rise       ; u_pll|altpll_component|auto_generated|pll1|clk[0] ;
; led[*]        ; clk_50m    ; 5.130 ; 5.175 ; Rise       ; u_pll|altpll_component|auto_generated|pll1|clk[0] ;
;  led[0]       ; clk_50m    ; 6.115 ; 6.785 ; Rise       ; u_pll|altpll_component|auto_generated|pll1|clk[0] ;
;  led[1]       ; clk_50m    ; 5.765 ; 5.175 ; Rise       ; u_pll|altpll_component|auto_generated|pll1|clk[0] ;
;  led[2]       ; clk_50m    ; 5.232 ; 5.698 ; Rise       ; u_pll|altpll_component|auto_generated|pll1|clk[0] ;
;  led[3]       ; clk_50m    ; 5.130 ; 5.767 ; Rise       ; u_pll|altpll_component|auto_generated|pll1|clk[0] ;
; mic_sck       ; clk_50m    ; 3.961 ; 3.715 ; Rise       ; u_pll|altpll_component|auto_generated|pll1|clk[0] ;
; mic_ws        ; clk_50m    ; 4.581 ; 4.223 ; Rise       ; u_pll|altpll_component|auto_generated|pll1|clk[0] ;
; dac_data[*]   ; clk_50m    ; 2.728 ; 2.622 ; Fall       ; u_pll|altpll_component|auto_generated|pll1|clk[0] ;
;  dac_data[0]  ; clk_50m    ; 2.745 ; 2.639 ; Fall       ; u_pll|altpll_component|auto_generated|pll1|clk[0] ;
;  dac_data[1]  ; clk_50m    ; 2.728 ; 2.622 ; Fall       ; u_pll|altpll_component|auto_generated|pll1|clk[0] ;
;  dac_data[2]  ; clk_50m    ; 2.735 ; 2.629 ; Fall       ; u_pll|altpll_component|auto_generated|pll1|clk[0] ;
;  dac_data[3]  ; clk_50m    ; 4.660 ; 4.173 ; Fall       ; u_pll|altpll_component|auto_generated|pll1|clk[0] ;
;  dac_data[4]  ; clk_50m    ; 2.759 ; 2.653 ; Fall       ; u_pll|altpll_component|auto_generated|pll1|clk[0] ;
;  dac_data[5]  ; clk_50m    ; 2.731 ; 2.625 ; Fall       ; u_pll|altpll_component|auto_generated|pll1|clk[0] ;
;  dac_data[6]  ; clk_50m    ; 2.761 ; 2.655 ; Fall       ; u_pll|altpll_component|auto_generated|pll1|clk[0] ;
;  dac_data[7]  ; clk_50m    ; 2.771 ; 2.665 ; Fall       ; u_pll|altpll_component|auto_generated|pll1|clk[0] ;
;  dac_data[8]  ; clk_50m    ; 2.760 ; 2.654 ; Fall       ; u_pll|altpll_component|auto_generated|pll1|clk[0] ;
;  dac_data[9]  ; clk_50m    ; 2.750 ; 2.644 ; Fall       ; u_pll|altpll_component|auto_generated|pll1|clk[0] ;
;  dac_data[10] ; clk_50m    ; 2.750 ; 2.644 ; Fall       ; u_pll|altpll_component|auto_generated|pll1|clk[0] ;
;  dac_data[11] ; clk_50m    ; 2.750 ; 2.644 ; Fall       ; u_pll|altpll_component|auto_generated|pll1|clk[0] ;
;  dac_data[12] ; clk_50m    ; 2.734 ; 2.628 ; Fall       ; u_pll|altpll_component|auto_generated|pll1|clk[0] ;
;  dac_data[13] ; clk_50m    ; 2.744 ; 2.638 ; Fall       ; u_pll|altpll_component|auto_generated|pll1|clk[0] ;
; dac_clk       ; clk_50m    ; 4.978 ;       ; Rise       ; u_pll|altpll_component|auto_generated|pll1|clk[1] ;
; dac_clk       ; clk_50m    ;       ; 4.777 ; Fall       ; u_pll|altpll_component|auto_generated|pll1|clk[1] ;
+---------------+------------+-------+-------+------------+---------------------------------------------------+


---------------------------------------------
; Slow 1200mV 0C Model Metastability Report ;
---------------------------------------------
No synchronizer chains to report.


+---------------------------------------------------------------------------+
; Fast 1200mV 0C Model Setup Summary                                        ;
+---------------------------------------------------+-------+---------------+
; Clock                                             ; Slack ; End Point TNS ;
+---------------------------------------------------+-------+---------------+
; u_pll|altpll_component|auto_generated|pll1|clk[0] ; 6.008 ; 0.000         ;
+---------------------------------------------------+-------+---------------+


+---------------------------------------------------------------------------+
; Fast 1200mV 0C Model Hold Summary                                         ;
+---------------------------------------------------+-------+---------------+
; Clock                                             ; Slack ; End Point TNS ;
+---------------------------------------------------+-------+---------------+
; u_pll|altpll_component|auto_generated|pll1|clk[0] ; 0.131 ; 0.000         ;
+---------------------------------------------------+-------+---------------+


-----------------------------------------
; Fast 1200mV 0C Model Recovery Summary ;
-----------------------------------------
No paths to report.


----------------------------------------
; Fast 1200mV 0C Model Removal Summary ;
----------------------------------------
No paths to report.


+---------------------------------------------------------------------------+
; Fast 1200mV 0C Model Minimum Pulse Width Summary                          ;
+---------------------------------------------------+-------+---------------+
; Clock                                             ; Slack ; End Point TNS ;
+---------------------------------------------------+-------+---------------+
; u_pll|altpll_component|auto_generated|pll1|clk[0] ; 4.734 ; 0.000         ;
; clk_50m                                           ; 9.423 ; 0.000         ;
+---------------------------------------------------+-------+---------------+


+---------------------------------------------------------------------------------------------------------------------------------------------------------------------------------------------------------------------------------------------------------------------------------------------------------------------------+
; Fast 1200mV 0C Model Setup: 'u_pll|altpll_component|auto_generated|pll1|clk[0]'                                                                                                                                                                                                                                           ;
+-------+-------------------------------------------------------------------------------------------------------------------+----------------------------------------------+---------------------------------------------------+---------------------------------------------------+--------------+------------+------------+
; Slack ; From Node                                                                                                         ; To Node                                      ; Launch Clock                                      ; Latch Clock                                       ; Relationship ; Clock Skew ; Data Delay ;
+-------+-------------------------------------------------------------------------------------------------------------------+----------------------------------------------+---------------------------------------------------+---------------------------------------------------+--------------+------------+------------+
; 6.008 ; tx_audio_proc:u_tx_audio_proc|noise_est[2]                                                                        ; tx_audio_proc:u_tx_audio_proc|noise_est[26]  ; u_pll|altpll_component|auto_generated|pll1|clk[0] ; u_pll|altpll_component|auto_generated|pll1|clk[0] ; 10.000       ; -0.033     ; 3.946      ;
; 6.062 ; tx_audio_proc:u_tx_audio_proc|hp_abs_reg[0]                                                                       ; tx_audio_proc:u_tx_audio_proc|noise_est[26]  ; u_pll|altpll_component|auto_generated|pll1|clk[0] ; u_pll|altpll_component|auto_generated|pll1|clk[0] ; 10.000       ; -0.034     ; 3.891      ;
; 6.071 ; tx_audio_proc:u_tx_audio_proc|lim_sample[5]                                                                       ; tx_audio_proc:u_tx_audio_proc|sample_out[3]  ; u_pll|altpll_component|auto_generated|pll1|clk[0] ; u_pll|altpll_component|auto_generated|pll1|clk[0] ; 10.000       ; 0.162      ; 4.078      ;
; 6.097 ; hilbert_filter:u_hilbert|altsyncram:coef_rom_rtl_0|altsyncram_ff91:auto_generated|ram_block1a0~porta_address_reg0 ; hilbert_filter:u_hilbert|mult2[0]            ; u_pll|altpll_component|auto_generated|pll1|clk[0] ; u_pll|altpll_component|auto_generated|pll1|clk[0] ; 10.000       ; -0.153     ; 3.622      ;
; 6.097 ; hilbert_filter:u_hilbert|altsyncram:coef_rom_rtl_0|altsyncram_ff91:auto_generated|ram_block1a0~porta_address_reg0 ; hilbert_filter:u_hilbert|mult2[1]            ; u_pll|altpll_component|auto_generated|pll1|clk[0] ; u_pll|altpll_component|auto_generated|pll1|clk[0] ; 10.000       ; -0.153     ; 3.622      ;
; 6.097 ; hilbert_filter:u_hilbert|altsyncram:coef_rom_rtl_0|altsyncram_ff91:auto_generated|ram_block1a0~porta_address_reg0 ; hilbert_filter:u_hilbert|mult2[2]            ; u_pll|altpll_component|auto_generated|pll1|clk[0] ; u_pll|altpll_component|auto_generated|pll1|clk[0] ; 10.000       ; -0.153     ; 3.622      ;
; 6.097 ; hilbert_filter:u_hilbert|altsyncram:coef_rom_rtl_0|altsyncram_ff91:auto_generated|ram_block1a0~porta_address_reg0 ; hilbert_filter:u_hilbert|mult2[3]            ; u_pll|altpll_component|auto_generated|pll1|clk[0] ; u_pll|altpll_component|auto_generated|pll1|clk[0] ; 10.000       ; -0.153     ; 3.622      ;
; 6.097 ; hilbert_filter:u_hilbert|altsyncram:coef_rom_rtl_0|altsyncram_ff91:auto_generated|ram_block1a0~porta_address_reg0 ; hilbert_filter:u_hilbert|mult2[4]            ; u_pll|altpll_component|auto_generated|pll1|clk[0] ; u_pll|altpll_component|auto_generated|pll1|clk[0] ; 10.000       ; -0.153     ; 3.622      ;
; 6.097 ; hilbert_filter:u_hilbert|altsyncram:coef_rom_rtl_0|altsyncram_ff91:auto_generated|ram_block1a0~porta_address_reg0 ; hilbert_filter:u_hilbert|mult2[5]            ; u_pll|altpll_component|auto_generated|pll1|clk[0] ; u_pll|altpll_component|auto_generated|pll1|clk[0] ; 10.000       ; -0.153     ; 3.622      ;
; 6.097 ; hilbert_filter:u_hilbert|altsyncram:coef_rom_rtl_0|altsyncram_ff91:auto_generated|ram_block1a0~porta_address_reg0 ; hilbert_filter:u_hilbert|mult2[6]            ; u_pll|altpll_component|auto_generated|pll1|clk[0] ; u_pll|altpll_component|auto_generated|pll1|clk[0] ; 10.000       ; -0.153     ; 3.622      ;
; 6.097 ; hilbert_filter:u_hilbert|altsyncram:coef_rom_rtl_0|altsyncram_ff91:auto_generated|ram_block1a0~porta_address_reg0 ; hilbert_filter:u_hilbert|mult2[7]            ; u_pll|altpll_component|auto_generated|pll1|clk[0] ; u_pll|altpll_component|auto_generated|pll1|clk[0] ; 10.000       ; -0.153     ; 3.622      ;
; 6.097 ; hilbert_filter:u_hilbert|altsyncram:coef_rom_rtl_0|altsyncram_ff91:auto_generated|ram_block1a0~porta_address_reg0 ; hilbert_filter:u_hilbert|mult2[8]            ; u_pll|altpll_component|auto_generated|pll1|clk[0] ; u_pll|altpll_component|auto_generated|pll1|clk[0] ; 10.000       ; -0.153     ; 3.622      ;
; 6.097 ; hilbert_filter:u_hilbert|altsyncram:coef_rom_rtl_0|altsyncram_ff91:auto_generated|ram_block1a0~porta_address_reg0 ; hilbert_filter:u_hilbert|mult2[9]            ; u_pll|altpll_component|auto_generated|pll1|clk[0] ; u_pll|altpll_component|auto_generated|pll1|clk[0] ; 10.000       ; -0.153     ; 3.622      ;
; 6.097 ; hilbert_filter:u_hilbert|altsyncram:coef_rom_rtl_0|altsyncram_ff91:auto_generated|ram_block1a0~porta_address_reg0 ; hilbert_filter:u_hilbert|mult2[10]           ; u_pll|altpll_component|auto_generated|pll1|clk[0] ; u_pll|altpll_component|auto_generated|pll1|clk[0] ; 10.000       ; -0.153     ; 3.622      ;
; 6.097 ; hilbert_filter:u_hilbert|altsyncram:coef_rom_rtl_0|altsyncram_ff91:auto_generated|ram_block1a0~porta_address_reg0 ; hilbert_filter:u_hilbert|mult2[11]           ; u_pll|altpll_component|auto_generated|pll1|clk[0] ; u_pll|altpll_component|auto_generated|pll1|clk[0] ; 10.000       ; -0.153     ; 3.622      ;
; 6.097 ; hilbert_filter:u_hilbert|altsyncram:coef_rom_rtl_0|altsyncram_ff91:auto_generated|ram_block1a0~porta_address_reg0 ; hilbert_filter:u_hilbert|mult2[12]           ; u_pll|altpll_component|auto_generated|pll1|clk[0] ; u_pll|altpll_component|auto_generated|pll1|clk[0] ; 10.000       ; -0.153     ; 3.622      ;
; 6.097 ; hilbert_filter:u_hilbert|altsyncram:coef_rom_rtl_0|altsyncram_ff91:auto_generated|ram_block1a0~porta_address_reg0 ; hilbert_filter:u_hilbert|mult2[13]           ; u_pll|altpll_component|auto_generated|pll1|clk[0] ; u_pll|altpll_component|auto_generated|pll1|clk[0] ; 10.000       ; -0.153     ; 3.622      ;
; 6.097 ; hilbert_filter:u_hilbert|altsyncram:coef_rom_rtl_0|altsyncram_ff91:auto_generated|ram_block1a0~porta_address_reg0 ; hilbert_filter:u_hilbert|mult2[14]           ; u_pll|altpll_component|auto_generated|pll1|clk[0] ; u_pll|altpll_component|auto_generated|pll1|clk[0] ; 10.000       ; -0.153     ; 3.622      ;
; 6.097 ; hilbert_filter:u_hilbert|altsyncram:coef_rom_rtl_0|altsyncram_ff91:auto_generated|ram_block1a0~porta_address_reg0 ; hilbert_filter:u_hilbert|mult2[15]           ; u_pll|altpll_component|auto_generated|pll1|clk[0] ; u_pll|altpll_component|auto_generated|pll1|clk[0] ; 10.000       ; -0.153     ; 3.622      ;
; 6.097 ; hilbert_filter:u_hilbert|altsyncram:coef_rom_rtl_0|altsyncram_ff91:auto_generated|ram_block1a0~porta_address_reg0 ; hilbert_filter:u_hilbert|mult2[16]           ; u_pll|altpll_component|auto_generated|pll1|clk[0] ; u_pll|altpll_component|auto_generated|pll1|clk[0] ; 10.000       ; -0.153     ; 3.622      ;
; 6.097 ; hilbert_filter:u_hilbert|altsyncram:coef_rom_rtl_0|altsyncram_ff91:auto_generated|ram_block1a0~porta_address_reg0 ; hilbert_filter:u_hilbert|mult2[17]           ; u_pll|altpll_component|auto_generated|pll1|clk[0] ; u_pll|altpll_component|auto_generated|pll1|clk[0] ; 10.000       ; -0.153     ; 3.622      ;
; 6.097 ; hilbert_filter:u_hilbert|altsyncram:coef_rom_rtl_0|altsyncram_ff91:auto_generated|ram_block1a0~porta_address_reg0 ; hilbert_filter:u_hilbert|mult2[18]           ; u_pll|altpll_component|auto_generated|pll1|clk[0] ; u_pll|altpll_component|auto_generated|pll1|clk[0] ; 10.000       ; -0.153     ; 3.622      ;
; 6.097 ; hilbert_filter:u_hilbert|altsyncram:coef_rom_rtl_0|altsyncram_ff91:auto_generated|ram_block1a0~porta_address_reg0 ; hilbert_filter:u_hilbert|mult2[19]           ; u_pll|altpll_component|auto_generated|pll1|clk[0] ; u_pll|altpll_component|auto_generated|pll1|clk[0] ; 10.000       ; -0.153     ; 3.622      ;
; 6.097 ; hilbert_filter:u_hilbert|altsyncram:coef_rom_rtl_0|altsyncram_ff91:auto_generated|ram_block1a0~porta_address_reg0 ; hilbert_filter:u_hilbert|mult2[20]           ; u_pll|altpll_component|auto_generated|pll1|clk[0] ; u_pll|altpll_component|auto_generated|pll1|clk[0] ; 10.000       ; -0.153     ; 3.622      ;
; 6.097 ; hilbert_filter:u_hilbert|altsyncram:coef_rom_rtl_0|altsyncram_ff91:auto_generated|ram_block1a0~porta_address_reg0 ; hilbert_filter:u_hilbert|mult2[21]           ; u_pll|altpll_component|auto_generated|pll1|clk[0] ; u_pll|altpll_component|auto_generated|pll1|clk[0] ; 10.000       ; -0.153     ; 3.622      ;
; 6.097 ; hilbert_filter:u_hilbert|altsyncram:coef_rom_rtl_0|altsyncram_ff91:auto_generated|ram_block1a0~porta_address_reg0 ; hilbert_filter:u_hilbert|mult2[22]           ; u_pll|altpll_component|auto_generated|pll1|clk[0] ; u_pll|altpll_component|auto_generated|pll1|clk[0] ; 10.000       ; -0.153     ; 3.622      ;
; 6.097 ; hilbert_filter:u_hilbert|altsyncram:coef_rom_rtl_0|altsyncram_ff91:auto_generated|ram_block1a0~porta_address_reg0 ; hilbert_filter:u_hilbert|mult2[23]           ; u_pll|altpll_component|auto_generated|pll1|clk[0] ; u_pll|altpll_component|auto_generated|pll1|clk[0] ; 10.000       ; -0.153     ; 3.622      ;
; 6.097 ; hilbert_filter:u_hilbert|altsyncram:coef_rom_rtl_0|altsyncram_ff91:auto_generated|ram_block1a0~porta_address_reg0 ; hilbert_filter:u_hilbert|mult2[24]           ; u_pll|altpll_component|auto_generated|pll1|clk[0] ; u_pll|altpll_component|auto_generated|pll1|clk[0] ; 10.000       ; -0.153     ; 3.622      ;
; 6.097 ; hilbert_filter:u_hilbert|altsyncram:coef_rom_rtl_0|altsyncram_ff91:auto_generated|ram_block1a0~porta_address_reg0 ; hilbert_filter:u_hilbert|mult2[25]           ; u_pll|altpll_component|auto_generated|pll1|clk[0] ; u_pll|altpll_component|auto_generated|pll1|clk[0] ; 10.000       ; -0.153     ; 3.622      ;
; 6.097 ; hilbert_filter:u_hilbert|altsyncram:coef_rom_rtl_0|altsyncram_ff91:auto_generated|ram_block1a0~porta_address_reg0 ; hilbert_filter:u_hilbert|mult2[26]           ; u_pll|altpll_component|auto_generated|pll1|clk[0] ; u_pll|altpll_component|auto_generated|pll1|clk[0] ; 10.000       ; -0.153     ; 3.622      ;
; 6.097 ; hilbert_filter:u_hilbert|altsyncram:coef_rom_rtl_0|altsyncram_ff91:auto_generated|ram_block1a0~porta_address_reg0 ; hilbert_filter:u_hilbert|mult2[27]           ; u_pll|altpll_component|auto_generated|pll1|clk[0] ; u_pll|altpll_component|auto_generated|pll1|clk[0] ; 10.000       ; -0.153     ; 3.622      ;
; 6.097 ; hilbert_filter:u_hilbert|altsyncram:coef_rom_rtl_0|altsyncram_ff91:auto_generated|ram_block1a0~porta_address_reg0 ; hilbert_filter:u_hilbert|mult2[28]           ; u_pll|altpll_component|auto_generated|pll1|clk[0] ; u_pll|altpll_component|auto_generated|pll1|clk[0] ; 10.000       ; -0.153     ; 3.622      ;
; 6.098 ; tx_audio_proc:u_tx_audio_proc|lim_sample[13]                                                                      ; tx_audio_proc:u_tx_audio_proc|sample_out[3]  ; u_pll|altpll_component|auto_generated|pll1|clk[0] ; u_pll|altpll_component|auto_generated|pll1|clk[0] ; 10.000       ; 0.162      ; 4.051      ;
; 6.098 ; tx_audio_proc:u_tx_audio_proc|lim_sample[4]                                                                       ; tx_audio_proc:u_tx_audio_proc|sample_out[3]  ; u_pll|altpll_component|auto_generated|pll1|clk[0] ; u_pll|altpll_component|auto_generated|pll1|clk[0] ; 10.000       ; 0.162      ; 4.051      ;
; 6.100 ; tx_audio_proc:u_tx_audio_proc|lim_sample[5]                                                                       ; tx_audio_proc:u_tx_audio_proc|sample_out[9]  ; u_pll|altpll_component|auto_generated|pll1|clk[0] ; u_pll|altpll_component|auto_generated|pll1|clk[0] ; 10.000       ; 0.168      ; 4.055      ;
; 6.101 ; tx_audio_proc:u_tx_audio_proc|lim_sample[5]                                                                       ; tx_audio_proc:u_tx_audio_proc|sample_out[11] ; u_pll|altpll_component|auto_generated|pll1|clk[0] ; u_pll|altpll_component|auto_generated|pll1|clk[0] ; 10.000       ; 0.168      ; 4.054      ;
; 6.101 ; tx_audio_proc:u_tx_audio_proc|lim_sample[5]                                                                       ; tx_audio_proc:u_tx_audio_proc|sample_out[6]  ; u_pll|altpll_component|auto_generated|pll1|clk[0] ; u_pll|altpll_component|auto_generated|pll1|clk[0] ; 10.000       ; 0.168      ; 4.054      ;
; 6.102 ; tx_audio_proc:u_tx_audio_proc|lim_sample[5]                                                                       ; tx_audio_proc:u_tx_audio_proc|sample_out[10] ; u_pll|altpll_component|auto_generated|pll1|clk[0] ; u_pll|altpll_component|auto_generated|pll1|clk[0] ; 10.000       ; 0.168      ; 4.053      ;
; 6.102 ; tx_audio_proc:u_tx_audio_proc|lim_sample[5]                                                                       ; tx_audio_proc:u_tx_audio_proc|sample_out[7]  ; u_pll|altpll_component|auto_generated|pll1|clk[0] ; u_pll|altpll_component|auto_generated|pll1|clk[0] ; 10.000       ; 0.168      ; 4.053      ;
; 6.102 ; tx_audio_proc:u_tx_audio_proc|lim_sample[5]                                                                       ; tx_audio_proc:u_tx_audio_proc|sample_out[5]  ; u_pll|altpll_component|auto_generated|pll1|clk[0] ; u_pll|altpll_component|auto_generated|pll1|clk[0] ; 10.000       ; 0.168      ; 4.053      ;
; 6.102 ; tx_audio_proc:u_tx_audio_proc|lim_sample[5]                                                                       ; tx_audio_proc:u_tx_audio_proc|sample_out[1]  ; u_pll|altpll_component|auto_generated|pll1|clk[0] ; u_pll|altpll_component|auto_generated|pll1|clk[0] ; 10.000       ; 0.168      ; 4.053      ;
; 6.103 ; tx_audio_proc:u_tx_audio_proc|lim_sample[5]                                                                       ; tx_audio_proc:u_tx_audio_proc|sample_out[0]  ; u_pll|altpll_component|auto_generated|pll1|clk[0] ; u_pll|altpll_component|auto_generated|pll1|clk[0] ; 10.000       ; 0.168      ; 4.052      ;
; 6.103 ; tx_audio_proc:u_tx_audio_proc|lim_sample[5]                                                                       ; tx_audio_proc:u_tx_audio_proc|sample_out[8]  ; u_pll|altpll_component|auto_generated|pll1|clk[0] ; u_pll|altpll_component|auto_generated|pll1|clk[0] ; 10.000       ; 0.168      ; 4.052      ;
; 6.104 ; tx_audio_proc:u_tx_audio_proc|lim_sample[5]                                                                       ; tx_audio_proc:u_tx_audio_proc|sample_out[4]  ; u_pll|altpll_component|auto_generated|pll1|clk[0] ; u_pll|altpll_component|auto_generated|pll1|clk[0] ; 10.000       ; 0.168      ; 4.051      ;
; 6.104 ; tx_audio_proc:u_tx_audio_proc|lim_sample[5]                                                                       ; tx_audio_proc:u_tx_audio_proc|sample_out[2]  ; u_pll|altpll_component|auto_generated|pll1|clk[0] ; u_pll|altpll_component|auto_generated|pll1|clk[0] ; 10.000       ; 0.168      ; 4.051      ;
; 6.105 ; tx_audio_proc:u_tx_audio_proc|lim_sample[5]                                                                       ; tx_audio_proc:u_tx_audio_proc|sample_out[12] ; u_pll|altpll_component|auto_generated|pll1|clk[0] ; u_pll|altpll_component|auto_generated|pll1|clk[0] ; 10.000       ; 0.168      ; 4.050      ;
; 6.108 ; tx_audio_proc:u_tx_audio_proc|lim_sample[4]                                                                       ; tx_audio_proc:u_tx_audio_proc|sample_out[9]  ; u_pll|altpll_component|auto_generated|pll1|clk[0] ; u_pll|altpll_component|auto_generated|pll1|clk[0] ; 10.000       ; 0.168      ; 4.047      ;
; 6.109 ; tx_audio_proc:u_tx_audio_proc|lim_sample[4]                                                                       ; tx_audio_proc:u_tx_audio_proc|sample_out[11] ; u_pll|altpll_component|auto_generated|pll1|clk[0] ; u_pll|altpll_component|auto_generated|pll1|clk[0] ; 10.000       ; 0.168      ; 4.046      ;
; 6.109 ; tx_audio_proc:u_tx_audio_proc|lim_sample[4]                                                                       ; tx_audio_proc:u_tx_audio_proc|sample_out[6]  ; u_pll|altpll_component|auto_generated|pll1|clk[0] ; u_pll|altpll_component|auto_generated|pll1|clk[0] ; 10.000       ; 0.168      ; 4.046      ;
; 6.110 ; tx_audio_proc:u_tx_audio_proc|lim_sample[4]                                                                       ; tx_audio_proc:u_tx_audio_proc|sample_out[10] ; u_pll|altpll_component|auto_generated|pll1|clk[0] ; u_pll|altpll_component|auto_generated|pll1|clk[0] ; 10.000       ; 0.168      ; 4.045      ;
; 6.110 ; tx_audio_proc:u_tx_audio_proc|lim_sample[4]                                                                       ; tx_audio_proc:u_tx_audio_proc|sample_out[7]  ; u_pll|altpll_component|auto_generated|pll1|clk[0] ; u_pll|altpll_component|auto_generated|pll1|clk[0] ; 10.000       ; 0.168      ; 4.045      ;
; 6.110 ; tx_audio_proc:u_tx_audio_proc|lim_sample[4]                                                                       ; tx_audio_proc:u_tx_audio_proc|sample_out[5]  ; u_pll|altpll_component|auto_generated|pll1|clk[0] ; u_pll|altpll_component|auto_generated|pll1|clk[0] ; 10.000       ; 0.168      ; 4.045      ;
; 6.110 ; tx_audio_proc:u_tx_audio_proc|lim_sample[4]                                                                       ; tx_audio_proc:u_tx_audio_proc|sample_out[1]  ; u_pll|altpll_component|auto_generated|pll1|clk[0] ; u_pll|altpll_component|auto_generated|pll1|clk[0] ; 10.000       ; 0.168      ; 4.045      ;
; 6.111 ; tx_audio_proc:u_tx_audio_proc|lim_sample[4]                                                                       ; tx_audio_proc:u_tx_audio_proc|sample_out[0]  ; u_pll|altpll_component|auto_generated|pll1|clk[0] ; u_pll|altpll_component|auto_generated|pll1|clk[0] ; 10.000       ; 0.168      ; 4.044      ;
; 6.111 ; tx_audio_proc:u_tx_audio_proc|lim_sample[4]                                                                       ; tx_audio_proc:u_tx_audio_proc|sample_out[8]  ; u_pll|altpll_component|auto_generated|pll1|clk[0] ; u_pll|altpll_component|auto_generated|pll1|clk[0] ; 10.000       ; 0.168      ; 4.044      ;
; 6.112 ; tx_audio_proc:u_tx_audio_proc|lim_sample[4]                                                                       ; tx_audio_proc:u_tx_audio_proc|sample_out[4]  ; u_pll|altpll_component|auto_generated|pll1|clk[0] ; u_pll|altpll_component|auto_generated|pll1|clk[0] ; 10.000       ; 0.168      ; 4.043      ;
; 6.112 ; tx_audio_proc:u_tx_audio_proc|lim_sample[4]                                                                       ; tx_audio_proc:u_tx_audio_proc|sample_out[2]  ; u_pll|altpll_component|auto_generated|pll1|clk[0] ; u_pll|altpll_component|auto_generated|pll1|clk[0] ; 10.000       ; 0.168      ; 4.043      ;
; 6.113 ; tx_audio_proc:u_tx_audio_proc|lim_sample[4]                                                                       ; tx_audio_proc:u_tx_audio_proc|sample_out[12] ; u_pll|altpll_component|auto_generated|pll1|clk[0] ; u_pll|altpll_component|auto_generated|pll1|clk[0] ; 10.000       ; 0.168      ; 4.042      ;
; 6.117 ; tx_audio_proc:u_tx_audio_proc|lim_sample[13]                                                                      ; tx_audio_proc:u_tx_audio_proc|sample_out[9]  ; u_pll|altpll_component|auto_generated|pll1|clk[0] ; u_pll|altpll_component|auto_generated|pll1|clk[0] ; 10.000       ; 0.168      ; 4.038      ;
; 6.117 ; tx_audio_proc:u_tx_audio_proc|lim_sample[7]                                                                       ; tx_audio_proc:u_tx_audio_proc|sample_out[3]  ; u_pll|altpll_component|auto_generated|pll1|clk[0] ; u_pll|altpll_component|auto_generated|pll1|clk[0] ; 10.000       ; 0.162      ; 4.032      ;
; 6.118 ; tx_audio_proc:u_tx_audio_proc|lim_sample[13]                                                                      ; tx_audio_proc:u_tx_audio_proc|sample_out[11] ; u_pll|altpll_component|auto_generated|pll1|clk[0] ; u_pll|altpll_component|auto_generated|pll1|clk[0] ; 10.000       ; 0.168      ; 4.037      ;
; 6.119 ; tx_audio_proc:u_tx_audio_proc|lim_sample[13]                                                                      ; tx_audio_proc:u_tx_audio_proc|sample_out[0]  ; u_pll|altpll_component|auto_generated|pll1|clk[0] ; u_pll|altpll_component|auto_generated|pll1|clk[0] ; 10.000       ; 0.168      ; 4.036      ;
; 6.119 ; tx_audio_proc:u_tx_audio_proc|lim_sample[13]                                                                      ; tx_audio_proc:u_tx_audio_proc|sample_out[10] ; u_pll|altpll_component|auto_generated|pll1|clk[0] ; u_pll|altpll_component|auto_generated|pll1|clk[0] ; 10.000       ; 0.168      ; 4.036      ;
; 6.119 ; tx_audio_proc:u_tx_audio_proc|lim_sample[13]                                                                      ; tx_audio_proc:u_tx_audio_proc|sample_out[8]  ; u_pll|altpll_component|auto_generated|pll1|clk[0] ; u_pll|altpll_component|auto_generated|pll1|clk[0] ; 10.000       ; 0.168      ; 4.036      ;
; 6.119 ; tx_audio_proc:u_tx_audio_proc|lim_sample[13]                                                                      ; tx_audio_proc:u_tx_audio_proc|sample_out[6]  ; u_pll|altpll_component|auto_generated|pll1|clk[0] ; u_pll|altpll_component|auto_generated|pll1|clk[0] ; 10.000       ; 0.168      ; 4.036      ;
; 6.119 ; tx_audio_proc:u_tx_audio_proc|lim_sample[13]                                                                      ; tx_audio_proc:u_tx_audio_proc|sample_out[5]  ; u_pll|altpll_component|auto_generated|pll1|clk[0] ; u_pll|altpll_component|auto_generated|pll1|clk[0] ; 10.000       ; 0.168      ; 4.036      ;
; 6.120 ; tx_audio_proc:u_tx_audio_proc|lim_sample[13]                                                                      ; tx_audio_proc:u_tx_audio_proc|sample_out[12] ; u_pll|altpll_component|auto_generated|pll1|clk[0] ; u_pll|altpll_component|auto_generated|pll1|clk[0] ; 10.000       ; 0.168      ; 4.035      ;
; 6.120 ; tx_audio_proc:u_tx_audio_proc|lim_sample[13]                                                                      ; tx_audio_proc:u_tx_audio_proc|sample_out[7]  ; u_pll|altpll_component|auto_generated|pll1|clk[0] ; u_pll|altpll_component|auto_generated|pll1|clk[0] ; 10.000       ; 0.168      ; 4.035      ;
; 6.120 ; tx_audio_proc:u_tx_audio_proc|lim_sample[13]                                                                      ; tx_audio_proc:u_tx_audio_proc|sample_out[2]  ; u_pll|altpll_component|auto_generated|pll1|clk[0] ; u_pll|altpll_component|auto_generated|pll1|clk[0] ; 10.000       ; 0.168      ; 4.035      ;
; 6.120 ; tx_audio_proc:u_tx_audio_proc|lim_sample[13]                                                                      ; tx_audio_proc:u_tx_audio_proc|sample_out[1]  ; u_pll|altpll_component|auto_generated|pll1|clk[0] ; u_pll|altpll_component|auto_generated|pll1|clk[0] ; 10.000       ; 0.168      ; 4.035      ;
; 6.121 ; tx_audio_proc:u_tx_audio_proc|lim_sample[13]                                                                      ; tx_audio_proc:u_tx_audio_proc|sample_out[4]  ; u_pll|altpll_component|auto_generated|pll1|clk[0] ; u_pll|altpll_component|auto_generated|pll1|clk[0] ; 10.000       ; 0.168      ; 4.034      ;
; 6.130 ; tx_audio_proc:u_tx_audio_proc|lim_sample[15]                                                                      ; tx_audio_proc:u_tx_audio_proc|sample_out[3]  ; u_pll|altpll_component|auto_generated|pll1|clk[0] ; u_pll|altpll_component|auto_generated|pll1|clk[0] ; 10.000       ; 0.162      ; 4.019      ;
; 6.135 ; tx_audio_proc:u_tx_audio_proc|hp_abs_reg[1]                                                                       ; tx_audio_proc:u_tx_audio_proc|noise_est[26]  ; u_pll|altpll_component|auto_generated|pll1|clk[0] ; u_pll|altpll_component|auto_generated|pll1|clk[0] ; 10.000       ; -0.034     ; 3.818      ;
; 6.147 ; tx_audio_proc:u_tx_audio_proc|lim_sample[7]                                                                       ; tx_audio_proc:u_tx_audio_proc|sample_out[9]  ; u_pll|altpll_component|auto_generated|pll1|clk[0] ; u_pll|altpll_component|auto_generated|pll1|clk[0] ; 10.000       ; 0.168      ; 4.008      ;
; 6.148 ; tx_audio_proc:u_tx_audio_proc|lim_sample[7]                                                                       ; tx_audio_proc:u_tx_audio_proc|sample_out[11] ; u_pll|altpll_component|auto_generated|pll1|clk[0] ; u_pll|altpll_component|auto_generated|pll1|clk[0] ; 10.000       ; 0.168      ; 4.007      ;
; 6.148 ; tx_audio_proc:u_tx_audio_proc|lim_sample[7]                                                                       ; tx_audio_proc:u_tx_audio_proc|sample_out[6]  ; u_pll|altpll_component|auto_generated|pll1|clk[0] ; u_pll|altpll_component|auto_generated|pll1|clk[0] ; 10.000       ; 0.168      ; 4.007      ;
; 6.149 ; tx_audio_proc:u_tx_audio_proc|lim_sample[7]                                                                       ; tx_audio_proc:u_tx_audio_proc|sample_out[10] ; u_pll|altpll_component|auto_generated|pll1|clk[0] ; u_pll|altpll_component|auto_generated|pll1|clk[0] ; 10.000       ; 0.168      ; 4.006      ;
; 6.149 ; tx_audio_proc:u_tx_audio_proc|lim_sample[7]                                                                       ; tx_audio_proc:u_tx_audio_proc|sample_out[7]  ; u_pll|altpll_component|auto_generated|pll1|clk[0] ; u_pll|altpll_component|auto_generated|pll1|clk[0] ; 10.000       ; 0.168      ; 4.006      ;
; 6.149 ; tx_audio_proc:u_tx_audio_proc|lim_sample[7]                                                                       ; tx_audio_proc:u_tx_audio_proc|sample_out[5]  ; u_pll|altpll_component|auto_generated|pll1|clk[0] ; u_pll|altpll_component|auto_generated|pll1|clk[0] ; 10.000       ; 0.168      ; 4.006      ;
; 6.149 ; tx_audio_proc:u_tx_audio_proc|lim_sample[7]                                                                       ; tx_audio_proc:u_tx_audio_proc|sample_out[1]  ; u_pll|altpll_component|auto_generated|pll1|clk[0] ; u_pll|altpll_component|auto_generated|pll1|clk[0] ; 10.000       ; 0.168      ; 4.006      ;
; 6.150 ; tx_audio_proc:u_tx_audio_proc|lim_sample[7]                                                                       ; tx_audio_proc:u_tx_audio_proc|sample_out[0]  ; u_pll|altpll_component|auto_generated|pll1|clk[0] ; u_pll|altpll_component|auto_generated|pll1|clk[0] ; 10.000       ; 0.168      ; 4.005      ;
; 6.150 ; tx_audio_proc:u_tx_audio_proc|lim_sample[7]                                                                       ; tx_audio_proc:u_tx_audio_proc|sample_out[8]  ; u_pll|altpll_component|auto_generated|pll1|clk[0] ; u_pll|altpll_component|auto_generated|pll1|clk[0] ; 10.000       ; 0.168      ; 4.005      ;
; 6.151 ; tx_audio_proc:u_tx_audio_proc|lim_sample[7]                                                                       ; tx_audio_proc:u_tx_audio_proc|sample_out[4]  ; u_pll|altpll_component|auto_generated|pll1|clk[0] ; u_pll|altpll_component|auto_generated|pll1|clk[0] ; 10.000       ; 0.168      ; 4.004      ;
; 6.151 ; tx_audio_proc:u_tx_audio_proc|lim_sample[7]                                                                       ; tx_audio_proc:u_tx_audio_proc|sample_out[2]  ; u_pll|altpll_component|auto_generated|pll1|clk[0] ; u_pll|altpll_component|auto_generated|pll1|clk[0] ; 10.000       ; 0.168      ; 4.004      ;
; 6.152 ; tx_audio_proc:u_tx_audio_proc|lim_sample[7]                                                                       ; tx_audio_proc:u_tx_audio_proc|sample_out[12] ; u_pll|altpll_component|auto_generated|pll1|clk[0] ; u_pll|altpll_component|auto_generated|pll1|clk[0] ; 10.000       ; 0.168      ; 4.003      ;
; 6.153 ; tx_audio_proc:u_tx_audio_proc|noise_est[12]                                                                       ; tx_audio_proc:u_tx_audio_proc|noise_est[26]  ; u_pll|altpll_component|auto_generated|pll1|clk[0] ; u_pll|altpll_component|auto_generated|pll1|clk[0] ; 10.000       ; -0.034     ; 3.800      ;
; 6.154 ; tx_audio_proc:u_tx_audio_proc|noise_est[1]                                                                        ; tx_audio_proc:u_tx_audio_proc|noise_est[26]  ; u_pll|altpll_component|auto_generated|pll1|clk[0] ; u_pll|altpll_component|auto_generated|pll1|clk[0] ; 10.000       ; -0.034     ; 3.799      ;
; 6.160 ; tx_audio_proc:u_tx_audio_proc|lim_sample[15]                                                                      ; tx_audio_proc:u_tx_audio_proc|sample_out[9]  ; u_pll|altpll_component|auto_generated|pll1|clk[0] ; u_pll|altpll_component|auto_generated|pll1|clk[0] ; 10.000       ; 0.168      ; 3.995      ;
; 6.161 ; tx_audio_proc:u_tx_audio_proc|lim_sample[15]                                                                      ; tx_audio_proc:u_tx_audio_proc|sample_out[11] ; u_pll|altpll_component|auto_generated|pll1|clk[0] ; u_pll|altpll_component|auto_generated|pll1|clk[0] ; 10.000       ; 0.168      ; 3.994      ;
; 6.161 ; tx_audio_proc:u_tx_audio_proc|lim_sample[15]                                                                      ; tx_audio_proc:u_tx_audio_proc|sample_out[6]  ; u_pll|altpll_component|auto_generated|pll1|clk[0] ; u_pll|altpll_component|auto_generated|pll1|clk[0] ; 10.000       ; 0.168      ; 3.994      ;
; 6.162 ; tx_audio_proc:u_tx_audio_proc|lim_sample[15]                                                                      ; tx_audio_proc:u_tx_audio_proc|sample_out[10] ; u_pll|altpll_component|auto_generated|pll1|clk[0] ; u_pll|altpll_component|auto_generated|pll1|clk[0] ; 10.000       ; 0.168      ; 3.993      ;
; 6.162 ; tx_audio_proc:u_tx_audio_proc|lim_sample[15]                                                                      ; tx_audio_proc:u_tx_audio_proc|sample_out[7]  ; u_pll|altpll_component|auto_generated|pll1|clk[0] ; u_pll|altpll_component|auto_generated|pll1|clk[0] ; 10.000       ; 0.168      ; 3.993      ;
; 6.162 ; tx_audio_proc:u_tx_audio_proc|lim_sample[15]                                                                      ; tx_audio_proc:u_tx_audio_proc|sample_out[5]  ; u_pll|altpll_component|auto_generated|pll1|clk[0] ; u_pll|altpll_component|auto_generated|pll1|clk[0] ; 10.000       ; 0.168      ; 3.993      ;
; 6.162 ; tx_audio_proc:u_tx_audio_proc|lim_sample[15]                                                                      ; tx_audio_proc:u_tx_audio_proc|sample_out[1]  ; u_pll|altpll_component|auto_generated|pll1|clk[0] ; u_pll|altpll_component|auto_generated|pll1|clk[0] ; 10.000       ; 0.168      ; 3.993      ;
; 6.163 ; tx_audio_proc:u_tx_audio_proc|lim_sample[15]                                                                      ; tx_audio_proc:u_tx_audio_proc|sample_out[0]  ; u_pll|altpll_component|auto_generated|pll1|clk[0] ; u_pll|altpll_component|auto_generated|pll1|clk[0] ; 10.000       ; 0.168      ; 3.992      ;
; 6.163 ; tx_audio_proc:u_tx_audio_proc|lim_sample[15]                                                                      ; tx_audio_proc:u_tx_audio_proc|sample_out[8]  ; u_pll|altpll_component|auto_generated|pll1|clk[0] ; u_pll|altpll_component|auto_generated|pll1|clk[0] ; 10.000       ; 0.168      ; 3.992      ;
; 6.164 ; tx_audio_proc:u_tx_audio_proc|lim_sample[6]                                                                       ; tx_audio_proc:u_tx_audio_proc|sample_out[3]  ; u_pll|altpll_component|auto_generated|pll1|clk[0] ; u_pll|altpll_component|auto_generated|pll1|clk[0] ; 10.000       ; 0.162      ; 3.985      ;
; 6.164 ; tx_audio_proc:u_tx_audio_proc|lim_sample[15]                                                                      ; tx_audio_proc:u_tx_audio_proc|sample_out[4]  ; u_pll|altpll_component|auto_generated|pll1|clk[0] ; u_pll|altpll_component|auto_generated|pll1|clk[0] ; 10.000       ; 0.168      ; 3.991      ;
; 6.164 ; tx_audio_proc:u_tx_audio_proc|lim_sample[15]                                                                      ; tx_audio_proc:u_tx_audio_proc|sample_out[2]  ; u_pll|altpll_component|auto_generated|pll1|clk[0] ; u_pll|altpll_component|auto_generated|pll1|clk[0] ; 10.000       ; 0.168      ; 3.991      ;
; 6.165 ; tx_audio_proc:u_tx_audio_proc|lim_sample[15]                                                                      ; tx_audio_proc:u_tx_audio_proc|sample_out[12] ; u_pll|altpll_component|auto_generated|pll1|clk[0] ; u_pll|altpll_component|auto_generated|pll1|clk[0] ; 10.000       ; 0.168      ; 3.990      ;
+-------+-------------------------------------------------------------------------------------------------------------------+----------------------------------------------+---------------------------------------------------+---------------------------------------------------+--------------+------------+------------+


+----------------------------------------------------------------------------------------------------------------------------------------------------------------------------------------------------------------------------------------------------------------------------------------------------------------------------+
; Fast 1200mV 0C Model Hold: 'u_pll|altpll_component|auto_generated|pll1|clk[0]'                                                                                                                                                                                                                                             ;
+-------+-----------------------------------------------+-------------------------------------------------------------------------------------------------------------------+---------------------------------------------------+---------------------------------------------------+--------------+------------+------------+
; Slack ; From Node                                     ; To Node                                                                                                           ; Launch Clock                                      ; Latch Clock                                       ; Relationship ; Clock Skew ; Data Delay ;
+-------+-----------------------------------------------+-------------------------------------------------------------------------------------------------------------------+---------------------------------------------------+---------------------------------------------------+--------------+------------+------------+
; 0.131 ; hilbert_filter:u_hilbert|tap0[6]              ; hilbert_filter:u_hilbert|altsyncram:coef_rom_rtl_0|altsyncram_ff91:auto_generated|ram_block1a0~porta_address_reg0 ; u_pll|altpll_component|auto_generated|pll1|clk[0] ; u_pll|altpll_component|auto_generated|pll1|clk[0] ; 0.000        ; 0.242      ; 0.477      ;
; 0.131 ; hilbert_filter:u_hilbert|tap0[7]              ; hilbert_filter:u_hilbert|altsyncram:coef_rom_rtl_0|altsyncram_ff91:auto_generated|ram_block1a0~porta_address_reg0 ; u_pll|altpll_component|auto_generated|pll1|clk[0] ; u_pll|altpll_component|auto_generated|pll1|clk[0] ; 0.000        ; 0.242      ; 0.477      ;
; 0.132 ; hilbert_filter:u_hilbert|tap0[5]              ; hilbert_filter:u_hilbert|altsyncram:coef_rom_rtl_0|altsyncram_ff91:auto_generated|ram_block1a0~porta_address_reg0 ; u_pll|altpll_component|auto_generated|pll1|clk[0] ; u_pll|altpll_component|auto_generated|pll1|clk[0] ; 0.000        ; 0.242      ; 0.478      ;
; 0.145 ; hilbert_filter:u_hilbert|tap0[4]              ; hilbert_filter:u_hilbert|altsyncram:coef_rom_rtl_0|altsyncram_ff91:auto_generated|ram_block1a0~porta_address_reg0 ; u_pll|altpll_component|auto_generated|pll1|clk[0] ; u_pll|altpll_component|auto_generated|pll1|clk[0] ; 0.000        ; 0.242      ; 0.491      ;
; 0.148 ; hilbert_filter:u_hilbert|wr_ptr[1]            ; hilbert_filter:u_hilbert|altsyncram:history_rtl_0|altsyncram_1si1:auto_generated|ram_block1a0~porta_address_reg0  ; u_pll|altpll_component|auto_generated|pll1|clk[0] ; u_pll|altpll_component|auto_generated|pll1|clk[0] ; 0.000        ; 0.224      ; 0.476      ;
; 0.150 ; hilbert_filter:u_hilbert|tap0[2]              ; hilbert_filter:u_hilbert|altsyncram:coef_rom_rtl_0|altsyncram_ff91:auto_generated|ram_block1a0~porta_address_reg0 ; u_pll|altpll_component|auto_generated|pll1|clk[0] ; u_pll|altpll_component|auto_generated|pll1|clk[0] ; 0.000        ; 0.242      ; 0.496      ;
; 0.153 ; hilbert_filter:u_hilbert|wr_ptr[2]            ; hilbert_filter:u_hilbert|altsyncram:history_rtl_0|altsyncram_1si1:auto_generated|ram_block1a0~porta_address_reg0  ; u_pll|altpll_component|auto_generated|pll1|clk[0] ; u_pll|altpll_component|auto_generated|pll1|clk[0] ; 0.000        ; 0.224      ; 0.481      ;
; 0.163 ; hilbert_filter:u_hilbert|wr_ptr[0]            ; hilbert_filter:u_hilbert|altsyncram:history_rtl_0|altsyncram_1si1:auto_generated|ram_block1a0~porta_address_reg0  ; u_pll|altpll_component|auto_generated|pll1|clk[0] ; u_pll|altpll_component|auto_generated|pll1|clk[0] ; 0.000        ; 0.224      ; 0.491      ;
; 0.165 ; hilbert_filter:u_hilbert|wr_ptr[4]            ; hilbert_filter:u_hilbert|altsyncram:history_rtl_0|altsyncram_1si1:auto_generated|ram_block1a0~porta_address_reg0  ; u_pll|altpll_component|auto_generated|pll1|clk[0] ; u_pll|altpll_component|auto_generated|pll1|clk[0] ; 0.000        ; 0.224      ; 0.493      ;
; 0.170 ; hilbert_filter:u_hilbert|wr_ptr[3]            ; hilbert_filter:u_hilbert|altsyncram:history_rtl_0|altsyncram_1si1:auto_generated|ram_block1a0~porta_address_reg0  ; u_pll|altpll_component|auto_generated|pll1|clk[0] ; u_pll|altpll_component|auto_generated|pll1|clk[0] ; 0.000        ; 0.224      ; 0.498      ;
; 0.171 ; hilbert_filter:u_hilbert|wr_ptr[7]            ; hilbert_filter:u_hilbert|altsyncram:history_rtl_0|altsyncram_1si1:auto_generated|ram_block1a0~porta_address_reg0  ; u_pll|altpll_component|auto_generated|pll1|clk[0] ; u_pll|altpll_component|auto_generated|pll1|clk[0] ; 0.000        ; 0.224      ; 0.499      ;
; 0.186 ; tx_audio_proc:u_tx_audio_proc|gate_on         ; tx_audio_proc:u_tx_audio_proc|gate_on                                                                             ; u_pll|altpll_component|auto_generated|pll1|clk[0] ; u_pll|altpll_component|auto_generated|pll1|clk[0] ; 0.000        ; 0.037      ; 0.307      ;
; 0.186 ; tx_enable                                     ; tx_enable                                                                                                         ; u_pll|altpll_component|auto_generated|pll1|clk[0] ; u_pll|altpll_component|auto_generated|pll1|clk[0] ; 0.000        ; 0.037      ; 0.307      ;
; 0.186 ; key0_stable                                   ; key0_stable                                                                                                       ; u_pll|altpll_component|auto_generated|pll1|clk[0] ; u_pll|altpll_component|auto_generated|pll1|clk[0] ; 0.000        ; 0.037      ; 0.307      ;
; 0.187 ; hilbert_filter:u_hilbert|busy                 ; hilbert_filter:u_hilbert|busy                                                                                     ; u_pll|altpll_component|auto_generated|pll1|clk[0] ; u_pll|altpll_component|auto_generated|pll1|clk[0] ; 0.000        ; 0.036      ; 0.307      ;
; 0.192 ; hilbert_filter:u_hilbert|wr_ptr[5]            ; hilbert_filter:u_hilbert|altsyncram:history_rtl_0|altsyncram_1si1:auto_generated|ram_block1a0~porta_address_reg0  ; u_pll|altpll_component|auto_generated|pll1|clk[0] ; u_pll|altpll_component|auto_generated|pll1|clk[0] ; 0.000        ; 0.224      ; 0.520      ;
; 0.192 ; i2s_rx:u_i2s_rx|shift_reg[1]                  ; i2s_rx:u_i2s_rx|shift_reg[2]                                                                                      ; u_pll|altpll_component|auto_generated|pll1|clk[0] ; u_pll|altpll_component|auto_generated|pll1|clk[0] ; 0.000        ; 0.037      ; 0.313      ;
; 0.193 ; hilbert_filter:u_hilbert|audio_i_captured[11] ; hilbert_filter:u_hilbert|audio_i[11]                                                                              ; u_pll|altpll_component|auto_generated|pll1|clk[0] ; u_pll|altpll_component|auto_generated|pll1|clk[0] ; 0.000        ; 0.037      ; 0.314      ;
; 0.193 ; hilbert_filter:u_hilbert|audio_i_captured[10] ; hilbert_filter:u_hilbert|audio_i[10]                                                                              ; u_pll|altpll_component|auto_generated|pll1|clk[0] ; u_pll|altpll_component|auto_generated|pll1|clk[0] ; 0.000        ; 0.037      ; 0.314      ;
; 0.193 ; hilbert_filter:u_hilbert|audio_i_captured[9]  ; hilbert_filter:u_hilbert|audio_i[9]                                                                               ; u_pll|altpll_component|auto_generated|pll1|clk[0] ; u_pll|altpll_component|auto_generated|pll1|clk[0] ; 0.000        ; 0.037      ; 0.314      ;
; 0.193 ; hilbert_filter:u_hilbert|audio_i_captured[6]  ; hilbert_filter:u_hilbert|audio_i[6]                                                                               ; u_pll|altpll_component|auto_generated|pll1|clk[0] ; u_pll|altpll_component|auto_generated|pll1|clk[0] ; 0.000        ; 0.037      ; 0.314      ;
; 0.193 ; hilbert_filter:u_hilbert|wr_ptr[0]            ; hilbert_filter:u_hilbert|wr_ptr[0]                                                                                ; u_pll|altpll_component|auto_generated|pll1|clk[0] ; u_pll|altpll_component|auto_generated|pll1|clk[0] ; 0.000        ; 0.037      ; 0.314      ;
; 0.193 ; i2s_rx:u_i2s_rx|shift_reg[6]                  ; i2s_rx:u_i2s_rx|shift_reg[7]                                                                                      ; u_pll|altpll_component|auto_generated|pll1|clk[0] ; u_pll|altpll_component|auto_generated|pll1|clk[0] ; 0.000        ; 0.037      ; 0.314      ;
; 0.194 ; hilbert_filter:u_hilbert|audio_i_captured[5]  ; hilbert_filter:u_hilbert|audio_i[5]                                                                               ; u_pll|altpll_component|auto_generated|pll1|clk[0] ; u_pll|altpll_component|auto_generated|pll1|clk[0] ; 0.000        ; 0.036      ; 0.314      ;
; 0.194 ; hilbert_filter:u_hilbert|issue_en             ; hilbert_filter:u_hilbert|issue_en                                                                                 ; u_pll|altpll_component|auto_generated|pll1|clk[0] ; u_pll|altpll_component|auto_generated|pll1|clk[0] ; 0.000        ; 0.036      ; 0.314      ;
; 0.194 ; i2s_rx:u_i2s_rx|clk_div[0]                    ; i2s_rx:u_i2s_rx|clk_div[0]                                                                                        ; u_pll|altpll_component|auto_generated|pll1|clk[0] ; u_pll|altpll_component|auto_generated|pll1|clk[0] ; 0.000        ; 0.036      ; 0.314      ;
; 0.195 ; hilbert_filter:u_hilbert|audio_i_captured[13] ; hilbert_filter:u_hilbert|audio_i[13]                                                                              ; u_pll|altpll_component|auto_generated|pll1|clk[0] ; u_pll|altpll_component|auto_generated|pll1|clk[0] ; 0.000        ; 0.037      ; 0.316      ;
; 0.195 ; hilbert_filter:u_hilbert|audio_i_captured[12] ; hilbert_filter:u_hilbert|audio_i[12]                                                                              ; u_pll|altpll_component|auto_generated|pll1|clk[0] ; u_pll|altpll_component|auto_generated|pll1|clk[0] ; 0.000        ; 0.037      ; 0.316      ;
; 0.195 ; hilbert_filter:u_hilbert|audio_i_captured[4]  ; hilbert_filter:u_hilbert|audio_i[4]                                                                               ; u_pll|altpll_component|auto_generated|pll1|clk[0] ; u_pll|altpll_component|auto_generated|pll1|clk[0] ; 0.000        ; 0.036      ; 0.315      ;
; 0.195 ; i2s_rx:u_i2s_rx|shift_reg[2]                  ; i2s_rx:u_i2s_rx|shift_reg[3]                                                                                      ; u_pll|altpll_component|auto_generated|pll1|clk[0] ; u_pll|altpll_component|auto_generated|pll1|clk[0] ; 0.000        ; 0.037      ; 0.316      ;
; 0.195 ; i2s_rx:u_i2s_rx|shift_reg[0]                  ; i2s_rx:u_i2s_rx|shift_reg[1]                                                                                      ; u_pll|altpll_component|auto_generated|pll1|clk[0] ; u_pll|altpll_component|auto_generated|pll1|clk[0] ; 0.000        ; 0.037      ; 0.316      ;
; 0.196 ; hilbert_filter:u_hilbert|tap1[0]              ; hilbert_filter:u_hilbert|tap2[0]                                                                                  ; u_pll|altpll_component|auto_generated|pll1|clk[0] ; u_pll|altpll_component|auto_generated|pll1|clk[0] ; 0.000        ; 0.036      ; 0.316      ;
; 0.197 ; cic_interpolator:u_cic_i|i3_out[34]           ; multi_band_modulator:u_band_mod|audio_i_d1[12]                                                                    ; u_pll|altpll_component|auto_generated|pll1|clk[0] ; u_pll|altpll_component|auto_generated|pll1|clk[0] ; 0.000        ; 0.037      ; 0.318      ;
; 0.198 ; cic_interpolator:u_cic_i|i3_out[32]           ; multi_band_modulator:u_band_mod|audio_i_d1[10]                                                                    ; u_pll|altpll_component|auto_generated|pll1|clk[0] ; u_pll|altpll_component|auto_generated|pll1|clk[0] ; 0.000        ; 0.037      ; 0.319      ;
; 0.198 ; cic_interpolator:u_cic_q|i3_out[35]           ; multi_band_modulator:u_band_mod|audio_q_d1[13]                                                                    ; u_pll|altpll_component|auto_generated|pll1|clk[0] ; u_pll|altpll_component|auto_generated|pll1|clk[0] ; 0.000        ; 0.037      ; 0.319      ;
; 0.198 ; hilbert_filter:u_hilbert|tap1[2]              ; hilbert_filter:u_hilbert|tap2[2]                                                                                  ; u_pll|altpll_component|auto_generated|pll1|clk[0] ; u_pll|altpll_component|auto_generated|pll1|clk[0] ; 0.000        ; 0.036      ; 0.318      ;
; 0.200 ; cic_interpolator:u_cic_i|i3_out[31]           ; multi_band_modulator:u_band_mod|audio_i_d1[9]                                                                     ; u_pll|altpll_component|auto_generated|pll1|clk[0] ; u_pll|altpll_component|auto_generated|pll1|clk[0] ; 0.000        ; 0.037      ; 0.321      ;
; 0.200 ; hilbert_filter:u_hilbert|tap1[7]              ; hilbert_filter:u_hilbert|tap2[7]                                                                                  ; u_pll|altpll_component|auto_generated|pll1|clk[0] ; u_pll|altpll_component|auto_generated|pll1|clk[0] ; 0.000        ; 0.036      ; 0.320      ;
; 0.200 ; key_d0[2]                                     ; key_d1[2]                                                                                                         ; u_pll|altpll_component|auto_generated|pll1|clk[0] ; u_pll|altpll_component|auto_generated|pll1|clk[0] ; 0.000        ; 0.037      ; 0.321      ;
; 0.204 ; hilbert_filter:u_hilbert|wr_ptr[0]            ; hilbert_filter:u_hilbert|newest_ptr[0]                                                                            ; u_pll|altpll_component|auto_generated|pll1|clk[0] ; u_pll|altpll_component|auto_generated|pll1|clk[0] ; 0.000        ; 0.037      ; 0.325      ;
; 0.205 ; cic_interpolator:u_cic_i|c1_out[0]            ; cic_interpolator:u_cic_i|c2_d1[0]                                                                                 ; u_pll|altpll_component|auto_generated|pll1|clk[0] ; u_pll|altpll_component|auto_generated|pll1|clk[0] ; 0.000        ; 0.037      ; 0.326      ;
; 0.205 ; hilbert_filter:u_hilbert|tap1[1]              ; hilbert_filter:u_hilbert|tap2[1]                                                                                  ; u_pll|altpll_component|auto_generated|pll1|clk[0] ; u_pll|altpll_component|auto_generated|pll1|clk[0] ; 0.000        ; 0.036      ; 0.325      ;
; 0.207 ; tx_audio_proc:u_tx_audio_proc|hp_sample[10]   ; tx_audio_proc:u_tx_audio_proc|hp_prev[10]                                                                         ; u_pll|altpll_component|auto_generated|pll1|clk[0] ; u_pll|altpll_component|auto_generated|pll1|clk[0] ; 0.000        ; 0.037      ; 0.328      ;
; 0.207 ; i2s_rx:u_i2s_rx|shift_reg[7]                  ; i2s_rx:u_i2s_rx|shift_reg[8]                                                                                      ; u_pll|altpll_component|auto_generated|pll1|clk[0] ; u_pll|altpll_component|auto_generated|pll1|clk[0] ; 0.000        ; 0.037      ; 0.328      ;
; 0.208 ; multi_band_modulator:u_band_mod|tx_out_B[28]  ; multi_band_modulator:u_band_mod|dac_out_B[7]                                                                      ; u_pll|altpll_component|auto_generated|pll1|clk[0] ; u_pll|altpll_component|auto_generated|pll1|clk[0] ; 0.000        ; 0.036      ; 0.328      ;
; 0.208 ; i2s_rx:u_i2s_rx|shift_reg[9]                  ; i2s_rx:u_i2s_rx|shift_reg[10]                                                                                     ; u_pll|altpll_component|auto_generated|pll1|clk[0] ; u_pll|altpll_component|auto_generated|pll1|clk[0] ; 0.000        ; 0.037      ; 0.329      ;
; 0.208 ; i2s_rx:u_i2s_rx|shift_reg[8]                  ; i2s_rx:u_i2s_rx|shift_reg[9]                                                                                      ; u_pll|altpll_component|auto_generated|pll1|clk[0] ; u_pll|altpll_component|auto_generated|pll1|clk[0] ; 0.000        ; 0.037      ; 0.329      ;
; 0.209 ; hilbert_filter:u_hilbert|wr_ptr[6]            ; hilbert_filter:u_hilbert|newest_ptr[6]                                                                            ; u_pll|altpll_component|auto_generated|pll1|clk[0] ; u_pll|altpll_component|auto_generated|pll1|clk[0] ; 0.000        ; 0.037      ; 0.330      ;
; 0.210 ; hilbert_filter:u_hilbert|wr_ptr[5]            ; hilbert_filter:u_hilbert|newest_ptr[5]                                                                            ; u_pll|altpll_component|auto_generated|pll1|clk[0] ; u_pll|altpll_component|auto_generated|pll1|clk[0] ; 0.000        ; 0.037      ; 0.331      ;
; 0.210 ; hilbert_filter:u_hilbert|wr_ptr[3]            ; hilbert_filter:u_hilbert|newest_ptr[3]                                                                            ; u_pll|altpll_component|auto_generated|pll1|clk[0] ; u_pll|altpll_component|auto_generated|pll1|clk[0] ; 0.000        ; 0.037      ; 0.331      ;
; 0.211 ; hilbert_filter:u_hilbert|wr_ptr[1]            ; hilbert_filter:u_hilbert|newest_ptr[1]                                                                            ; u_pll|altpll_component|auto_generated|pll1|clk[0] ; u_pll|altpll_component|auto_generated|pll1|clk[0] ; 0.000        ; 0.037      ; 0.332      ;
; 0.214 ; hilbert_filter:u_hilbert|tap_issue[0]         ; hilbert_filter:u_hilbert|tap0[0]                                                                                  ; u_pll|altpll_component|auto_generated|pll1|clk[0] ; u_pll|altpll_component|auto_generated|pll1|clk[0] ; 0.000        ; 0.036      ; 0.334      ;
; 0.226 ; hilbert_filter:u_hilbert|tap0[1]              ; hilbert_filter:u_hilbert|altsyncram:coef_rom_rtl_0|altsyncram_ff91:auto_generated|ram_block1a0~porta_address_reg0 ; u_pll|altpll_component|auto_generated|pll1|clk[0] ; u_pll|altpll_component|auto_generated|pll1|clk[0] ; 0.000        ; 0.242      ; 0.572      ;
; 0.243 ; hilbert_filter:u_hilbert|hist_addr0[3]        ; hilbert_filter:u_hilbert|altsyncram:history_rtl_0|altsyncram_1si1:auto_generated|ram_block1a0~portb_address_reg0  ; u_pll|altpll_component|auto_generated|pll1|clk[0] ; u_pll|altpll_component|auto_generated|pll1|clk[0] ; 0.000        ; 0.239      ; 0.586      ;
; 0.254 ; hilbert_filter:u_hilbert|hist_addr0[4]        ; hilbert_filter:u_hilbert|altsyncram:history_rtl_0|altsyncram_1si1:auto_generated|ram_block1a0~portb_address_reg0  ; u_pll|altpll_component|auto_generated|pll1|clk[0] ; u_pll|altpll_component|auto_generated|pll1|clk[0] ; 0.000        ; 0.239      ; 0.597      ;
; 0.261 ; cic_interpolator:u_cic_i|c2_out[11]           ; cic_interpolator:u_cic_i|c3_d1[11]                                                                                ; u_pll|altpll_component|auto_generated|pll1|clk[0] ; u_pll|altpll_component|auto_generated|pll1|clk[0] ; 0.000        ; 0.037      ; 0.382      ;
; 0.261 ; cic_interpolator:u_cic_i|c1_out[4]            ; cic_interpolator:u_cic_i|c2_d1[4]                                                                                 ; u_pll|altpll_component|auto_generated|pll1|clk[0] ; u_pll|altpll_component|auto_generated|pll1|clk[0] ; 0.000        ; 0.037      ; 0.382      ;
; 0.261 ; tx_audio_proc:u_tx_audio_proc|hp_sample[7]    ; tx_audio_proc:u_tx_audio_proc|hp_prev[7]                                                                          ; u_pll|altpll_component|auto_generated|pll1|clk[0] ; u_pll|altpll_component|auto_generated|pll1|clk[0] ; 0.000        ; 0.037      ; 0.382      ;
; 0.262 ; hilbert_filter:u_hilbert|tap1[6]              ; hilbert_filter:u_hilbert|tap2[6]                                                                                  ; u_pll|altpll_component|auto_generated|pll1|clk[0] ; u_pll|altpll_component|auto_generated|pll1|clk[0] ; 0.000        ; 0.036      ; 0.382      ;
; 0.263 ; cic_interpolator:u_cic_i|c1_out[11]           ; cic_interpolator:u_cic_i|c2_d1[11]                                                                                ; u_pll|altpll_component|auto_generated|pll1|clk[0] ; u_pll|altpll_component|auto_generated|pll1|clk[0] ; 0.000        ; 0.037      ; 0.384      ;
; 0.263 ; tx_audio_proc:u_tx_audio_proc|hp_sample[9]    ; tx_audio_proc:u_tx_audio_proc|hp_prev[9]                                                                          ; u_pll|altpll_component|auto_generated|pll1|clk[0] ; u_pll|altpll_component|auto_generated|pll1|clk[0] ; 0.000        ; 0.037      ; 0.384      ;
; 0.263 ; i2s_rx:u_i2s_rx|audio_data[0]                 ; tx_audio_proc:u_tx_audio_proc|x_prev[0]                                                                           ; u_pll|altpll_component|auto_generated|pll1|clk[0] ; u_pll|altpll_component|auto_generated|pll1|clk[0] ; 0.000        ; 0.037      ; 0.384      ;
; 0.264 ; cic_interpolator:u_cic_i|c2_out[9]            ; cic_interpolator:u_cic_i|c3_d1[9]                                                                                 ; u_pll|altpll_component|auto_generated|pll1|clk[0] ; u_pll|altpll_component|auto_generated|pll1|clk[0] ; 0.000        ; 0.037      ; 0.385      ;
; 0.264 ; tx_audio_proc:u_tx_audio_proc|hp_sample[5]    ; tx_audio_proc:u_tx_audio_proc|hp_prev[5]                                                                          ; u_pll|altpll_component|auto_generated|pll1|clk[0] ; u_pll|altpll_component|auto_generated|pll1|clk[0] ; 0.000        ; 0.037      ; 0.385      ;
; 0.264 ; multi_band_modulator:u_band_mod|tx_out_B[27]  ; multi_band_modulator:u_band_mod|dac_out_B[7]                                                                      ; u_pll|altpll_component|auto_generated|pll1|clk[0] ; u_pll|altpll_component|auto_generated|pll1|clk[0] ; 0.000        ; 0.036      ; 0.384      ;
; 0.265 ; cic_interpolator:u_cic_i|c2_d1[14]            ; cic_interpolator:u_cic_i|c2_out[15]                                                                               ; u_pll|altpll_component|auto_generated|pll1|clk[0] ; u_pll|altpll_component|auto_generated|pll1|clk[0] ; 0.000        ; 0.037      ; 0.386      ;
; 0.265 ; cic_interpolator:u_cic_q|c2_d1[14]            ; cic_interpolator:u_cic_q|c2_out[15]                                                                               ; u_pll|altpll_component|auto_generated|pll1|clk[0] ; u_pll|altpll_component|auto_generated|pll1|clk[0] ; 0.000        ; 0.037      ; 0.386      ;
; 0.265 ; tx_audio_proc:u_tx_audio_proc|hp_sample[2]    ; tx_audio_proc:u_tx_audio_proc|hp_prev[2]                                                                          ; u_pll|altpll_component|auto_generated|pll1|clk[0] ; u_pll|altpll_component|auto_generated|pll1|clk[0] ; 0.000        ; 0.037      ; 0.386      ;
; 0.265 ; i2s_rx:u_i2s_rx|audio_data[16]                ; tx_audio_proc:u_tx_audio_proc|x_prev[16]                                                                          ; u_pll|altpll_component|auto_generated|pll1|clk[0] ; u_pll|altpll_component|auto_generated|pll1|clk[0] ; 0.000        ; 0.037      ; 0.386      ;
; 0.266 ; hilbert_filter:u_hilbert|audio_i_captured[7]  ; hilbert_filter:u_hilbert|audio_i[7]                                                                               ; u_pll|altpll_component|auto_generated|pll1|clk[0] ; u_pll|altpll_component|auto_generated|pll1|clk[0] ; 0.000        ; 0.037      ; 0.387      ;
; 0.266 ; tx_audio_proc:u_tx_audio_proc|lpf2_state[27]  ; tx_audio_proc:u_tx_audio_proc|lpf2_state[27]                                                                      ; u_pll|altpll_component|auto_generated|pll1|clk[0] ; u_pll|altpll_component|auto_generated|pll1|clk[0] ; 0.000        ; 0.037      ; 0.387      ;
; 0.266 ; i2s_rx:u_i2s_rx|shift_reg[5]                  ; i2s_rx:u_i2s_rx|shift_reg[6]                                                                                      ; u_pll|altpll_component|auto_generated|pll1|clk[0] ; u_pll|altpll_component|auto_generated|pll1|clk[0] ; 0.000        ; 0.037      ; 0.387      ;
; 0.266 ; i2s_rx:u_i2s_rx|shift_reg[4]                  ; i2s_rx:u_i2s_rx|shift_reg[5]                                                                                      ; u_pll|altpll_component|auto_generated|pll1|clk[0] ; u_pll|altpll_component|auto_generated|pll1|clk[0] ; 0.000        ; 0.037      ; 0.387      ;
; 0.267 ; tx_audio_proc:u_tx_audio_proc|hp_sample[13]   ; tx_audio_proc:u_tx_audio_proc|hp_prev[13]                                                                         ; u_pll|altpll_component|auto_generated|pll1|clk[0] ; u_pll|altpll_component|auto_generated|pll1|clk[0] ; 0.000        ; 0.037      ; 0.388      ;
; 0.267 ; hilbert_filter:u_hilbert|tap_issue[8]         ; hilbert_filter:u_hilbert|tap_issue[8]                                                                             ; u_pll|altpll_component|auto_generated|pll1|clk[0] ; u_pll|altpll_component|auto_generated|pll1|clk[0] ; 0.000        ; 0.036      ; 0.387      ;
; 0.268 ; hilbert_filter:u_hilbert|audio_i_captured[8]  ; hilbert_filter:u_hilbert|audio_i[8]                                                                               ; u_pll|altpll_component|auto_generated|pll1|clk[0] ; u_pll|altpll_component|auto_generated|pll1|clk[0] ; 0.000        ; 0.037      ; 0.389      ;
; 0.268 ; hilbert_filter:u_hilbert|audio_i_captured[2]  ; hilbert_filter:u_hilbert|audio_i[2]                                                                               ; u_pll|altpll_component|auto_generated|pll1|clk[0] ; u_pll|altpll_component|auto_generated|pll1|clk[0] ; 0.000        ; 0.036      ; 0.388      ;
; 0.268 ; hilbert_filter:u_hilbert|audio_i_captured[1]  ; hilbert_filter:u_hilbert|audio_i[1]                                                                               ; u_pll|altpll_component|auto_generated|pll1|clk[0] ; u_pll|altpll_component|auto_generated|pll1|clk[0] ; 0.000        ; 0.036      ; 0.388      ;
; 0.269 ; cic_interpolator:u_cic_i|i2_out[35]           ; cic_interpolator:u_cic_i|i3_out[35]                                                                               ; u_pll|altpll_component|auto_generated|pll1|clk[0] ; u_pll|altpll_component|auto_generated|pll1|clk[0] ; 0.000        ; 0.037      ; 0.390      ;
; 0.269 ; cic_interpolator:u_cic_i|i1_out[35]           ; cic_interpolator:u_cic_i|i2_out[35]                                                                               ; u_pll|altpll_component|auto_generated|pll1|clk[0] ; u_pll|altpll_component|auto_generated|pll1|clk[0] ; 0.000        ; 0.037      ; 0.390      ;
; 0.269 ; hilbert_filter:u_hilbert|audio_i_captured[0]  ; hilbert_filter:u_hilbert|audio_i[0]                                                                               ; u_pll|altpll_component|auto_generated|pll1|clk[0] ; u_pll|altpll_component|auto_generated|pll1|clk[0] ; 0.000        ; 0.036      ; 0.389      ;
; 0.269 ; tx_audio_proc:u_tx_audio_proc|lpf1_state[27]  ; tx_audio_proc:u_tx_audio_proc|lpf1_state[27]                                                                      ; u_pll|altpll_component|auto_generated|pll1|clk[0] ; u_pll|altpll_component|auto_generated|pll1|clk[0] ; 0.000        ; 0.037      ; 0.390      ;
; 0.270 ; cic_interpolator:u_cic_i|c2_out[14]           ; cic_interpolator:u_cic_i|c3_d1[14]                                                                                ; u_pll|altpll_component|auto_generated|pll1|clk[0] ; u_pll|altpll_component|auto_generated|pll1|clk[0] ; 0.000        ; 0.037      ; 0.391      ;
; 0.270 ; cic_interpolator:u_cic_i|c1_out[1]            ; cic_interpolator:u_cic_i|c2_d1[1]                                                                                 ; u_pll|altpll_component|auto_generated|pll1|clk[0] ; u_pll|altpll_component|auto_generated|pll1|clk[0] ; 0.000        ; 0.037      ; 0.391      ;
; 0.270 ; hilbert_filter:u_hilbert|audio_i_captured[3]  ; hilbert_filter:u_hilbert|audio_i[3]                                                                               ; u_pll|altpll_component|auto_generated|pll1|clk[0] ; u_pll|altpll_component|auto_generated|pll1|clk[0] ; 0.000        ; 0.036      ; 0.390      ;
; 0.270 ; tx_audio_proc:u_tx_audio_proc|hp_sample[8]    ; tx_audio_proc:u_tx_audio_proc|hp_prev[8]                                                                          ; u_pll|altpll_component|auto_generated|pll1|clk[0] ; u_pll|altpll_component|auto_generated|pll1|clk[0] ; 0.000        ; 0.037      ; 0.391      ;
; 0.270 ; tx_audio_proc:u_tx_audio_proc|hp_sample[3]    ; tx_audio_proc:u_tx_audio_proc|hp_prev[3]                                                                          ; u_pll|altpll_component|auto_generated|pll1|clk[0] ; u_pll|altpll_component|auto_generated|pll1|clk[0] ; 0.000        ; 0.037      ; 0.391      ;
; 0.270 ; i2s_rx:u_i2s_rx|audio_data[1]                 ; tx_audio_proc:u_tx_audio_proc|x_prev[1]                                                                           ; u_pll|altpll_component|auto_generated|pll1|clk[0] ; u_pll|altpll_component|auto_generated|pll1|clk[0] ; 0.000        ; 0.037      ; 0.391      ;
; 0.271 ; cic_interpolator:u_cic_i|c1_out[12]           ; cic_interpolator:u_cic_i|c2_d1[12]                                                                                ; u_pll|altpll_component|auto_generated|pll1|clk[0] ; u_pll|altpll_component|auto_generated|pll1|clk[0] ; 0.000        ; 0.037      ; 0.392      ;
; 0.271 ; cic_interpolator:u_cic_q|c3_d1[15]            ; cic_interpolator:u_cic_q|c3_out[16]                                                                               ; u_pll|altpll_component|auto_generated|pll1|clk[0] ; u_pll|altpll_component|auto_generated|pll1|clk[0] ; 0.000        ; 0.037      ; 0.392      ;
; 0.271 ; multi_band_modulator:u_band_mod|phase_acc[31] ; multi_band_modulator:u_band_mod|sign_iB_d1                                                                        ; u_pll|altpll_component|auto_generated|pll1|clk[0] ; u_pll|altpll_component|auto_generated|pll1|clk[0] ; 0.000        ; 0.036      ; 0.391      ;
; 0.272 ; cic_interpolator:u_cic_i|i3_out[30]           ; multi_band_modulator:u_band_mod|audio_i_d1[8]                                                                     ; u_pll|altpll_component|auto_generated|pll1|clk[0] ; u_pll|altpll_component|auto_generated|pll1|clk[0] ; 0.000        ; 0.037      ; 0.393      ;
; 0.272 ; cic_interpolator:u_cic_i|c3_d1[15]            ; cic_interpolator:u_cic_i|c3_out[16]                                                                               ; u_pll|altpll_component|auto_generated|pll1|clk[0] ; u_pll|altpll_component|auto_generated|pll1|clk[0] ; 0.000        ; 0.036      ; 0.392      ;
; 0.272 ; cic_interpolator:u_cic_i|c2_out[10]           ; cic_interpolator:u_cic_i|c3_d1[10]                                                                                ; u_pll|altpll_component|auto_generated|pll1|clk[0] ; u_pll|altpll_component|auto_generated|pll1|clk[0] ; 0.000        ; 0.037      ; 0.393      ;
; 0.272 ; cic_interpolator:u_cic_q|c1_d1[13]            ; cic_interpolator:u_cic_q|c1_out[14]                                                                               ; u_pll|altpll_component|auto_generated|pll1|clk[0] ; u_pll|altpll_component|auto_generated|pll1|clk[0] ; 0.000        ; 0.037      ; 0.393      ;
; 0.273 ; cic_interpolator:u_cic_i|c1_out[5]            ; cic_interpolator:u_cic_i|c2_d1[5]                                                                                 ; u_pll|altpll_component|auto_generated|pll1|clk[0] ; u_pll|altpll_component|auto_generated|pll1|clk[0] ; 0.000        ; 0.037      ; 0.394      ;
; 0.273 ; cic_interpolator:u_cic_q|i3_out[28]           ; multi_band_modulator:u_band_mod|audio_q_d1[6]                                                                     ; u_pll|altpll_component|auto_generated|pll1|clk[0] ; u_pll|altpll_component|auto_generated|pll1|clk[0] ; 0.000        ; 0.037      ; 0.394      ;
; 0.273 ; i2s_rx:u_i2s_rx|audio_data[13]                ; tx_audio_proc:u_tx_audio_proc|x_prev[13]                                                                          ; u_pll|altpll_component|auto_generated|pll1|clk[0] ; u_pll|altpll_component|auto_generated|pll1|clk[0] ; 0.000        ; 0.037      ; 0.394      ;
; 0.273 ; i2s_rx:u_i2s_rx|audio_data[6]                 ; tx_audio_proc:u_tx_audio_proc|x_prev[6]                                                                           ; u_pll|altpll_component|auto_generated|pll1|clk[0] ; u_pll|altpll_component|auto_generated|pll1|clk[0] ; 0.000        ; 0.037      ; 0.394      ;
; 0.273 ; hilbert_filter:u_hilbert|tap1[3]              ; hilbert_filter:u_hilbert|tap2[3]                                                                                  ; u_pll|altpll_component|auto_generated|pll1|clk[0] ; u_pll|altpll_component|auto_generated|pll1|clk[0] ; 0.000        ; 0.036      ; 0.393      ;
+-------+-----------------------------------------------+-------------------------------------------------------------------------------------------------------------------+---------------------------------------------------+---------------------------------------------------+--------------+------------+------------+


+--------------------------------------------------------------------------------------------------------------------------------------------------------------------------------------------------------------------------------------------------------------------------------+
; Fast 1200mV 0C Model Minimum Pulse Width: 'u_pll|altpll_component|auto_generated|pll1|clk[0]'                                                                                                                                                                                  ;
+-------+--------------+----------------+-----------------+---------------------------------------------------+------------+-----------------------------------------------------------------------------------------------------------------------------------------------------+
; Slack ; Actual Width ; Required Width ; Type            ; Clock                                             ; Clock Edge ; Target                                                                                                                                              ;
+-------+--------------+----------------+-----------------+---------------------------------------------------+------------+-----------------------------------------------------------------------------------------------------------------------------------------------------+
; 4.734 ; 4.964        ; 0.230          ; Low Pulse Width ; u_pll|altpll_component|auto_generated|pll1|clk[0] ; Rise       ; hilbert_filter:u_hilbert|altsyncram:coef_rom_rtl_0|altsyncram_ff91:auto_generated|ram_block1a0~porta_address_reg0                                   ;
; 4.734 ; 4.964        ; 0.230          ; Low Pulse Width ; u_pll|altpll_component|auto_generated|pll1|clk[0] ; Rise       ; hilbert_filter:u_hilbert|altsyncram:history_rtl_0|altsyncram_1si1:auto_generated|ram_block1a0~porta_address_reg0                                    ;
; 4.734 ; 4.964        ; 0.230          ; Low Pulse Width ; u_pll|altpll_component|auto_generated|pll1|clk[0] ; Rise       ; hilbert_filter:u_hilbert|altsyncram:history_rtl_0|altsyncram_1si1:auto_generated|ram_block1a0~porta_we_reg                                          ;
; 4.734 ; 4.964        ; 0.230          ; Low Pulse Width ; u_pll|altpll_component|auto_generated|pll1|clk[0] ; Rise       ; multi_band_modulator:u_band_mod|sine_rom:rom_inst_iA|altsyncram:altsyncram_component|altsyncram_4jc1:auto_generated|ram_block1a0~porta_address_reg0 ;
; 4.734 ; 4.964        ; 0.230          ; Low Pulse Width ; u_pll|altpll_component|auto_generated|pll1|clk[0] ; Rise       ; multi_band_modulator:u_band_mod|sine_rom:rom_inst_iA|altsyncram:altsyncram_component|altsyncram_4jc1:auto_generated|ram_block1a9~porta_address_reg0 ;
; 4.734 ; 4.964        ; 0.230          ; Low Pulse Width ; u_pll|altpll_component|auto_generated|pll1|clk[0] ; Rise       ; multi_band_modulator:u_band_mod|sine_rom:rom_inst_iB|altsyncram:altsyncram_component|altsyncram_4jc1:auto_generated|ram_block1a0~porta_address_reg0 ;
; 4.734 ; 4.964        ; 0.230          ; Low Pulse Width ; u_pll|altpll_component|auto_generated|pll1|clk[0] ; Rise       ; multi_band_modulator:u_band_mod|sine_rom:rom_inst_iB|altsyncram:altsyncram_component|altsyncram_4jc1:auto_generated|ram_block1a9~porta_address_reg0 ;
; 4.734 ; 4.964        ; 0.230          ; Low Pulse Width ; u_pll|altpll_component|auto_generated|pll1|clk[0] ; Rise       ; multi_band_modulator:u_band_mod|sine_rom:rom_inst_qA|altsyncram:altsyncram_component|altsyncram_4jc1:auto_generated|ram_block1a0~porta_address_reg0 ;
; 4.734 ; 4.964        ; 0.230          ; Low Pulse Width ; u_pll|altpll_component|auto_generated|pll1|clk[0] ; Rise       ; multi_band_modulator:u_band_mod|sine_rom:rom_inst_qA|altsyncram:altsyncram_component|altsyncram_4jc1:auto_generated|ram_block1a9~porta_address_reg0 ;
; 4.734 ; 4.964        ; 0.230          ; Low Pulse Width ; u_pll|altpll_component|auto_generated|pll1|clk[0] ; Rise       ; multi_band_modulator:u_band_mod|sine_rom:rom_inst_qB|altsyncram:altsyncram_component|altsyncram_4jc1:auto_generated|ram_block1a0~porta_address_reg0 ;
; 4.735 ; 4.965        ; 0.230          ; Low Pulse Width ; u_pll|altpll_component|auto_generated|pll1|clk[0] ; Rise       ; hilbert_filter:u_hilbert|altsyncram:history_rtl_0|altsyncram_1si1:auto_generated|ram_block1a0~portb_address_reg0                                    ;
; 4.735 ; 4.965        ; 0.230          ; Low Pulse Width ; u_pll|altpll_component|auto_generated|pll1|clk[0] ; Rise       ; multi_band_modulator:u_band_mod|sine_rom:rom_inst_qB|altsyncram:altsyncram_component|altsyncram_4jc1:auto_generated|ram_block1a9~porta_address_reg0 ;
; 4.736 ; 4.966        ; 0.230          ; Low Pulse Width ; u_pll|altpll_component|auto_generated|pll1|clk[0] ; Rise       ; hilbert_filter:u_hilbert|altsyncram:history_rtl_0|altsyncram_1si1:auto_generated|ram_block1a0~porta_datain_reg0                                     ;
; 4.770 ; 4.954        ; 0.184          ; Low Pulse Width ; u_pll|altpll_component|auto_generated|pll1|clk[0] ; Rise       ; tx_audio_proc:u_tx_audio_proc|sample_out[0]                                                                                                         ;
; 4.770 ; 4.954        ; 0.184          ; Low Pulse Width ; u_pll|altpll_component|auto_generated|pll1|clk[0] ; Rise       ; tx_audio_proc:u_tx_audio_proc|sample_out[10]                                                                                                        ;
; 4.770 ; 4.954        ; 0.184          ; Low Pulse Width ; u_pll|altpll_component|auto_generated|pll1|clk[0] ; Rise       ; tx_audio_proc:u_tx_audio_proc|sample_out[11]                                                                                                        ;
; 4.770 ; 4.954        ; 0.184          ; Low Pulse Width ; u_pll|altpll_component|auto_generated|pll1|clk[0] ; Rise       ; tx_audio_proc:u_tx_audio_proc|sample_out[12]                                                                                                        ;
; 4.770 ; 4.954        ; 0.184          ; Low Pulse Width ; u_pll|altpll_component|auto_generated|pll1|clk[0] ; Rise       ; tx_audio_proc:u_tx_audio_proc|sample_out[1]                                                                                                         ;
; 4.770 ; 4.954        ; 0.184          ; Low Pulse Width ; u_pll|altpll_component|auto_generated|pll1|clk[0] ; Rise       ; tx_audio_proc:u_tx_audio_proc|sample_out[2]                                                                                                         ;
; 4.770 ; 4.954        ; 0.184          ; Low Pulse Width ; u_pll|altpll_component|auto_generated|pll1|clk[0] ; Rise       ; tx_audio_proc:u_tx_audio_proc|sample_out[4]                                                                                                         ;
; 4.770 ; 4.954        ; 0.184          ; Low Pulse Width ; u_pll|altpll_component|auto_generated|pll1|clk[0] ; Rise       ; tx_audio_proc:u_tx_audio_proc|sample_out[5]                                                                                                         ;
; 4.770 ; 4.954        ; 0.184          ; Low Pulse Width ; u_pll|altpll_component|auto_generated|pll1|clk[0] ; Rise       ; tx_audio_proc:u_tx_audio_proc|sample_out[6]                                                                                                         ;
; 4.770 ; 4.954        ; 0.184          ; Low Pulse Width ; u_pll|altpll_component|auto_generated|pll1|clk[0] ; Rise       ; tx_audio_proc:u_tx_audio_proc|sample_out[7]                                                                                                         ;
; 4.770 ; 4.954        ; 0.184          ; Low Pulse Width ; u_pll|altpll_component|auto_generated|pll1|clk[0] ; Rise       ; tx_audio_proc:u_tx_audio_proc|sample_out[8]                                                                                                         ;
; 4.770 ; 4.954        ; 0.184          ; Low Pulse Width ; u_pll|altpll_component|auto_generated|pll1|clk[0] ; Rise       ; tx_audio_proc:u_tx_audio_proc|sample_out[9]                                                                                                         ;
; 4.772 ; 4.956        ; 0.184          ; Low Pulse Width ; u_pll|altpll_component|auto_generated|pll1|clk[0] ; Rise       ; tx_audio_proc:u_tx_audio_proc|sample_out[13]                                                                                                        ;
; 4.772 ; 4.956        ; 0.184          ; Low Pulse Width ; u_pll|altpll_component|auto_generated|pll1|clk[0] ; Rise       ; tx_audio_proc:u_tx_audio_proc|sample_out[3]                                                                                                         ;
; 4.780 ; 4.964        ; 0.184          ; Low Pulse Width ; u_pll|altpll_component|auto_generated|pll1|clk[0] ; Rise       ; tx_audio_proc:u_tx_audio_proc|hang_cnt[0]                                                                                                           ;
; 4.780 ; 4.964        ; 0.184          ; Low Pulse Width ; u_pll|altpll_component|auto_generated|pll1|clk[0] ; Rise       ; tx_audio_proc:u_tx_audio_proc|hang_cnt[10]                                                                                                          ;
; 4.780 ; 4.964        ; 0.184          ; Low Pulse Width ; u_pll|altpll_component|auto_generated|pll1|clk[0] ; Rise       ; tx_audio_proc:u_tx_audio_proc|hang_cnt[11]                                                                                                          ;
; 4.780 ; 4.964        ; 0.184          ; Low Pulse Width ; u_pll|altpll_component|auto_generated|pll1|clk[0] ; Rise       ; tx_audio_proc:u_tx_audio_proc|hang_cnt[12]                                                                                                          ;
; 4.780 ; 4.964        ; 0.184          ; Low Pulse Width ; u_pll|altpll_component|auto_generated|pll1|clk[0] ; Rise       ; tx_audio_proc:u_tx_audio_proc|hang_cnt[13]                                                                                                          ;
; 4.780 ; 4.964        ; 0.184          ; Low Pulse Width ; u_pll|altpll_component|auto_generated|pll1|clk[0] ; Rise       ; tx_audio_proc:u_tx_audio_proc|hang_cnt[14]                                                                                                          ;
; 4.780 ; 4.964        ; 0.184          ; Low Pulse Width ; u_pll|altpll_component|auto_generated|pll1|clk[0] ; Rise       ; tx_audio_proc:u_tx_audio_proc|hang_cnt[15]                                                                                                          ;
; 4.780 ; 4.964        ; 0.184          ; Low Pulse Width ; u_pll|altpll_component|auto_generated|pll1|clk[0] ; Rise       ; tx_audio_proc:u_tx_audio_proc|hang_cnt[1]                                                                                                           ;
; 4.780 ; 4.964        ; 0.184          ; Low Pulse Width ; u_pll|altpll_component|auto_generated|pll1|clk[0] ; Rise       ; tx_audio_proc:u_tx_audio_proc|hang_cnt[2]                                                                                                           ;
; 4.780 ; 4.964        ; 0.184          ; Low Pulse Width ; u_pll|altpll_component|auto_generated|pll1|clk[0] ; Rise       ; tx_audio_proc:u_tx_audio_proc|hang_cnt[3]                                                                                                           ;
; 4.780 ; 4.964        ; 0.184          ; Low Pulse Width ; u_pll|altpll_component|auto_generated|pll1|clk[0] ; Rise       ; tx_audio_proc:u_tx_audio_proc|hang_cnt[4]                                                                                                           ;
; 4.780 ; 4.964        ; 0.184          ; Low Pulse Width ; u_pll|altpll_component|auto_generated|pll1|clk[0] ; Rise       ; tx_audio_proc:u_tx_audio_proc|hang_cnt[5]                                                                                                           ;
; 4.780 ; 4.964        ; 0.184          ; Low Pulse Width ; u_pll|altpll_component|auto_generated|pll1|clk[0] ; Rise       ; tx_audio_proc:u_tx_audio_proc|hang_cnt[6]                                                                                                           ;
; 4.780 ; 4.964        ; 0.184          ; Low Pulse Width ; u_pll|altpll_component|auto_generated|pll1|clk[0] ; Rise       ; tx_audio_proc:u_tx_audio_proc|hang_cnt[7]                                                                                                           ;
; 4.780 ; 4.964        ; 0.184          ; Low Pulse Width ; u_pll|altpll_component|auto_generated|pll1|clk[0] ; Rise       ; tx_audio_proc:u_tx_audio_proc|hang_cnt[8]                                                                                                           ;
; 4.780 ; 4.964        ; 0.184          ; Low Pulse Width ; u_pll|altpll_component|auto_generated|pll1|clk[0] ; Rise       ; tx_audio_proc:u_tx_audio_proc|hang_cnt[9]                                                                                                           ;
; 4.782 ; 4.961        ; 0.179          ; Low Pulse Width ; u_pll|altpll_component|auto_generated|pll1|clk[0] ; Rise       ; multi_band_modulator:u_band_mod|audio_q_d2[0]                                                                                                       ;
; 4.782 ; 4.961        ; 0.179          ; Low Pulse Width ; u_pll|altpll_component|auto_generated|pll1|clk[0] ; Rise       ; multi_band_modulator:u_band_mod|audio_q_d2[10]                                                                                                      ;
; 4.782 ; 4.961        ; 0.179          ; Low Pulse Width ; u_pll|altpll_component|auto_generated|pll1|clk[0] ; Rise       ; multi_band_modulator:u_band_mod|audio_q_d2[11]                                                                                                      ;
; 4.782 ; 4.961        ; 0.179          ; Low Pulse Width ; u_pll|altpll_component|auto_generated|pll1|clk[0] ; Rise       ; multi_band_modulator:u_band_mod|audio_q_d2[12]                                                                                                      ;
; 4.782 ; 4.961        ; 0.179          ; Low Pulse Width ; u_pll|altpll_component|auto_generated|pll1|clk[0] ; Rise       ; multi_band_modulator:u_band_mod|audio_q_d2[13]                                                                                                      ;
; 4.782 ; 4.961        ; 0.179          ; Low Pulse Width ; u_pll|altpll_component|auto_generated|pll1|clk[0] ; Rise       ; multi_band_modulator:u_band_mod|audio_q_d2[1]                                                                                                       ;
; 4.782 ; 4.961        ; 0.179          ; Low Pulse Width ; u_pll|altpll_component|auto_generated|pll1|clk[0] ; Rise       ; multi_band_modulator:u_band_mod|audio_q_d2[2]                                                                                                       ;
; 4.782 ; 4.961        ; 0.179          ; Low Pulse Width ; u_pll|altpll_component|auto_generated|pll1|clk[0] ; Rise       ; multi_band_modulator:u_band_mod|audio_q_d2[3]                                                                                                       ;
; 4.782 ; 4.961        ; 0.179          ; Low Pulse Width ; u_pll|altpll_component|auto_generated|pll1|clk[0] ; Rise       ; multi_band_modulator:u_band_mod|audio_q_d2[4]                                                                                                       ;
; 4.782 ; 4.961        ; 0.179          ; Low Pulse Width ; u_pll|altpll_component|auto_generated|pll1|clk[0] ; Rise       ; multi_band_modulator:u_band_mod|audio_q_d2[5]                                                                                                       ;
; 4.782 ; 4.961        ; 0.179          ; Low Pulse Width ; u_pll|altpll_component|auto_generated|pll1|clk[0] ; Rise       ; multi_band_modulator:u_band_mod|audio_q_d2[6]                                                                                                       ;
; 4.782 ; 4.961        ; 0.179          ; Low Pulse Width ; u_pll|altpll_component|auto_generated|pll1|clk[0] ; Rise       ; multi_band_modulator:u_band_mod|audio_q_d2[7]                                                                                                       ;
; 4.782 ; 4.961        ; 0.179          ; Low Pulse Width ; u_pll|altpll_component|auto_generated|pll1|clk[0] ; Rise       ; multi_band_modulator:u_band_mod|audio_q_d2[8]                                                                                                       ;
; 4.782 ; 4.961        ; 0.179          ; Low Pulse Width ; u_pll|altpll_component|auto_generated|pll1|clk[0] ; Rise       ; multi_band_modulator:u_band_mod|audio_q_d2[9]                                                                                                       ;
; 4.782 ; 4.961        ; 0.179          ; Low Pulse Width ; u_pll|altpll_component|auto_generated|pll1|clk[0] ; Rise       ; multi_band_modulator:u_band_mod|car_q_B[0]                                                                                                          ;
; 4.782 ; 4.961        ; 0.179          ; Low Pulse Width ; u_pll|altpll_component|auto_generated|pll1|clk[0] ; Rise       ; multi_band_modulator:u_band_mod|car_q_B[10]                                                                                                         ;
; 4.782 ; 4.961        ; 0.179          ; Low Pulse Width ; u_pll|altpll_component|auto_generated|pll1|clk[0] ; Rise       ; multi_band_modulator:u_band_mod|car_q_B[11]                                                                                                         ;
; 4.782 ; 4.961        ; 0.179          ; Low Pulse Width ; u_pll|altpll_component|auto_generated|pll1|clk[0] ; Rise       ; multi_band_modulator:u_band_mod|car_q_B[12]                                                                                                         ;
; 4.782 ; 4.961        ; 0.179          ; Low Pulse Width ; u_pll|altpll_component|auto_generated|pll1|clk[0] ; Rise       ; multi_band_modulator:u_band_mod|car_q_B[13]                                                                                                         ;
; 4.782 ; 4.961        ; 0.179          ; Low Pulse Width ; u_pll|altpll_component|auto_generated|pll1|clk[0] ; Rise       ; multi_band_modulator:u_band_mod|car_q_B[1]                                                                                                          ;
; 4.782 ; 4.961        ; 0.179          ; Low Pulse Width ; u_pll|altpll_component|auto_generated|pll1|clk[0] ; Rise       ; multi_band_modulator:u_band_mod|car_q_B[2]                                                                                                          ;
; 4.782 ; 4.961        ; 0.179          ; Low Pulse Width ; u_pll|altpll_component|auto_generated|pll1|clk[0] ; Rise       ; multi_band_modulator:u_band_mod|car_q_B[3]                                                                                                          ;
; 4.782 ; 4.961        ; 0.179          ; Low Pulse Width ; u_pll|altpll_component|auto_generated|pll1|clk[0] ; Rise       ; multi_band_modulator:u_band_mod|car_q_B[4]                                                                                                          ;
; 4.782 ; 4.961        ; 0.179          ; Low Pulse Width ; u_pll|altpll_component|auto_generated|pll1|clk[0] ; Rise       ; multi_band_modulator:u_band_mod|car_q_B[5]                                                                                                          ;
; 4.782 ; 4.961        ; 0.179          ; Low Pulse Width ; u_pll|altpll_component|auto_generated|pll1|clk[0] ; Rise       ; multi_band_modulator:u_band_mod|car_q_B[6]                                                                                                          ;
; 4.782 ; 4.961        ; 0.179          ; Low Pulse Width ; u_pll|altpll_component|auto_generated|pll1|clk[0] ; Rise       ; multi_band_modulator:u_band_mod|car_q_B[7]                                                                                                          ;
; 4.782 ; 4.961        ; 0.179          ; Low Pulse Width ; u_pll|altpll_component|auto_generated|pll1|clk[0] ; Rise       ; multi_band_modulator:u_band_mod|car_q_B[8]                                                                                                          ;
; 4.782 ; 4.961        ; 0.179          ; Low Pulse Width ; u_pll|altpll_component|auto_generated|pll1|clk[0] ; Rise       ; multi_band_modulator:u_band_mod|car_q_B[9]                                                                                                          ;
; 4.782 ; 4.961        ; 0.179          ; Low Pulse Width ; u_pll|altpll_component|auto_generated|pll1|clk[0] ; Rise       ; multi_band_modulator:u_band_mod|mix_qq_B[0]                                                                                                         ;
; 4.782 ; 4.961        ; 0.179          ; Low Pulse Width ; u_pll|altpll_component|auto_generated|pll1|clk[0] ; Rise       ; multi_band_modulator:u_band_mod|mix_qq_B[10]                                                                                                        ;
; 4.782 ; 4.961        ; 0.179          ; Low Pulse Width ; u_pll|altpll_component|auto_generated|pll1|clk[0] ; Rise       ; multi_band_modulator:u_band_mod|mix_qq_B[11]                                                                                                        ;
; 4.782 ; 4.961        ; 0.179          ; Low Pulse Width ; u_pll|altpll_component|auto_generated|pll1|clk[0] ; Rise       ; multi_band_modulator:u_band_mod|mix_qq_B[12]                                                                                                        ;
; 4.782 ; 4.961        ; 0.179          ; Low Pulse Width ; u_pll|altpll_component|auto_generated|pll1|clk[0] ; Rise       ; multi_band_modulator:u_band_mod|mix_qq_B[13]                                                                                                        ;
; 4.782 ; 4.961        ; 0.179          ; Low Pulse Width ; u_pll|altpll_component|auto_generated|pll1|clk[0] ; Rise       ; multi_band_modulator:u_band_mod|mix_qq_B[14]                                                                                                        ;
; 4.782 ; 4.961        ; 0.179          ; Low Pulse Width ; u_pll|altpll_component|auto_generated|pll1|clk[0] ; Rise       ; multi_band_modulator:u_band_mod|mix_qq_B[15]                                                                                                        ;
; 4.782 ; 4.961        ; 0.179          ; Low Pulse Width ; u_pll|altpll_component|auto_generated|pll1|clk[0] ; Rise       ; multi_band_modulator:u_band_mod|mix_qq_B[16]                                                                                                        ;
; 4.782 ; 4.961        ; 0.179          ; Low Pulse Width ; u_pll|altpll_component|auto_generated|pll1|clk[0] ; Rise       ; multi_band_modulator:u_band_mod|mix_qq_B[17]                                                                                                        ;
; 4.782 ; 4.961        ; 0.179          ; Low Pulse Width ; u_pll|altpll_component|auto_generated|pll1|clk[0] ; Rise       ; multi_band_modulator:u_band_mod|mix_qq_B[18]                                                                                                        ;
; 4.782 ; 4.961        ; 0.179          ; Low Pulse Width ; u_pll|altpll_component|auto_generated|pll1|clk[0] ; Rise       ; multi_band_modulator:u_band_mod|mix_qq_B[19]                                                                                                        ;
; 4.782 ; 4.961        ; 0.179          ; Low Pulse Width ; u_pll|altpll_component|auto_generated|pll1|clk[0] ; Rise       ; multi_band_modulator:u_band_mod|mix_qq_B[1]                                                                                                         ;
; 4.782 ; 4.961        ; 0.179          ; Low Pulse Width ; u_pll|altpll_component|auto_generated|pll1|clk[0] ; Rise       ; multi_band_modulator:u_band_mod|mix_qq_B[20]                                                                                                        ;
; 4.782 ; 4.961        ; 0.179          ; Low Pulse Width ; u_pll|altpll_component|auto_generated|pll1|clk[0] ; Rise       ; multi_band_modulator:u_band_mod|mix_qq_B[21]                                                                                                        ;
; 4.782 ; 4.961        ; 0.179          ; Low Pulse Width ; u_pll|altpll_component|auto_generated|pll1|clk[0] ; Rise       ; multi_band_modulator:u_band_mod|mix_qq_B[22]                                                                                                        ;
; 4.782 ; 4.961        ; 0.179          ; Low Pulse Width ; u_pll|altpll_component|auto_generated|pll1|clk[0] ; Rise       ; multi_band_modulator:u_band_mod|mix_qq_B[23]                                                                                                        ;
; 4.782 ; 4.961        ; 0.179          ; Low Pulse Width ; u_pll|altpll_component|auto_generated|pll1|clk[0] ; Rise       ; multi_band_modulator:u_band_mod|mix_qq_B[24]                                                                                                        ;
; 4.782 ; 4.961        ; 0.179          ; Low Pulse Width ; u_pll|altpll_component|auto_generated|pll1|clk[0] ; Rise       ; multi_band_modulator:u_band_mod|mix_qq_B[25]                                                                                                        ;
; 4.782 ; 4.961        ; 0.179          ; Low Pulse Width ; u_pll|altpll_component|auto_generated|pll1|clk[0] ; Rise       ; multi_band_modulator:u_band_mod|mix_qq_B[26]                                                                                                        ;
; 4.782 ; 4.961        ; 0.179          ; Low Pulse Width ; u_pll|altpll_component|auto_generated|pll1|clk[0] ; Rise       ; multi_band_modulator:u_band_mod|mix_qq_B[27]                                                                                                        ;
; 4.782 ; 4.961        ; 0.179          ; Low Pulse Width ; u_pll|altpll_component|auto_generated|pll1|clk[0] ; Rise       ; multi_band_modulator:u_band_mod|mix_qq_B[2]                                                                                                         ;
; 4.782 ; 4.961        ; 0.179          ; Low Pulse Width ; u_pll|altpll_component|auto_generated|pll1|clk[0] ; Rise       ; multi_band_modulator:u_band_mod|mix_qq_B[3]                                                                                                         ;
; 4.782 ; 4.961        ; 0.179          ; Low Pulse Width ; u_pll|altpll_component|auto_generated|pll1|clk[0] ; Rise       ; multi_band_modulator:u_band_mod|mix_qq_B[4]                                                                                                         ;
; 4.782 ; 4.961        ; 0.179          ; Low Pulse Width ; u_pll|altpll_component|auto_generated|pll1|clk[0] ; Rise       ; multi_band_modulator:u_band_mod|mix_qq_B[5]                                                                                                         ;
; 4.782 ; 4.961        ; 0.179          ; Low Pulse Width ; u_pll|altpll_component|auto_generated|pll1|clk[0] ; Rise       ; multi_band_modulator:u_band_mod|mix_qq_B[6]                                                                                                         ;
; 4.782 ; 4.961        ; 0.179          ; Low Pulse Width ; u_pll|altpll_component|auto_generated|pll1|clk[0] ; Rise       ; multi_band_modulator:u_band_mod|mix_qq_B[7]                                                                                                         ;
; 4.782 ; 4.961        ; 0.179          ; Low Pulse Width ; u_pll|altpll_component|auto_generated|pll1|clk[0] ; Rise       ; multi_band_modulator:u_band_mod|mix_qq_B[8]                                                                                                         ;
; 4.782 ; 4.961        ; 0.179          ; Low Pulse Width ; u_pll|altpll_component|auto_generated|pll1|clk[0] ; Rise       ; multi_band_modulator:u_band_mod|mix_qq_B[9]                                                                                                         ;
; 4.783 ; 4.962        ; 0.179          ; Low Pulse Width ; u_pll|altpll_component|auto_generated|pll1|clk[0] ; Rise       ; hilbert_filter:u_hilbert|mult2[0]                                                                                                                   ;
+-------+--------------+----------------+-----------------+---------------------------------------------------+------------+-----------------------------------------------------------------------------------------------------------------------------------------------------+


+------------------------------------------------------------------------------------------------------------------------------------------------+
; Fast 1200mV 0C Model Minimum Pulse Width: 'clk_50m'                                                                                            ;
+--------+--------------+----------------+------------------+---------+------------+-------------------------------------------------------------+
; Slack  ; Actual Width ; Required Width ; Type             ; Clock   ; Clock Edge ; Target                                                      ;
+--------+--------------+----------------+------------------+---------+------------+-------------------------------------------------------------+
; 9.423  ; 9.423        ; 0.000          ; Low Pulse Width  ; clk_50m ; Rise       ; u_pll|altpll_component|auto_generated|pll1|clk[0]           ;
; 9.423  ; 9.423        ; 0.000          ; Low Pulse Width  ; clk_50m ; Rise       ; u_pll|altpll_component|auto_generated|pll1|clk[1]           ;
; 9.423  ; 9.423        ; 0.000          ; Low Pulse Width  ; clk_50m ; Rise       ; u_pll|altpll_component|auto_generated|pll1|observablevcoout ;
; 9.448  ; 9.448        ; 0.000          ; Low Pulse Width  ; clk_50m ; Rise       ; clk_50m~input|o                                             ;
; 9.450  ; 9.450        ; 0.000          ; Low Pulse Width  ; clk_50m ; Rise       ; u_pll|altpll_component|auto_generated|pll1|inclk[0]         ;
; 10.000 ; 10.000       ; 0.000          ; High Pulse Width ; clk_50m ; Rise       ; clk_50m~input|i                                             ;
; 10.000 ; 10.000       ; 0.000          ; Low Pulse Width  ; clk_50m ; Rise       ; clk_50m~input|i                                             ;
; 10.549 ; 10.549       ; 0.000          ; High Pulse Width ; clk_50m ; Rise       ; u_pll|altpll_component|auto_generated|pll1|inclk[0]         ;
; 10.552 ; 10.552       ; 0.000          ; High Pulse Width ; clk_50m ; Rise       ; clk_50m~input|o                                             ;
; 10.576 ; 10.576       ; 0.000          ; High Pulse Width ; clk_50m ; Rise       ; u_pll|altpll_component|auto_generated|pll1|clk[0]           ;
; 10.576 ; 10.576       ; 0.000          ; High Pulse Width ; clk_50m ; Rise       ; u_pll|altpll_component|auto_generated|pll1|clk[1]           ;
; 10.576 ; 10.576       ; 0.000          ; High Pulse Width ; clk_50m ; Rise       ; u_pll|altpll_component|auto_generated|pll1|observablevcoout ;
; 16.000 ; 20.000       ; 4.000          ; Port Rate        ; clk_50m ; Rise       ; clk_50m                                                     ;
+--------+--------------+----------------+------------------+---------+------------+-------------------------------------------------------------+


+---------------------------------------------------------------------------------------------------------+
; Setup Times                                                                                             ;
+-----------+------------+-------+-------+------------+---------------------------------------------------+
; Data Port ; Clock Port ; Rise  ; Fall  ; Clock Edge ; Clock Reference                                   ;
+-----------+------------+-------+-------+------------+---------------------------------------------------+
; key[*]    ; clk_50m    ; 2.453 ; 3.204 ; Rise       ; u_pll|altpll_component|auto_generated|pll1|clk[0] ;
;  key[0]   ; clk_50m    ; 0.970 ; 1.484 ; Rise       ; u_pll|altpll_component|auto_generated|pll1|clk[0] ;
;  key[1]   ; clk_50m    ; 1.004 ; 1.520 ; Rise       ; u_pll|altpll_component|auto_generated|pll1|clk[0] ;
;  key[2]   ; clk_50m    ; 2.453 ; 3.200 ; Rise       ; u_pll|altpll_component|auto_generated|pll1|clk[0] ;
;  key[3]   ; clk_50m    ; 2.430 ; 3.204 ; Rise       ; u_pll|altpll_component|auto_generated|pll1|clk[0] ;
; mic_sd    ; clk_50m    ; 2.353 ; 3.087 ; Rise       ; u_pll|altpll_component|auto_generated|pll1|clk[0] ;
+-----------+------------+-------+-------+------------+---------------------------------------------------+


+-----------------------------------------------------------------------------------------------------------+
; Hold Times                                                                                                ;
+-----------+------------+--------+--------+------------+---------------------------------------------------+
; Data Port ; Clock Port ; Rise   ; Fall   ; Clock Edge ; Clock Reference                                   ;
+-----------+------------+--------+--------+------------+---------------------------------------------------+
; key[*]    ; clk_50m    ; -0.656 ; -1.178 ; Rise       ; u_pll|altpll_component|auto_generated|pll1|clk[0] ;
;  key[0]   ; clk_50m    ; -0.656 ; -1.178 ; Rise       ; u_pll|altpll_component|auto_generated|pll1|clk[0] ;
;  key[1]   ; clk_50m    ; -0.688 ; -1.213 ; Rise       ; u_pll|altpll_component|auto_generated|pll1|clk[0] ;
;  key[2]   ; clk_50m    ; -2.071 ; -2.820 ; Rise       ; u_pll|altpll_component|auto_generated|pll1|clk[0] ;
;  key[3]   ; clk_50m    ; -2.051 ; -2.825 ; Rise       ; u_pll|altpll_component|auto_generated|pll1|clk[0] ;
; mic_sd    ; clk_50m    ; -1.991 ; -2.718 ; Rise       ; u_pll|altpll_component|auto_generated|pll1|clk[0] ;
+-----------+------------+--------+--------+------------+---------------------------------------------------+


+-------------------------------------------------------------------------------------------------------------+
; Clock to Output Times                                                                                       ;
+---------------+------------+-------+-------+------------+---------------------------------------------------+
; Data Port     ; Clock Port ; Rise  ; Fall  ; Clock Edge ; Clock Reference                                   ;
+---------------+------------+-------+-------+------------+---------------------------------------------------+
; dac_data[*]   ; clk_50m    ; 3.142 ; 2.869 ; Rise       ; u_pll|altpll_component|auto_generated|pll1|clk[0] ;
;  dac_data[0]  ; clk_50m    ; 1.611 ; 1.577 ; Rise       ; u_pll|altpll_component|auto_generated|pll1|clk[0] ;
;  dac_data[1]  ; clk_50m    ; 1.595 ; 1.561 ; Rise       ; u_pll|altpll_component|auto_generated|pll1|clk[0] ;
;  dac_data[2]  ; clk_50m    ; 1.602 ; 1.568 ; Rise       ; u_pll|altpll_component|auto_generated|pll1|clk[0] ;
;  dac_data[3]  ; clk_50m    ; 3.142 ; 2.869 ; Rise       ; u_pll|altpll_component|auto_generated|pll1|clk[0] ;
;  dac_data[4]  ; clk_50m    ; 1.626 ; 1.592 ; Rise       ; u_pll|altpll_component|auto_generated|pll1|clk[0] ;
;  dac_data[5]  ; clk_50m    ; 1.598 ; 1.564 ; Rise       ; u_pll|altpll_component|auto_generated|pll1|clk[0] ;
;  dac_data[6]  ; clk_50m    ; 1.628 ; 1.594 ; Rise       ; u_pll|altpll_component|auto_generated|pll1|clk[0] ;
;  dac_data[7]  ; clk_50m    ; 1.638 ; 1.604 ; Rise       ; u_pll|altpll_component|auto_generated|pll1|clk[0] ;
;  dac_data[8]  ; clk_50m    ; 1.627 ; 1.593 ; Rise       ; u_pll|altpll_component|auto_generated|pll1|clk[0] ;
;  dac_data[9]  ; clk_50m    ; 1.617 ; 1.583 ; Rise       ; u_pll|altpll_component|auto_generated|pll1|clk[0] ;
;  dac_data[10] ; clk_50m    ; 1.616 ; 1.582 ; Rise       ; u_pll|altpll_component|auto_generated|pll1|clk[0] ;
;  dac_data[11] ; clk_50m    ; 1.616 ; 1.582 ; Rise       ; u_pll|altpll_component|auto_generated|pll1|clk[0] ;
;  dac_data[12] ; clk_50m    ; 1.601 ; 1.567 ; Rise       ; u_pll|altpll_component|auto_generated|pll1|clk[0] ;
;  dac_data[13] ; clk_50m    ; 1.611 ; 1.577 ; Rise       ; u_pll|altpll_component|auto_generated|pll1|clk[0] ;
; led[*]        ; clk_50m    ; 3.604 ; 3.418 ; Rise       ; u_pll|altpll_component|auto_generated|pll1|clk[0] ;
;  led[0]       ; clk_50m    ; 3.604 ; 3.418 ; Rise       ; u_pll|altpll_component|auto_generated|pll1|clk[0] ;
;  led[1]       ; clk_50m    ; 2.984 ; 3.096 ; Rise       ; u_pll|altpll_component|auto_generated|pll1|clk[0] ;
;  led[2]       ; clk_50m    ; 3.135 ; 3.125 ; Rise       ; u_pll|altpll_component|auto_generated|pll1|clk[0] ;
;  led[3]       ; clk_50m    ; 3.173 ; 3.049 ; Rise       ; u_pll|altpll_component|auto_generated|pll1|clk[0] ;
; mic_sck       ; clk_50m    ; 2.155 ; 2.158 ; Rise       ; u_pll|altpll_component|auto_generated|pll1|clk[0] ;
; mic_ws        ; clk_50m    ; 2.429 ; 2.462 ; Rise       ; u_pll|altpll_component|auto_generated|pll1|clk[0] ;
; dac_data[*]   ; clk_50m    ; 3.159 ; 2.886 ; Fall       ; u_pll|altpll_component|auto_generated|pll1|clk[0] ;
;  dac_data[0]  ; clk_50m    ; 1.629 ; 1.595 ; Fall       ; u_pll|altpll_component|auto_generated|pll1|clk[0] ;
;  dac_data[1]  ; clk_50m    ; 1.612 ; 1.578 ; Fall       ; u_pll|altpll_component|auto_generated|pll1|clk[0] ;
;  dac_data[2]  ; clk_50m    ; 1.619 ; 1.585 ; Fall       ; u_pll|altpll_component|auto_generated|pll1|clk[0] ;
;  dac_data[3]  ; clk_50m    ; 3.159 ; 2.886 ; Fall       ; u_pll|altpll_component|auto_generated|pll1|clk[0] ;
;  dac_data[4]  ; clk_50m    ; 1.643 ; 1.609 ; Fall       ; u_pll|altpll_component|auto_generated|pll1|clk[0] ;
;  dac_data[5]  ; clk_50m    ; 1.615 ; 1.581 ; Fall       ; u_pll|altpll_component|auto_generated|pll1|clk[0] ;
;  dac_data[6]  ; clk_50m    ; 1.645 ; 1.611 ; Fall       ; u_pll|altpll_component|auto_generated|pll1|clk[0] ;
;  dac_data[7]  ; clk_50m    ; 1.655 ; 1.621 ; Fall       ; u_pll|altpll_component|auto_generated|pll1|clk[0] ;
;  dac_data[8]  ; clk_50m    ; 1.644 ; 1.610 ; Fall       ; u_pll|altpll_component|auto_generated|pll1|clk[0] ;
;  dac_data[9]  ; clk_50m    ; 1.634 ; 1.600 ; Fall       ; u_pll|altpll_component|auto_generated|pll1|clk[0] ;
;  dac_data[10] ; clk_50m    ; 1.634 ; 1.600 ; Fall       ; u_pll|altpll_component|auto_generated|pll1|clk[0] ;
;  dac_data[11] ; clk_50m    ; 1.634 ; 1.600 ; Fall       ; u_pll|altpll_component|auto_generated|pll1|clk[0] ;
;  dac_data[12] ; clk_50m    ; 1.618 ; 1.584 ; Fall       ; u_pll|altpll_component|auto_generated|pll1|clk[0] ;
;  dac_data[13] ; clk_50m    ; 1.628 ; 1.594 ; Fall       ; u_pll|altpll_component|auto_generated|pll1|clk[0] ;
; dac_clk       ; clk_50m    ; 3.938 ;       ; Rise       ; u_pll|altpll_component|auto_generated|pll1|clk[1] ;
; dac_clk       ; clk_50m    ;       ; 3.927 ; Fall       ; u_pll|altpll_component|auto_generated|pll1|clk[1] ;
+---------------+------------+-------+-------+------------+---------------------------------------------------+


+-------------------------------------------------------------------------------------------------------------+
; Minimum Clock to Output Times                                                                               ;
+---------------+------------+-------+-------+------------+---------------------------------------------------+
; Data Port     ; Clock Port ; Rise  ; Fall  ; Clock Edge ; Clock Reference                                   ;
+---------------+------------+-------+-------+------------+---------------------------------------------------+
; dac_data[*]   ; clk_50m    ; 1.388 ; 1.354 ; Rise       ; u_pll|altpll_component|auto_generated|pll1|clk[0] ;
;  dac_data[0]  ; clk_50m    ; 1.404 ; 1.370 ; Rise       ; u_pll|altpll_component|auto_generated|pll1|clk[0] ;
;  dac_data[1]  ; clk_50m    ; 1.388 ; 1.354 ; Rise       ; u_pll|altpll_component|auto_generated|pll1|clk[0] ;
;  dac_data[2]  ; clk_50m    ; 1.394 ; 1.360 ; Rise       ; u_pll|altpll_component|auto_generated|pll1|clk[0] ;
;  dac_data[3]  ; clk_50m    ; 2.935 ; 2.662 ; Rise       ; u_pll|altpll_component|auto_generated|pll1|clk[0] ;
;  dac_data[4]  ; clk_50m    ; 1.419 ; 1.385 ; Rise       ; u_pll|altpll_component|auto_generated|pll1|clk[0] ;
;  dac_data[5]  ; clk_50m    ; 1.390 ; 1.356 ; Rise       ; u_pll|altpll_component|auto_generated|pll1|clk[0] ;
;  dac_data[6]  ; clk_50m    ; 1.420 ; 1.386 ; Rise       ; u_pll|altpll_component|auto_generated|pll1|clk[0] ;
;  dac_data[7]  ; clk_50m    ; 1.431 ; 1.397 ; Rise       ; u_pll|altpll_component|auto_generated|pll1|clk[0] ;
;  dac_data[8]  ; clk_50m    ; 1.420 ; 1.386 ; Rise       ; u_pll|altpll_component|auto_generated|pll1|clk[0] ;
;  dac_data[9]  ; clk_50m    ; 1.410 ; 1.376 ; Rise       ; u_pll|altpll_component|auto_generated|pll1|clk[0] ;
;  dac_data[10] ; clk_50m    ; 1.409 ; 1.375 ; Rise       ; u_pll|altpll_component|auto_generated|pll1|clk[0] ;
;  dac_data[11] ; clk_50m    ; 1.409 ; 1.375 ; Rise       ; u_pll|altpll_component|auto_generated|pll1|clk[0] ;
;  dac_data[12] ; clk_50m    ; 1.394 ; 1.360 ; Rise       ; u_pll|altpll_component|auto_generated|pll1|clk[0] ;
;  dac_data[13] ; clk_50m    ; 1.404 ; 1.370 ; Rise       ; u_pll|altpll_component|auto_generated|pll1|clk[0] ;
; led[*]        ; clk_50m    ; 2.587 ; 2.633 ; Rise       ; u_pll|altpll_component|auto_generated|pll1|clk[0] ;
;  led[0]       ; clk_50m    ; 3.276 ; 3.099 ; Rise       ; u_pll|altpll_component|auto_generated|pll1|clk[0] ;
;  led[1]       ; clk_50m    ; 2.587 ; 2.677 ; Rise       ; u_pll|altpll_component|auto_generated|pll1|clk[0] ;
;  led[2]       ; clk_50m    ; 2.738 ; 2.633 ; Rise       ; u_pll|altpll_component|auto_generated|pll1|clk[0] ;
;  led[3]       ; clk_50m    ; 2.662 ; 2.649 ; Rise       ; u_pll|altpll_component|auto_generated|pll1|clk[0] ;
; mic_sck       ; clk_50m    ; 1.886 ; 1.887 ; Rise       ; u_pll|altpll_component|auto_generated|pll1|clk[0] ;
; mic_ws        ; clk_50m    ; 2.149 ; 2.178 ; Rise       ; u_pll|altpll_component|auto_generated|pll1|clk[0] ;
; dac_data[*]   ; clk_50m    ; 1.405 ; 1.370 ; Fall       ; u_pll|altpll_component|auto_generated|pll1|clk[0] ;
;  dac_data[0]  ; clk_50m    ; 1.421 ; 1.386 ; Fall       ; u_pll|altpll_component|auto_generated|pll1|clk[0] ;
;  dac_data[1]  ; clk_50m    ; 1.405 ; 1.370 ; Fall       ; u_pll|altpll_component|auto_generated|pll1|clk[0] ;
;  dac_data[2]  ; clk_50m    ; 1.412 ; 1.377 ; Fall       ; u_pll|altpll_component|auto_generated|pll1|clk[0] ;
;  dac_data[3]  ; clk_50m    ; 2.952 ; 2.678 ; Fall       ; u_pll|altpll_component|auto_generated|pll1|clk[0] ;
;  dac_data[4]  ; clk_50m    ; 1.435 ; 1.400 ; Fall       ; u_pll|altpll_component|auto_generated|pll1|clk[0] ;
;  dac_data[5]  ; clk_50m    ; 1.407 ; 1.372 ; Fall       ; u_pll|altpll_component|auto_generated|pll1|clk[0] ;
;  dac_data[6]  ; clk_50m    ; 1.437 ; 1.402 ; Fall       ; u_pll|altpll_component|auto_generated|pll1|clk[0] ;
;  dac_data[7]  ; clk_50m    ; 1.448 ; 1.413 ; Fall       ; u_pll|altpll_component|auto_generated|pll1|clk[0] ;
;  dac_data[8]  ; clk_50m    ; 1.437 ; 1.402 ; Fall       ; u_pll|altpll_component|auto_generated|pll1|clk[0] ;
;  dac_data[9]  ; clk_50m    ; 1.427 ; 1.392 ; Fall       ; u_pll|altpll_component|auto_generated|pll1|clk[0] ;
;  dac_data[10] ; clk_50m    ; 1.426 ; 1.391 ; Fall       ; u_pll|altpll_component|auto_generated|pll1|clk[0] ;
;  dac_data[11] ; clk_50m    ; 1.426 ; 1.391 ; Fall       ; u_pll|altpll_component|auto_generated|pll1|clk[0] ;
;  dac_data[12] ; clk_50m    ; 1.411 ; 1.376 ; Fall       ; u_pll|altpll_component|auto_generated|pll1|clk[0] ;
;  dac_data[13] ; clk_50m    ; 1.421 ; 1.386 ; Fall       ; u_pll|altpll_component|auto_generated|pll1|clk[0] ;
; dac_clk       ; clk_50m    ; 3.703 ;       ; Rise       ; u_pll|altpll_component|auto_generated|pll1|clk[1] ;
; dac_clk       ; clk_50m    ;       ; 3.690 ; Fall       ; u_pll|altpll_component|auto_generated|pll1|clk[1] ;
+---------------+------------+-------+-------+------------+---------------------------------------------------+


---------------------------------------------
; Fast 1200mV 0C Model Metastability Report ;
---------------------------------------------
No synchronizer chains to report.


+---------------------------------------------------------------------------------------------------------------+
; Multicorner Timing Analysis Summary                                                                           ;
+----------------------------------------------------+-------+-------+----------+---------+---------------------+
; Clock                                              ; Setup ; Hold  ; Recovery ; Removal ; Minimum Pulse Width ;
+----------------------------------------------------+-------+-------+----------+---------+---------------------+
; Worst-case Slack                                   ; 0.639 ; 0.131 ; N/A      ; N/A     ; 4.580               ;
;  clk_50m                                           ; N/A   ; N/A   ; N/A      ; N/A     ; 9.423               ;
;  u_pll|altpll_component|auto_generated|pll1|clk[0] ; 0.639 ; 0.131 ; N/A      ; N/A     ; 4.580               ;
; Design-wide TNS                                    ; 0.0   ; 0.0   ; 0.0      ; 0.0     ; 0.0                 ;
;  clk_50m                                           ; N/A   ; N/A   ; N/A      ; N/A     ; 0.000               ;
;  u_pll|altpll_component|auto_generated|pll1|clk[0] ; 0.000 ; 0.000 ; N/A      ; N/A     ; 0.000               ;
+----------------------------------------------------+-------+-------+----------+---------+---------------------+


+---------------------------------------------------------------------------------------------------------+
; Setup Times                                                                                             ;
+-----------+------------+-------+-------+------------+---------------------------------------------------+
; Data Port ; Clock Port ; Rise  ; Fall  ; Clock Edge ; Clock Reference                                   ;
+-----------+------------+-------+-------+------------+---------------------------------------------------+
; key[*]    ; clk_50m    ; 5.137 ; 5.393 ; Rise       ; u_pll|altpll_component|auto_generated|pll1|clk[0] ;
;  key[0]   ; clk_50m    ; 1.840 ; 2.025 ; Rise       ; u_pll|altpll_component|auto_generated|pll1|clk[0] ;
;  key[1]   ; clk_50m    ; 1.935 ; 2.172 ; Rise       ; u_pll|altpll_component|auto_generated|pll1|clk[0] ;
;  key[2]   ; clk_50m    ; 5.137 ; 5.393 ; Rise       ; u_pll|altpll_component|auto_generated|pll1|clk[0] ;
;  key[3]   ; clk_50m    ; 5.069 ; 5.350 ; Rise       ; u_pll|altpll_component|auto_generated|pll1|clk[0] ;
; mic_sd    ; clk_50m    ; 4.862 ; 5.132 ; Rise       ; u_pll|altpll_component|auto_generated|pll1|clk[0] ;
+-----------+------------+-------+-------+------------+---------------------------------------------------+


+-----------------------------------------------------------------------------------------------------------+
; Hold Times                                                                                                ;
+-----------+------------+--------+--------+------------+---------------------------------------------------+
; Data Port ; Clock Port ; Rise   ; Fall   ; Clock Edge ; Clock Reference                                   ;
+-----------+------------+--------+--------+------------+---------------------------------------------------+
; key[*]    ; clk_50m    ; -0.656 ; -1.178 ; Rise       ; u_pll|altpll_component|auto_generated|pll1|clk[0] ;
;  key[0]   ; clk_50m    ; -0.656 ; -1.178 ; Rise       ; u_pll|altpll_component|auto_generated|pll1|clk[0] ;
;  key[1]   ; clk_50m    ; -0.688 ; -1.213 ; Rise       ; u_pll|altpll_component|auto_generated|pll1|clk[0] ;
;  key[2]   ; clk_50m    ; -2.071 ; -2.820 ; Rise       ; u_pll|altpll_component|auto_generated|pll1|clk[0] ;
;  key[3]   ; clk_50m    ; -2.051 ; -2.825 ; Rise       ; u_pll|altpll_component|auto_generated|pll1|clk[0] ;
; mic_sd    ; clk_50m    ; -1.991 ; -2.718 ; Rise       ; u_pll|altpll_component|auto_generated|pll1|clk[0] ;
+-----------+------------+--------+--------+------------+---------------------------------------------------+


+-------------------------------------------------------------------------------------------------------------+
; Clock to Output Times                                                                                       ;
+---------------+------------+-------+-------+------------+---------------------------------------------------+
; Data Port     ; Clock Port ; Rise  ; Fall  ; Clock Edge ; Clock Reference                                   ;
+---------------+------------+-------+-------+------------+---------------------------------------------------+
; dac_data[*]   ; clk_50m    ; 5.621 ; 5.165 ; Rise       ; u_pll|altpll_component|auto_generated|pll1|clk[0] ;
;  dac_data[0]  ; clk_50m    ; 3.397 ; 3.291 ; Rise       ; u_pll|altpll_component|auto_generated|pll1|clk[0] ;
;  dac_data[1]  ; clk_50m    ; 3.381 ; 3.275 ; Rise       ; u_pll|altpll_component|auto_generated|pll1|clk[0] ;
;  dac_data[2]  ; clk_50m    ; 3.387 ; 3.281 ; Rise       ; u_pll|altpll_component|auto_generated|pll1|clk[0] ;
;  dac_data[3]  ; clk_50m    ; 5.621 ; 5.165 ; Rise       ; u_pll|altpll_component|auto_generated|pll1|clk[0] ;
;  dac_data[4]  ; clk_50m    ; 3.412 ; 3.306 ; Rise       ; u_pll|altpll_component|auto_generated|pll1|clk[0] ;
;  dac_data[5]  ; clk_50m    ; 3.384 ; 3.278 ; Rise       ; u_pll|altpll_component|auto_generated|pll1|clk[0] ;
;  dac_data[6]  ; clk_50m    ; 3.414 ; 3.308 ; Rise       ; u_pll|altpll_component|auto_generated|pll1|clk[0] ;
;  dac_data[7]  ; clk_50m    ; 3.424 ; 3.318 ; Rise       ; u_pll|altpll_component|auto_generated|pll1|clk[0] ;
;  dac_data[8]  ; clk_50m    ; 3.413 ; 3.307 ; Rise       ; u_pll|altpll_component|auto_generated|pll1|clk[0] ;
;  dac_data[9]  ; clk_50m    ; 3.403 ; 3.297 ; Rise       ; u_pll|altpll_component|auto_generated|pll1|clk[0] ;
;  dac_data[10] ; clk_50m    ; 3.402 ; 3.296 ; Rise       ; u_pll|altpll_component|auto_generated|pll1|clk[0] ;
;  dac_data[11] ; clk_50m    ; 3.402 ; 3.296 ; Rise       ; u_pll|altpll_component|auto_generated|pll1|clk[0] ;
;  dac_data[12] ; clk_50m    ; 3.388 ; 3.282 ; Rise       ; u_pll|altpll_component|auto_generated|pll1|clk[0] ;
;  dac_data[13] ; clk_50m    ; 3.398 ; 3.292 ; Rise       ; u_pll|altpll_component|auto_generated|pll1|clk[0] ;
; led[*]        ; clk_50m    ; 7.374 ; 7.831 ; Rise       ; u_pll|altpll_component|auto_generated|pll1|clk[0] ;
;  led[0]       ; clk_50m    ; 7.374 ; 7.831 ; Rise       ; u_pll|altpll_component|auto_generated|pll1|clk[0] ;
;  led[1]       ; clk_50m    ; 6.957 ; 6.598 ; Rise       ; u_pll|altpll_component|auto_generated|pll1|clk[0] ;
;  led[2]       ; clk_50m    ; 6.611 ; 7.025 ; Rise       ; u_pll|altpll_component|auto_generated|pll1|clk[0] ;
;  led[3]       ; clk_50m    ; 6.662 ; 6.986 ; Rise       ; u_pll|altpll_component|auto_generated|pll1|clk[0] ;
; mic_sck       ; clk_50m    ; 4.772 ; 4.586 ; Rise       ; u_pll|altpll_component|auto_generated|pll1|clk[0] ;
; mic_ws        ; clk_50m    ; 5.447 ; 5.171 ; Rise       ; u_pll|altpll_component|auto_generated|pll1|clk[0] ;
; dac_data[*]   ; clk_50m    ; 5.586 ; 5.130 ; Fall       ; u_pll|altpll_component|auto_generated|pll1|clk[0] ;
;  dac_data[0]  ; clk_50m    ; 3.362 ; 3.256 ; Fall       ; u_pll|altpll_component|auto_generated|pll1|clk[0] ;
;  dac_data[1]  ; clk_50m    ; 3.346 ; 3.240 ; Fall       ; u_pll|altpll_component|auto_generated|pll1|clk[0] ;
;  dac_data[2]  ; clk_50m    ; 3.353 ; 3.247 ; Fall       ; u_pll|altpll_component|auto_generated|pll1|clk[0] ;
;  dac_data[3]  ; clk_50m    ; 5.586 ; 5.130 ; Fall       ; u_pll|altpll_component|auto_generated|pll1|clk[0] ;
;  dac_data[4]  ; clk_50m    ; 3.377 ; 3.271 ; Fall       ; u_pll|altpll_component|auto_generated|pll1|clk[0] ;
;  dac_data[5]  ; clk_50m    ; 3.349 ; 3.243 ; Fall       ; u_pll|altpll_component|auto_generated|pll1|clk[0] ;
;  dac_data[6]  ; clk_50m    ; 3.379 ; 3.273 ; Fall       ; u_pll|altpll_component|auto_generated|pll1|clk[0] ;
;  dac_data[7]  ; clk_50m    ; 3.389 ; 3.283 ; Fall       ; u_pll|altpll_component|auto_generated|pll1|clk[0] ;
;  dac_data[8]  ; clk_50m    ; 3.378 ; 3.272 ; Fall       ; u_pll|altpll_component|auto_generated|pll1|clk[0] ;
;  dac_data[9]  ; clk_50m    ; 3.368 ; 3.262 ; Fall       ; u_pll|altpll_component|auto_generated|pll1|clk[0] ;
;  dac_data[10] ; clk_50m    ; 3.367 ; 3.261 ; Fall       ; u_pll|altpll_component|auto_generated|pll1|clk[0] ;
;  dac_data[11] ; clk_50m    ; 3.367 ; 3.261 ; Fall       ; u_pll|altpll_component|auto_generated|pll1|clk[0] ;
;  dac_data[12] ; clk_50m    ; 3.352 ; 3.246 ; Fall       ; u_pll|altpll_component|auto_generated|pll1|clk[0] ;
;  dac_data[13] ; clk_50m    ; 3.362 ; 3.256 ; Fall       ; u_pll|altpll_component|auto_generated|pll1|clk[0] ;
; dac_clk       ; clk_50m    ; 5.611 ;       ; Rise       ; u_pll|altpll_component|auto_generated|pll1|clk[1] ;
; dac_clk       ; clk_50m    ;       ; 5.435 ; Fall       ; u_pll|altpll_component|auto_generated|pll1|clk[1] ;
+---------------+------------+-------+-------+------------+---------------------------------------------------+


+-------------------------------------------------------------------------------------------------------------+
; Minimum Clock to Output Times                                                                               ;
+---------------+------------+-------+-------+------------+---------------------------------------------------+
; Data Port     ; Clock Port ; Rise  ; Fall  ; Clock Edge ; Clock Reference                                   ;
+---------------+------------+-------+-------+------------+---------------------------------------------------+
; dac_data[*]   ; clk_50m    ; 1.388 ; 1.354 ; Rise       ; u_pll|altpll_component|auto_generated|pll1|clk[0] ;
;  dac_data[0]  ; clk_50m    ; 1.404 ; 1.370 ; Rise       ; u_pll|altpll_component|auto_generated|pll1|clk[0] ;
;  dac_data[1]  ; clk_50m    ; 1.388 ; 1.354 ; Rise       ; u_pll|altpll_component|auto_generated|pll1|clk[0] ;
;  dac_data[2]  ; clk_50m    ; 1.394 ; 1.360 ; Rise       ; u_pll|altpll_component|auto_generated|pll1|clk[0] ;
;  dac_data[3]  ; clk_50m    ; 2.935 ; 2.662 ; Rise       ; u_pll|altpll_component|auto_generated|pll1|clk[0] ;
;  dac_data[4]  ; clk_50m    ; 1.419 ; 1.385 ; Rise       ; u_pll|altpll_component|auto_generated|pll1|clk[0] ;
;  dac_data[5]  ; clk_50m    ; 1.390 ; 1.356 ; Rise       ; u_pll|altpll_component|auto_generated|pll1|clk[0] ;
;  dac_data[6]  ; clk_50m    ; 1.420 ; 1.386 ; Rise       ; u_pll|altpll_component|auto_generated|pll1|clk[0] ;
;  dac_data[7]  ; clk_50m    ; 1.431 ; 1.397 ; Rise       ; u_pll|altpll_component|auto_generated|pll1|clk[0] ;
;  dac_data[8]  ; clk_50m    ; 1.420 ; 1.386 ; Rise       ; u_pll|altpll_component|auto_generated|pll1|clk[0] ;
;  dac_data[9]  ; clk_50m    ; 1.410 ; 1.376 ; Rise       ; u_pll|altpll_component|auto_generated|pll1|clk[0] ;
;  dac_data[10] ; clk_50m    ; 1.409 ; 1.375 ; Rise       ; u_pll|altpll_component|auto_generated|pll1|clk[0] ;
;  dac_data[11] ; clk_50m    ; 1.409 ; 1.375 ; Rise       ; u_pll|altpll_component|auto_generated|pll1|clk[0] ;
;  dac_data[12] ; clk_50m    ; 1.394 ; 1.360 ; Rise       ; u_pll|altpll_component|auto_generated|pll1|clk[0] ;
;  dac_data[13] ; clk_50m    ; 1.404 ; 1.370 ; Rise       ; u_pll|altpll_component|auto_generated|pll1|clk[0] ;
; led[*]        ; clk_50m    ; 2.587 ; 2.633 ; Rise       ; u_pll|altpll_component|auto_generated|pll1|clk[0] ;
;  led[0]       ; clk_50m    ; 3.276 ; 3.099 ; Rise       ; u_pll|altpll_component|auto_generated|pll1|clk[0] ;
;  led[1]       ; clk_50m    ; 2.587 ; 2.677 ; Rise       ; u_pll|altpll_component|auto_generated|pll1|clk[0] ;
;  led[2]       ; clk_50m    ; 2.738 ; 2.633 ; Rise       ; u_pll|altpll_component|auto_generated|pll1|clk[0] ;
;  led[3]       ; clk_50m    ; 2.662 ; 2.649 ; Rise       ; u_pll|altpll_component|auto_generated|pll1|clk[0] ;
; mic_sck       ; clk_50m    ; 1.886 ; 1.887 ; Rise       ; u_pll|altpll_component|auto_generated|pll1|clk[0] ;
; mic_ws        ; clk_50m    ; 2.149 ; 2.178 ; Rise       ; u_pll|altpll_component|auto_generated|pll1|clk[0] ;
; dac_data[*]   ; clk_50m    ; 1.405 ; 1.370 ; Fall       ; u_pll|altpll_component|auto_generated|pll1|clk[0] ;
;  dac_data[0]  ; clk_50m    ; 1.421 ; 1.386 ; Fall       ; u_pll|altpll_component|auto_generated|pll1|clk[0] ;
;  dac_data[1]  ; clk_50m    ; 1.405 ; 1.370 ; Fall       ; u_pll|altpll_component|auto_generated|pll1|clk[0] ;
;  dac_data[2]  ; clk_50m    ; 1.412 ; 1.377 ; Fall       ; u_pll|altpll_component|auto_generated|pll1|clk[0] ;
;  dac_data[3]  ; clk_50m    ; 2.952 ; 2.678 ; Fall       ; u_pll|altpll_component|auto_generated|pll1|clk[0] ;
;  dac_data[4]  ; clk_50m    ; 1.435 ; 1.400 ; Fall       ; u_pll|altpll_component|auto_generated|pll1|clk[0] ;
;  dac_data[5]  ; clk_50m    ; 1.407 ; 1.372 ; Fall       ; u_pll|altpll_component|auto_generated|pll1|clk[0] ;
;  dac_data[6]  ; clk_50m    ; 1.437 ; 1.402 ; Fall       ; u_pll|altpll_component|auto_generated|pll1|clk[0] ;
;  dac_data[7]  ; clk_50m    ; 1.448 ; 1.413 ; Fall       ; u_pll|altpll_component|auto_generated|pll1|clk[0] ;
;  dac_data[8]  ; clk_50m    ; 1.437 ; 1.402 ; Fall       ; u_pll|altpll_component|auto_generated|pll1|clk[0] ;
;  dac_data[9]  ; clk_50m    ; 1.427 ; 1.392 ; Fall       ; u_pll|altpll_component|auto_generated|pll1|clk[0] ;
;  dac_data[10] ; clk_50m    ; 1.426 ; 1.391 ; Fall       ; u_pll|altpll_component|auto_generated|pll1|clk[0] ;
;  dac_data[11] ; clk_50m    ; 1.426 ; 1.391 ; Fall       ; u_pll|altpll_component|auto_generated|pll1|clk[0] ;
;  dac_data[12] ; clk_50m    ; 1.411 ; 1.376 ; Fall       ; u_pll|altpll_component|auto_generated|pll1|clk[0] ;
;  dac_data[13] ; clk_50m    ; 1.421 ; 1.386 ; Fall       ; u_pll|altpll_component|auto_generated|pll1|clk[0] ;
; dac_clk       ; clk_50m    ; 3.703 ;       ; Rise       ; u_pll|altpll_component|auto_generated|pll1|clk[1] ;
; dac_clk       ; clk_50m    ;       ; 3.690 ; Fall       ; u_pll|altpll_component|auto_generated|pll1|clk[1] ;
+---------------+------------+-------+-------+------------+---------------------------------------------------+


+------------------------------------------------------------------------------------------------------------------------------------------------------------------------------------------------------------------------------------------------------------------------------------------------------------------------------------------------------------------------------------------------------------------+
; Board Trace Model Assignments                                                                                                                                                                                                                                                                                                                                                                                    ;
+---------------+--------------+-------------------+-------------------------+-------------------------+---------------+---------------------+----------------+------------------+--------+------------------+------------------------+------------------------+--------------+---------------+-----------------+-------+---------------------+--------------------+---------------+-----------------+-------------+
; Pin           ; I/O Standard ; Near Tline Length ; Near Tline L per Length ; Near Tline C per Length ; Near Series R ; Near Differential R ; Near Pull-up R ; Near Pull-down R ; Near C ; Far Tline Length ; Far Tline L per Length ; Far Tline C per Length ; Far Series R ; Far Pull-up R ; Far Pull-down R ; Far C ; Termination Voltage ; Far Differential R ; EBD File Name ; EBD Signal Name ; EBD Far-end ;
+---------------+--------------+-------------------+-------------------------+-------------------------+---------------+---------------------+----------------+------------------+--------+------------------+------------------------+------------------------+--------------+---------------+-----------------+-------+---------------------+--------------------+---------------+-----------------+-------------+
; led[0]        ; 3.3-V LVTTL  ; 0 in              ; 0 H/in                  ; 0 F/in                  ; short         ; -                   ; open           ; open             ; open   ; 0 in             ; 0 H/in                 ; 0 F/in                 ; short        ; open          ; open            ; open  ; 0 V                 ; -                  ; n/a           ; n/a             ; n/a         ;
; led[1]        ; 3.3-V LVTTL  ; 0 in              ; 0 H/in                  ; 0 F/in                  ; short         ; -                   ; open           ; open             ; open   ; 0 in             ; 0 H/in                 ; 0 F/in                 ; short        ; open          ; open            ; open  ; 0 V                 ; -                  ; n/a           ; n/a             ; n/a         ;
; led[2]        ; 3.3-V LVTTL  ; 0 in              ; 0 H/in                  ; 0 F/in                  ; short         ; -                   ; open           ; open             ; open   ; 0 in             ; 0 H/in                 ; 0 F/in                 ; short        ; open          ; open            ; open  ; 0 V                 ; -                  ; n/a           ; n/a             ; n/a         ;
; led[3]        ; 3.3-V LVTTL  ; 0 in              ; 0 H/in                  ; 0 F/in                  ; short         ; -                   ; open           ; open             ; open   ; 0 in             ; 0 H/in                 ; 0 F/in                 ; short        ; open          ; open            ; open  ; 0 V                 ; -                  ; n/a           ; n/a             ; n/a         ;
; dac_clk       ; 3.3-V LVTTL  ; 0 in              ; 0 H/in                  ; 0 F/in                  ; short         ; -                   ; open           ; open             ; open   ; 0 in             ; 0 H/in                 ; 0 F/in                 ; short        ; open          ; open            ; open  ; 0 V                 ; -                  ; n/a           ; n/a             ; n/a         ;
; dac_data[0]   ; 3.3-V LVTTL  ; 0 in              ; 0 H/in                  ; 0 F/in                  ; short         ; -                   ; open           ; open             ; open   ; 0 in             ; 0 H/in                 ; 0 F/in                 ; short        ; open          ; open            ; open  ; 0 V                 ; -                  ; n/a           ; n/a             ; n/a         ;
; dac_data[1]   ; 3.3-V LVTTL  ; 0 in              ; 0 H/in                  ; 0 F/in                  ; short         ; -                   ; open           ; open             ; open   ; 0 in             ; 0 H/in                 ; 0 F/in                 ; short        ; open          ; open            ; open  ; 0 V                 ; -                  ; n/a           ; n/a             ; n/a         ;
; dac_data[2]   ; 3.3-V LVTTL  ; 0 in              ; 0 H/in                  ; 0 F/in                  ; short         ; -                   ; open           ; open             ; open   ; 0 in             ; 0 H/in                 ; 0 F/in                 ; short        ; open          ; open            ; open  ; 0 V                 ; -                  ; n/a           ; n/a             ; n/a         ;
; dac_data[3]   ; 3.3-V LVTTL  ; 0 in              ; 0 H/in                  ; 0 F/in                  ; short         ; -                   ; open           ; open             ; open   ; 0 in             ; 0 H/in                 ; 0 F/in                 ; short        ; open          ; open            ; open  ; 0 V                 ; -                  ; n/a           ; n/a             ; n/a         ;
; dac_data[4]   ; 3.3-V LVTTL  ; 0 in              ; 0 H/in                  ; 0 F/in                  ; short         ; -                   ; open           ; open             ; open   ; 0 in             ; 0 H/in                 ; 0 F/in                 ; short        ; open          ; open            ; open  ; 0 V                 ; -                  ; n/a           ; n/a             ; n/a         ;
; dac_data[5]   ; 3.3-V LVTTL  ; 0 in              ; 0 H/in                  ; 0 F/in                  ; short         ; -                   ; open           ; open             ; open   ; 0 in             ; 0 H/in                 ; 0 F/in                 ; short        ; open          ; open            ; open  ; 0 V                 ; -                  ; n/a           ; n/a             ; n/a         ;
; dac_data[6]   ; 3.3-V LVTTL  ; 0 in              ; 0 H/in                  ; 0 F/in                  ; short         ; -                   ; open           ; open             ; open   ; 0 in             ; 0 H/in                 ; 0 F/in                 ; short        ; open          ; open            ; open  ; 0 V                 ; -                  ; n/a           ; n/a             ; n/a         ;
; dac_data[7]   ; 3.3-V LVTTL  ; 0 in              ; 0 H/in                  ; 0 F/in                  ; short         ; -                   ; open           ; open             ; open   ; 0 in             ; 0 H/in                 ; 0 F/in                 ; short        ; open          ; open            ; open  ; 0 V                 ; -                  ; n/a           ; n/a             ; n/a         ;
; dac_data[8]   ; 3.3-V LVTTL  ; 0 in              ; 0 H/in                  ; 0 F/in                  ; short         ; -                   ; open           ; open             ; open   ; 0 in             ; 0 H/in                 ; 0 F/in                 ; short        ; open          ; open            ; open  ; 0 V                 ; -                  ; n/a           ; n/a             ; n/a         ;
; dac_data[9]   ; 3.3-V LVTTL  ; 0 in              ; 0 H/in                  ; 0 F/in                  ; short         ; -                   ; open           ; open             ; open   ; 0 in             ; 0 H/in                 ; 0 F/in                 ; short        ; open          ; open            ; open  ; 0 V                 ; -                  ; n/a           ; n/a             ; n/a         ;
; dac_data[10]  ; 3.3-V LVTTL  ; 0 in              ; 0 H/in                  ; 0 F/in                  ; short         ; -                   ; open           ; open             ; open   ; 0 in             ; 0 H/in                 ; 0 F/in                 ; short        ; open          ; open            ; open  ; 0 V                 ; -                  ; n/a           ; n/a             ; n/a         ;
; dac_data[11]  ; 3.3-V LVTTL  ; 0 in              ; 0 H/in                  ; 0 F/in                  ; short         ; -                   ; open           ; open             ; open   ; 0 in             ; 0 H/in                 ; 0 F/in                 ; short        ; open          ; open            ; open  ; 0 V                 ; -                  ; n/a           ; n/a             ; n/a         ;
; dac_data[12]  ; 3.3-V LVTTL  ; 0 in              ; 0 H/in                  ; 0 F/in                  ; short         ; -                   ; open           ; open             ; open   ; 0 in             ; 0 H/in                 ; 0 F/in                 ; short        ; open          ; open            ; open  ; 0 V                 ; -                  ; n/a           ; n/a             ; n/a         ;
; dac_data[13]  ; 3.3-V LVTTL  ; 0 in              ; 0 H/in                  ; 0 F/in                  ; short         ; -                   ; open           ; open             ; open   ; 0 in             ; 0 H/in                 ; 0 F/in                 ; short        ; open          ; open            ; open  ; 0 V                 ; -                  ; n/a           ; n/a             ; n/a         ;
; mic_sck       ; 3.3-V LVTTL  ; 0 in              ; 0 H/in                  ; 0 F/in                  ; short         ; -                   ; open           ; open             ; open   ; 0 in             ; 0 H/in                 ; 0 F/in                 ; short        ; open          ; open            ; open  ; 0 V                 ; -                  ; n/a           ; n/a             ; n/a         ;
; mic_ws        ; 3.3-V LVTTL  ; 0 in              ; 0 H/in                  ; 0 F/in                  ; short         ; -                   ; open           ; open             ; open   ; 0 in             ; 0 H/in                 ; 0 F/in                 ; short        ; open          ; open            ; open  ; 0 V                 ; -                  ; n/a           ; n/a             ; n/a         ;
; mic_lr        ; 3.3-V LVTTL  ; 0 in              ; 0 H/in                  ; 0 F/in                  ; short         ; -                   ; open           ; open             ; open   ; 0 in             ; 0 H/in                 ; 0 F/in                 ; short        ; open          ; open            ; open  ; 0 V                 ; -                  ; n/a           ; n/a             ; n/a         ;
; ~ALTERA_DCLK~ ; 3.3-V LVTTL  ; 0 in              ; 0 H/in                  ; 0 F/in                  ; short         ; -                   ; open           ; open             ; open   ; 0 in             ; 0 H/in                 ; 0 F/in                 ; short        ; open          ; open            ; open  ; 0 V                 ; -                  ; n/a           ; n/a             ; n/a         ;
; ~ALTERA_nCEO~ ; 2.5 V        ; 0 in              ; 0 H/in                  ; 0 F/in                  ; short         ; -                   ; open           ; open             ; open   ; 0 in             ; 0 H/in                 ; 0 F/in                 ; short        ; open          ; open            ; open  ; 0 V                 ; -                  ; n/a           ; n/a             ; n/a         ;
+---------------+--------------+-------------------+-------------------------+-------------------------+---------------+---------------------+----------------+------------------+--------+------------------+------------------------+------------------------+--------------+---------------+-----------------+-------+---------------------+--------------------+---------------+-----------------+-------------+


+----------------------------------------------------------------------------+
; Input Transition Times                                                     ;
+-------------------------+--------------+-----------------+-----------------+
; Pin                     ; I/O Standard ; 10-90 Rise Time ; 90-10 Fall Time ;
+-------------------------+--------------+-----------------+-----------------+
; clk_50m                 ; 3.3-V LVTTL  ; 2640 ps         ; 2640 ps         ;
; key[3]                  ; 3.3-V LVTTL  ; 2640 ps         ; 2640 ps         ;
; key[1]                  ; 3.3-V LVTTL  ; 2640 ps         ; 2640 ps         ;
; key[2]                  ; 3.3-V LVTTL  ; 2640 ps         ; 2640 ps         ;
; key[0]                  ; 3.3-V LVTTL  ; 2640 ps         ; 2640 ps         ;
; mic_sd                  ; 3.3-V LVTTL  ; 2640 ps         ; 2640 ps         ;
; ~ALTERA_ASDO_DATA1~     ; 3.3-V LVTTL  ; 2640 ps         ; 2640 ps         ;
; ~ALTERA_FLASH_nCE_nCSO~ ; 3.3-V LVTTL  ; 2640 ps         ; 2640 ps         ;
; ~ALTERA_DATA0~          ; 3.3-V LVTTL  ; 2640 ps         ; 2640 ps         ;
+-------------------------+--------------+-----------------+-----------------+


+--------------------------------------------------------------------------------------------------------------------------------------------------------------------------------------------------------------------------------------------------------------------------------------------------------------------------------------------------------------------------------------------------------------------------------------------------------------------------------------------------------------------------------------------------------------------------------------------------------------------------------------------------------------------------------------------+
; Signal Integrity Metrics (Slow 1200mv 0c Model)                                                                                                                                                                                                                                                                                                                                                                                                                                                                                                                                                                                                                                            ;
+---------------+--------------+---------------------+---------------------+------------------------------+------------------------------+---------------------+---------------------+--------------------------------------+--------------------------------------+-----------------------------+-----------------------------+----------------------------+----------------------------+-----------------------------+-----------------------------+--------------------+--------------------+-------------------------------------+-------------------------------------+----------------------------+----------------------------+---------------------------+---------------------------+
; Pin           ; I/O Standard ; Board Delay on Rise ; Board Delay on Fall ; Steady State Voh at FPGA Pin ; Steady State Vol at FPGA Pin ; Voh Max at FPGA Pin ; Vol Min at FPGA Pin ; Ringback Voltage on Rise at FPGA Pin ; Ringback Voltage on Fall at FPGA Pin ; 10-90 Rise Time at FPGA Pin ; 90-10 Fall Time at FPGA Pin ; Monotonic Rise at FPGA Pin ; Monotonic Fall at FPGA Pin ; Steady State Voh at Far-end ; Steady State Vol at Far-end ; Voh Max at Far-end ; Vol Min at Far-end ; Ringback Voltage on Rise at Far-end ; Ringback Voltage on Fall at Far-end ; 10-90 Rise Time at Far-end ; 90-10 Fall Time at Far-end ; Monotonic Rise at Far-end ; Monotonic Fall at Far-end ;
+---------------+--------------+---------------------+---------------------+------------------------------+------------------------------+---------------------+---------------------+--------------------------------------+--------------------------------------+-----------------------------+-----------------------------+----------------------------+----------------------------+-----------------------------+-----------------------------+--------------------+--------------------+-------------------------------------+-------------------------------------+----------------------------+----------------------------+---------------------------+---------------------------+
; led[0]        ; 3.3-V LVTTL  ; 0 s                 ; 0 s                 ; 3.08 V                       ; 8.89e-09 V                   ; 3.12 V              ; -0.11 V             ; 0.153 V                              ; 0.272 V                              ; 6.41e-10 s                  ; 4.57e-10 s                  ; No                         ; Yes                        ; 3.08 V                      ; 8.89e-09 V                  ; 3.12 V             ; -0.11 V            ; 0.153 V                             ; 0.272 V                             ; 6.41e-10 s                 ; 4.57e-10 s                 ; No                        ; Yes                       ;
; led[1]        ; 3.3-V LVTTL  ; 0 s                 ; 0 s                 ; 3.08 V                       ; 8.89e-09 V                   ; 3.12 V              ; -0.11 V             ; 0.153 V                              ; 0.272 V                              ; 6.41e-10 s                  ; 4.57e-10 s                  ; No                         ; Yes                        ; 3.08 V                      ; 8.89e-09 V                  ; 3.12 V             ; -0.11 V            ; 0.153 V                             ; 0.272 V                             ; 6.41e-10 s                 ; 4.57e-10 s                 ; No                        ; Yes                       ;
; led[2]        ; 3.3-V LVTTL  ; 0 s                 ; 0 s                 ; 3.08 V                       ; 8.89e-09 V                   ; 3.12 V              ; -0.11 V             ; 0.153 V                              ; 0.272 V                              ; 6.41e-10 s                  ; 4.57e-10 s                  ; No                         ; Yes                        ; 3.08 V                      ; 8.89e-09 V                  ; 3.12 V             ; -0.11 V            ; 0.153 V                             ; 0.272 V                             ; 6.41e-10 s                 ; 4.57e-10 s                 ; No                        ; Yes                       ;
; led[3]        ; 3.3-V LVTTL  ; 0 s                 ; 0 s                 ; 3.08 V                       ; 8.89e-09 V                   ; 3.12 V              ; -0.11 V             ; 0.153 V                              ; 0.272 V                              ; 6.41e-10 s                  ; 4.57e-10 s                  ; No                         ; Yes                        ; 3.08 V                      ; 8.89e-09 V                  ; 3.12 V             ; -0.11 V            ; 0.153 V                             ; 0.272 V                             ; 6.41e-10 s                 ; 4.57e-10 s                 ; No                        ; Yes                       ;
; dac_clk       ; 3.3-V LVTTL  ; 0 s                 ; 0 s                 ; 3.08 V                       ; 8.89e-09 V                   ; 3.12 V              ; -0.11 V             ; 0.153 V                              ; 0.272 V                              ; 6.41e-10 s                  ; 4.57e-10 s                  ; No                         ; Yes                        ; 3.08 V                      ; 8.89e-09 V                  ; 3.12 V             ; -0.11 V            ; 0.153 V                             ; 0.272 V                             ; 6.41e-10 s                 ; 4.57e-10 s                 ; No                        ; Yes                       ;
; dac_data[0]   ; 3.3-V LVTTL  ; 0 s                 ; 0 s                 ; 3.08 V                       ; 8.89e-09 V                   ; 3.12 V              ; -0.11 V             ; 0.153 V                              ; 0.272 V                              ; 6.41e-10 s                  ; 4.57e-10 s                  ; No                         ; Yes                        ; 3.08 V                      ; 8.89e-09 V                  ; 3.12 V             ; -0.11 V            ; 0.153 V                             ; 0.272 V                             ; 6.41e-10 s                 ; 4.57e-10 s                 ; No                        ; Yes                       ;
; dac_data[1]   ; 3.3-V LVTTL  ; 0 s                 ; 0 s                 ; 3.08 V                       ; 8.89e-09 V                   ; 3.12 V              ; -0.11 V             ; 0.153 V                              ; 0.272 V                              ; 6.41e-10 s                  ; 4.57e-10 s                  ; No                         ; Yes                        ; 3.08 V                      ; 8.89e-09 V                  ; 3.12 V             ; -0.11 V            ; 0.153 V                             ; 0.272 V                             ; 6.41e-10 s                 ; 4.57e-10 s                 ; No                        ; Yes                       ;
; dac_data[2]   ; 3.3-V LVTTL  ; 0 s                 ; 0 s                 ; 3.08 V                       ; 8.89e-09 V                   ; 3.12 V              ; -0.11 V             ; 0.153 V                              ; 0.272 V                              ; 6.41e-10 s                  ; 4.57e-10 s                  ; No                         ; Yes                        ; 3.08 V                      ; 8.89e-09 V                  ; 3.12 V             ; -0.11 V            ; 0.153 V                             ; 0.272 V                             ; 6.41e-10 s                 ; 4.57e-10 s                 ; No                        ; Yes                       ;
; dac_data[3]   ; 3.3-V LVTTL  ; 0 s                 ; 0 s                 ; 3.08 V                       ; 8.89e-09 V                   ; 3.09 V              ; -0.011 V            ; 0.196 V                              ; 0.301 V                              ; 4.93e-09 s                  ; 3.56e-09 s                  ; Yes                        ; Yes                        ; 3.08 V                      ; 8.89e-09 V                  ; 3.09 V             ; -0.011 V           ; 0.196 V                             ; 0.301 V                             ; 4.93e-09 s                 ; 3.56e-09 s                 ; Yes                       ; Yes                       ;
; dac_data[4]   ; 3.3-V LVTTL  ; 0 s                 ; 0 s                 ; 3.08 V                       ; 8.89e-09 V                   ; 3.12 V              ; -0.11 V             ; 0.153 V                              ; 0.272 V                              ; 6.41e-10 s                  ; 4.57e-10 s                  ; No                         ; Yes                        ; 3.08 V                      ; 8.89e-09 V                  ; 3.12 V             ; -0.11 V            ; 0.153 V                             ; 0.272 V                             ; 6.41e-10 s                 ; 4.57e-10 s                 ; No                        ; Yes                       ;
; dac_data[5]   ; 3.3-V LVTTL  ; 0 s                 ; 0 s                 ; 3.08 V                       ; 8.89e-09 V                   ; 3.12 V              ; -0.11 V             ; 0.153 V                              ; 0.272 V                              ; 6.41e-10 s                  ; 4.57e-10 s                  ; No                         ; Yes                        ; 3.08 V                      ; 8.89e-09 V                  ; 3.12 V             ; -0.11 V            ; 0.153 V                             ; 0.272 V                             ; 6.41e-10 s                 ; 4.57e-10 s                 ; No                        ; Yes                       ;
; dac_data[6]   ; 3.3-V LVTTL  ; 0 s                 ; 0 s                 ; 3.08 V                       ; 8.89e-09 V                   ; 3.12 V              ; -0.11 V             ; 0.153 V                              ; 0.272 V                              ; 6.41e-10 s                  ; 4.57e-10 s                  ; No                         ; Yes                        ; 3.08 V                      ; 8.89e-09 V                  ; 3.12 V             ; -0.11 V            ; 0.153 V                             ; 0.272 V                             ; 6.41e-10 s                 ; 4.57e-10 s                 ; No                        ; Yes                       ;
; dac_data[7]   ; 3.3-V LVTTL  ; 0 s                 ; 0 s                 ; 3.08 V                       ; 8.89e-09 V                   ; 3.12 V              ; -0.11 V             ; 0.153 V                              ; 0.272 V                              ; 6.41e-10 s                  ; 4.57e-10 s                  ; No                         ; Yes                        ; 3.08 V                      ; 8.89e-09 V                  ; 3.12 V             ; -0.11 V            ; 0.153 V                             ; 0.272 V                             ; 6.41e-10 s                 ; 4.57e-10 s                 ; No                        ; Yes                       ;
; dac_data[8]   ; 3.3-V LVTTL  ; 0 s                 ; 0 s                 ; 3.08 V                       ; 8.89e-09 V                   ; 3.12 V              ; -0.11 V             ; 0.153 V                              ; 0.272 V                              ; 6.41e-10 s                  ; 4.57e-10 s                  ; No                         ; Yes                        ; 3.08 V                      ; 8.89e-09 V                  ; 3.12 V             ; -0.11 V            ; 0.153 V                             ; 0.272 V                             ; 6.41e-10 s                 ; 4.57e-10 s                 ; No                        ; Yes                       ;
; dac_data[9]   ; 3.3-V LVTTL  ; 0 s                 ; 0 s                 ; 3.08 V                       ; 8.89e-09 V                   ; 3.12 V              ; -0.11 V             ; 0.153 V                              ; 0.272 V                              ; 6.41e-10 s                  ; 4.57e-10 s                  ; No                         ; Yes                        ; 3.08 V                      ; 8.89e-09 V                  ; 3.12 V             ; -0.11 V            ; 0.153 V                             ; 0.272 V                             ; 6.41e-10 s                 ; 4.57e-10 s                 ; No                        ; Yes                       ;
; dac_data[10]  ; 3.3-V LVTTL  ; 0 s                 ; 0 s                 ; 3.08 V                       ; 8.89e-09 V                   ; 3.12 V              ; -0.11 V             ; 0.153 V                              ; 0.272 V                              ; 6.41e-10 s                  ; 4.57e-10 s                  ; No                         ; Yes                        ; 3.08 V                      ; 8.89e-09 V                  ; 3.12 V             ; -0.11 V            ; 0.153 V                             ; 0.272 V                             ; 6.41e-10 s                 ; 4.57e-10 s                 ; No                        ; Yes                       ;
; dac_data[11]  ; 3.3-V LVTTL  ; 0 s                 ; 0 s                 ; 3.08 V                       ; 8.89e-09 V                   ; 3.12 V              ; -0.11 V             ; 0.153 V                              ; 0.272 V                              ; 6.41e-10 s                  ; 4.57e-10 s                  ; No                         ; Yes                        ; 3.08 V                      ; 8.89e-09 V                  ; 3.12 V             ; -0.11 V            ; 0.153 V                             ; 0.272 V                             ; 6.41e-10 s                 ; 4.57e-10 s                 ; No                        ; Yes                       ;
; dac_data[12]  ; 3.3-V LVTTL  ; 0 s                 ; 0 s                 ; 3.08 V                       ; 8.89e-09 V                   ; 3.12 V              ; -0.11 V             ; 0.153 V                              ; 0.272 V                              ; 6.41e-10 s                  ; 4.57e-10 s                  ; No                         ; Yes                        ; 3.08 V                      ; 8.89e-09 V                  ; 3.12 V             ; -0.11 V            ; 0.153 V                             ; 0.272 V                             ; 6.41e-10 s                 ; 4.57e-10 s                 ; No                        ; Yes                       ;
; dac_data[13]  ; 3.3-V LVTTL  ; 0 s                 ; 0 s                 ; 3.08 V                       ; 8.89e-09 V                   ; 3.12 V              ; -0.11 V             ; 0.153 V                              ; 0.272 V                              ; 6.41e-10 s                  ; 4.57e-10 s                  ; No                         ; Yes                        ; 3.08 V                      ; 8.89e-09 V                  ; 3.12 V             ; -0.11 V            ; 0.153 V                             ; 0.272 V                             ; 6.41e-10 s                 ; 4.57e-10 s                 ; No                        ; Yes                       ;
; mic_sck       ; 3.3-V LVTTL  ; 0 s                 ; 0 s                 ; 3.08 V                       ; 8.89e-09 V                   ; 3.12 V              ; -0.11 V             ; 0.153 V                              ; 0.272 V                              ; 6.41e-10 s                  ; 4.57e-10 s                  ; No                         ; Yes                        ; 3.08 V                      ; 8.89e-09 V                  ; 3.12 V             ; -0.11 V            ; 0.153 V                             ; 0.272 V                             ; 6.41e-10 s                 ; 4.57e-10 s                 ; No                        ; Yes                       ;
; mic_ws        ; 3.3-V LVTTL  ; 0 s                 ; 0 s                 ; 3.08 V                       ; 8.89e-09 V                   ; 3.12 V              ; -0.11 V             ; 0.153 V                              ; 0.272 V                              ; 6.41e-10 s                  ; 4.57e-10 s                  ; No                         ; Yes                        ; 3.08 V                      ; 8.89e-09 V                  ; 3.12 V             ; -0.11 V            ; 0.153 V                             ; 0.272 V                             ; 6.41e-10 s                 ; 4.57e-10 s                 ; No                        ; Yes                       ;
; mic_lr        ; 3.3-V LVTTL  ; 0 s                 ; 0 s                 ; 3.08 V                       ; 8.89e-09 V                   ; 3.12 V              ; -0.11 V             ; 0.153 V                              ; 0.272 V                              ; 6.41e-10 s                  ; 4.57e-10 s                  ; No                         ; Yes                        ; 3.08 V                      ; 8.89e-09 V                  ; 3.12 V             ; -0.11 V            ; 0.153 V                             ; 0.272 V                             ; 6.41e-10 s                 ; 4.57e-10 s                 ; No                        ; Yes                       ;
; ~ALTERA_DCLK~ ; 3.3-V LVTTL  ; 0 s                 ; 0 s                 ; 3.08 V                       ; 3.51e-09 V                   ; 3.18 V              ; -0.157 V            ; 0.147 V                              ; 0.259 V                              ; 2.81e-10 s                  ; 2.53e-10 s                  ; Yes                        ; Yes                        ; 3.08 V                      ; 3.51e-09 V                  ; 3.18 V             ; -0.157 V           ; 0.147 V                             ; 0.259 V                             ; 2.81e-10 s                 ; 2.53e-10 s                 ; Yes                       ; Yes                       ;
; ~ALTERA_nCEO~ ; 2.5 V        ; 0 s                 ; 0 s                 ; 2.32 V                       ; 2.57e-09 V                   ; 2.37 V              ; -0.00683 V          ; 0.171 V                              ; 0.018 V                              ; 4.97e-10 s                  ; 6.66e-10 s                  ; Yes                        ; Yes                        ; 2.32 V                      ; 2.57e-09 V                  ; 2.37 V             ; -0.00683 V         ; 0.171 V                             ; 0.018 V                             ; 4.97e-10 s                 ; 6.66e-10 s                 ; Yes                       ; Yes                       ;
+---------------+--------------+---------------------+---------------------+------------------------------+------------------------------+---------------------+---------------------+--------------------------------------+--------------------------------------+-----------------------------+-----------------------------+----------------------------+----------------------------+-----------------------------+-----------------------------+--------------------+--------------------+-------------------------------------+-------------------------------------+----------------------------+----------------------------+---------------------------+---------------------------+


+--------------------------------------------------------------------------------------------------------------------------------------------------------------------------------------------------------------------------------------------------------------------------------------------------------------------------------------------------------------------------------------------------------------------------------------------------------------------------------------------------------------------------------------------------------------------------------------------------------------------------------------------------------------------------------------------+
; Signal Integrity Metrics (Slow 1200mv 85c Model)                                                                                                                                                                                                                                                                                                                                                                                                                                                                                                                                                                                                                                           ;
+---------------+--------------+---------------------+---------------------+------------------------------+------------------------------+---------------------+---------------------+--------------------------------------+--------------------------------------+-----------------------------+-----------------------------+----------------------------+----------------------------+-----------------------------+-----------------------------+--------------------+--------------------+-------------------------------------+-------------------------------------+----------------------------+----------------------------+---------------------------+---------------------------+
; Pin           ; I/O Standard ; Board Delay on Rise ; Board Delay on Fall ; Steady State Voh at FPGA Pin ; Steady State Vol at FPGA Pin ; Voh Max at FPGA Pin ; Vol Min at FPGA Pin ; Ringback Voltage on Rise at FPGA Pin ; Ringback Voltage on Fall at FPGA Pin ; 10-90 Rise Time at FPGA Pin ; 90-10 Fall Time at FPGA Pin ; Monotonic Rise at FPGA Pin ; Monotonic Fall at FPGA Pin ; Steady State Voh at Far-end ; Steady State Vol at Far-end ; Voh Max at Far-end ; Vol Min at Far-end ; Ringback Voltage on Rise at Far-end ; Ringback Voltage on Fall at Far-end ; 10-90 Rise Time at Far-end ; 90-10 Fall Time at Far-end ; Monotonic Rise at Far-end ; Monotonic Fall at Far-end ;
+---------------+--------------+---------------------+---------------------+------------------------------+------------------------------+---------------------+---------------------+--------------------------------------+--------------------------------------+-----------------------------+-----------------------------+----------------------------+----------------------------+-----------------------------+-----------------------------+--------------------+--------------------+-------------------------------------+-------------------------------------+----------------------------+----------------------------+---------------------------+---------------------------+
; led[0]        ; 3.3-V LVTTL  ; 0 s                 ; 0 s                 ; 3.08 V                       ; 7.5e-07 V                    ; 3.11 V              ; -0.0503 V           ; 0.122 V                              ; 0.172 V                              ; 7.08e-10 s                  ; 6.43e-10 s                  ; Yes                        ; Yes                        ; 3.08 V                      ; 7.5e-07 V                   ; 3.11 V             ; -0.0503 V          ; 0.122 V                             ; 0.172 V                             ; 7.08e-10 s                 ; 6.43e-10 s                 ; Yes                       ; Yes                       ;
; led[1]        ; 3.3-V LVTTL  ; 0 s                 ; 0 s                 ; 3.08 V                       ; 7.5e-07 V                    ; 3.11 V              ; -0.0503 V           ; 0.122 V                              ; 0.172 V                              ; 7.08e-10 s                  ; 6.43e-10 s                  ; Yes                        ; Yes                        ; 3.08 V                      ; 7.5e-07 V                   ; 3.11 V             ; -0.0503 V          ; 0.122 V                             ; 0.172 V                             ; 7.08e-10 s                 ; 6.43e-10 s                 ; Yes                       ; Yes                       ;
; led[2]        ; 3.3-V LVTTL  ; 0 s                 ; 0 s                 ; 3.08 V                       ; 7.5e-07 V                    ; 3.11 V              ; -0.0503 V           ; 0.122 V                              ; 0.172 V                              ; 7.08e-10 s                  ; 6.43e-10 s                  ; Yes                        ; Yes                        ; 3.08 V                      ; 7.5e-07 V                   ; 3.11 V             ; -0.0503 V          ; 0.122 V                             ; 0.172 V                             ; 7.08e-10 s                 ; 6.43e-10 s                 ; Yes                       ; Yes                       ;
; led[3]        ; 3.3-V LVTTL  ; 0 s                 ; 0 s                 ; 3.08 V                       ; 7.5e-07 V                    ; 3.11 V              ; -0.0503 V           ; 0.122 V                              ; 0.172 V                              ; 7.08e-10 s                  ; 6.43e-10 s                  ; Yes                        ; Yes                        ; 3.08 V                      ; 7.5e-07 V                   ; 3.11 V             ; -0.0503 V          ; 0.122 V                             ; 0.172 V                             ; 7.08e-10 s                 ; 6.43e-10 s                 ; Yes                       ; Yes                       ;
; dac_clk       ; 3.3-V LVTTL  ; 0 s                 ; 0 s                 ; 3.08 V                       ; 7.5e-07 V                    ; 3.11 V              ; -0.0503 V           ; 0.122 V                              ; 0.172 V                              ; 7.08e-10 s                  ; 6.43e-10 s                  ; Yes                        ; Yes                        ; 3.08 V                      ; 7.5e-07 V                   ; 3.11 V             ; -0.0503 V          ; 0.122 V                             ; 0.172 V                             ; 7.08e-10 s                 ; 6.43e-10 s                 ; Yes                       ; Yes                       ;
; dac_data[0]   ; 3.3-V LVTTL  ; 0 s                 ; 0 s                 ; 3.08 V                       ; 7.5e-07 V                    ; 3.11 V              ; -0.0503 V           ; 0.122 V                              ; 0.172 V                              ; 7.08e-10 s                  ; 6.43e-10 s                  ; Yes                        ; Yes                        ; 3.08 V                      ; 7.5e-07 V                   ; 3.11 V             ; -0.0503 V          ; 0.122 V                             ; 0.172 V                             ; 7.08e-10 s                 ; 6.43e-10 s                 ; Yes                       ; Yes                       ;
; dac_data[1]   ; 3.3-V LVTTL  ; 0 s                 ; 0 s                 ; 3.08 V                       ; 7.5e-07 V                    ; 3.11 V              ; -0.0503 V           ; 0.122 V                              ; 0.172 V                              ; 7.08e-10 s                  ; 6.43e-10 s                  ; Yes                        ; Yes                        ; 3.08 V                      ; 7.5e-07 V                   ; 3.11 V             ; -0.0503 V          ; 0.122 V                             ; 0.172 V                             ; 7.08e-10 s                 ; 6.43e-10 s                 ; Yes                       ; Yes                       ;
; dac_data[2]   ; 3.3-V LVTTL  ; 0 s                 ; 0 s                 ; 3.08 V                       ; 7.5e-07 V                    ; 3.11 V              ; -0.0503 V           ; 0.122 V                              ; 0.172 V                              ; 7.08e-10 s                  ; 6.43e-10 s                  ; Yes                        ; Yes                        ; 3.08 V                      ; 7.5e-07 V                   ; 3.11 V             ; -0.0503 V          ; 0.122 V                             ; 0.172 V                             ; 7.08e-10 s                 ; 6.43e-10 s                 ; Yes                       ; Yes                       ;
; dac_data[3]   ; 3.3-V LVTTL  ; 0 s                 ; 0 s                 ; 3.08 V                       ; 7.5e-07 V                    ; 3.08 V              ; -0.00457 V          ; 0.185 V                              ; 0.21 V                               ; 5.8e-09 s                   ; 4.46e-09 s                  ; Yes                        ; Yes                        ; 3.08 V                      ; 7.5e-07 V                   ; 3.08 V             ; -0.00457 V         ; 0.185 V                             ; 0.21 V                              ; 5.8e-09 s                  ; 4.46e-09 s                 ; Yes                       ; Yes                       ;
; dac_data[4]   ; 3.3-V LVTTL  ; 0 s                 ; 0 s                 ; 3.08 V                       ; 7.5e-07 V                    ; 3.11 V              ; -0.0503 V           ; 0.122 V                              ; 0.172 V                              ; 7.08e-10 s                  ; 6.43e-10 s                  ; Yes                        ; Yes                        ; 3.08 V                      ; 7.5e-07 V                   ; 3.11 V             ; -0.0503 V          ; 0.122 V                             ; 0.172 V                             ; 7.08e-10 s                 ; 6.43e-10 s                 ; Yes                       ; Yes                       ;
; dac_data[5]   ; 3.3-V LVTTL  ; 0 s                 ; 0 s                 ; 3.08 V                       ; 7.5e-07 V                    ; 3.11 V              ; -0.0503 V           ; 0.122 V                              ; 0.172 V                              ; 7.08e-10 s                  ; 6.43e-10 s                  ; Yes                        ; Yes                        ; 3.08 V                      ; 7.5e-07 V                   ; 3.11 V             ; -0.0503 V          ; 0.122 V                             ; 0.172 V                             ; 7.08e-10 s                 ; 6.43e-10 s                 ; Yes                       ; Yes                       ;
; dac_data[6]   ; 3.3-V LVTTL  ; 0 s                 ; 0 s                 ; 3.08 V                       ; 7.5e-07 V                    ; 3.11 V              ; -0.0503 V           ; 0.122 V                              ; 0.172 V                              ; 7.08e-10 s                  ; 6.43e-10 s                  ; Yes                        ; Yes                        ; 3.08 V                      ; 7.5e-07 V                   ; 3.11 V             ; -0.0503 V          ; 0.122 V                             ; 0.172 V                             ; 7.08e-10 s                 ; 6.43e-10 s                 ; Yes                       ; Yes                       ;
; dac_data[7]   ; 3.3-V LVTTL  ; 0 s                 ; 0 s                 ; 3.08 V                       ; 7.5e-07 V                    ; 3.11 V              ; -0.0503 V           ; 0.122 V                              ; 0.172 V                              ; 7.08e-10 s                  ; 6.43e-10 s                  ; Yes                        ; Yes                        ; 3.08 V                      ; 7.5e-07 V                   ; 3.11 V             ; -0.0503 V          ; 0.122 V                             ; 0.172 V                             ; 7.08e-10 s                 ; 6.43e-10 s                 ; Yes                       ; Yes                       ;
; dac_data[8]   ; 3.3-V LVTTL  ; 0 s                 ; 0 s                 ; 3.08 V                       ; 7.5e-07 V                    ; 3.11 V              ; -0.0503 V           ; 0.122 V                              ; 0.172 V                              ; 7.08e-10 s                  ; 6.43e-10 s                  ; Yes                        ; Yes                        ; 3.08 V                      ; 7.5e-07 V                   ; 3.11 V             ; -0.0503 V          ; 0.122 V                             ; 0.172 V                             ; 7.08e-10 s                 ; 6.43e-10 s                 ; Yes                       ; Yes                       ;
; dac_data[9]   ; 3.3-V LVTTL  ; 0 s                 ; 0 s                 ; 3.08 V                       ; 7.5e-07 V                    ; 3.11 V              ; -0.0503 V           ; 0.122 V                              ; 0.172 V                              ; 7.08e-10 s                  ; 6.43e-10 s                  ; Yes                        ; Yes                        ; 3.08 V                      ; 7.5e-07 V                   ; 3.11 V             ; -0.0503 V          ; 0.122 V                             ; 0.172 V                             ; 7.08e-10 s                 ; 6.43e-10 s                 ; Yes                       ; Yes                       ;
; dac_data[10]  ; 3.3-V LVTTL  ; 0 s                 ; 0 s                 ; 3.08 V                       ; 7.5e-07 V                    ; 3.11 V              ; -0.0503 V           ; 0.122 V                              ; 0.172 V                              ; 7.08e-10 s                  ; 6.43e-10 s                  ; Yes                        ; Yes                        ; 3.08 V                      ; 7.5e-07 V                   ; 3.11 V             ; -0.0503 V          ; 0.122 V                             ; 0.172 V                             ; 7.08e-10 s                 ; 6.43e-10 s                 ; Yes                       ; Yes                       ;
; dac_data[11]  ; 3.3-V LVTTL  ; 0 s                 ; 0 s                 ; 3.08 V                       ; 7.5e-07 V                    ; 3.11 V              ; -0.0503 V           ; 0.122 V                              ; 0.172 V                              ; 7.08e-10 s                  ; 6.43e-10 s                  ; Yes                        ; Yes                        ; 3.08 V                      ; 7.5e-07 V                   ; 3.11 V             ; -0.0503 V          ; 0.122 V                             ; 0.172 V                             ; 7.08e-10 s                 ; 6.43e-10 s                 ; Yes                       ; Yes                       ;
; dac_data[12]  ; 3.3-V LVTTL  ; 0 s                 ; 0 s                 ; 3.08 V                       ; 7.5e-07 V                    ; 3.11 V              ; -0.0503 V           ; 0.122 V                              ; 0.172 V                              ; 7.08e-10 s                  ; 6.43e-10 s                  ; Yes                        ; Yes                        ; 3.08 V                      ; 7.5e-07 V                   ; 3.11 V             ; -0.0503 V          ; 0.122 V                             ; 0.172 V                             ; 7.08e-10 s                 ; 6.43e-10 s                 ; Yes                       ; Yes                       ;
; dac_data[13]  ; 3.3-V LVTTL  ; 0 s                 ; 0 s                 ; 3.08 V                       ; 7.5e-07 V                    ; 3.11 V              ; -0.0503 V           ; 0.122 V                              ; 0.172 V                              ; 7.08e-10 s                  ; 6.43e-10 s                  ; Yes                        ; Yes                        ; 3.08 V                      ; 7.5e-07 V                   ; 3.11 V             ; -0.0503 V          ; 0.122 V                             ; 0.172 V                             ; 7.08e-10 s                 ; 6.43e-10 s                 ; Yes                       ; Yes                       ;
; mic_sck       ; 3.3-V LVTTL  ; 0 s                 ; 0 s                 ; 3.08 V                       ; 7.5e-07 V                    ; 3.11 V              ; -0.0503 V           ; 0.122 V                              ; 0.172 V                              ; 7.08e-10 s                  ; 6.43e-10 s                  ; Yes                        ; Yes                        ; 3.08 V                      ; 7.5e-07 V                   ; 3.11 V             ; -0.0503 V          ; 0.122 V                             ; 0.172 V                             ; 7.08e-10 s                 ; 6.43e-10 s                 ; Yes                       ; Yes                       ;
; mic_ws        ; 3.3-V LVTTL  ; 0 s                 ; 0 s                 ; 3.08 V                       ; 7.5e-07 V                    ; 3.11 V              ; -0.0503 V           ; 0.122 V                              ; 0.172 V                              ; 7.08e-10 s                  ; 6.43e-10 s                  ; Yes                        ; Yes                        ; 3.08 V                      ; 7.5e-07 V                   ; 3.11 V             ; -0.0503 V          ; 0.122 V                             ; 0.172 V                             ; 7.08e-10 s                 ; 6.43e-10 s                 ; Yes                       ; Yes                       ;
; mic_lr        ; 3.3-V LVTTL  ; 0 s                 ; 0 s                 ; 3.08 V                       ; 7.5e-07 V                    ; 3.11 V              ; -0.0503 V           ; 0.122 V                              ; 0.172 V                              ; 7.08e-10 s                  ; 6.43e-10 s                  ; Yes                        ; Yes                        ; 3.08 V                      ; 7.5e-07 V                   ; 3.11 V             ; -0.0503 V          ; 0.122 V                             ; 0.172 V                             ; 7.08e-10 s                 ; 6.43e-10 s                 ; Yes                       ; Yes                       ;
; ~ALTERA_DCLK~ ; 3.3-V LVTTL  ; 0 s                 ; 0 s                 ; 3.08 V                       ; 2.6e-07 V                    ; 3.13 V              ; -0.103 V            ; 0.164 V                              ; 0.134 V                              ; 3.14e-10 s                  ; 4.05e-10 s                  ; Yes                        ; No                         ; 3.08 V                      ; 2.6e-07 V                   ; 3.13 V             ; -0.103 V           ; 0.164 V                             ; 0.134 V                             ; 3.14e-10 s                 ; 4.05e-10 s                 ; Yes                       ; No                        ;
; ~ALTERA_nCEO~ ; 2.5 V        ; 0 s                 ; 0 s                 ; 2.32 V                       ; 2.54e-07 V                   ; 2.34 V              ; -0.00774 V          ; 0.109 V                              ; 0.026 V                              ; 6.58e-10 s                  ; 8.24e-10 s                  ; Yes                        ; Yes                        ; 2.32 V                      ; 2.54e-07 V                  ; 2.34 V             ; -0.00774 V         ; 0.109 V                             ; 0.026 V                             ; 6.58e-10 s                 ; 8.24e-10 s                 ; Yes                       ; Yes                       ;
+---------------+--------------+---------------------+---------------------+------------------------------+------------------------------+---------------------+---------------------+--------------------------------------+--------------------------------------+-----------------------------+-----------------------------+----------------------------+----------------------------+-----------------------------+-----------------------------+--------------------+--------------------+-------------------------------------+-------------------------------------+----------------------------+----------------------------+---------------------------+---------------------------+


+--------------------------------------------------------------------------------------------------------------------------------------------------------------------------------------------------------------------------------------------------------------------------------------------------------------------------------------------------------------------------------------------------------------------------------------------------------------------------------------------------------------------------------------------------------------------------------------------------------------------------------------------------------------------------------------------+
; Signal Integrity Metrics (Fast 1200mv 0c Model)                                                                                                                                                                                                                                                                                                                                                                                                                                                                                                                                                                                                                                            ;
+---------------+--------------+---------------------+---------------------+------------------------------+------------------------------+---------------------+---------------------+--------------------------------------+--------------------------------------+-----------------------------+-----------------------------+----------------------------+----------------------------+-----------------------------+-----------------------------+--------------------+--------------------+-------------------------------------+-------------------------------------+----------------------------+----------------------------+---------------------------+---------------------------+
; Pin           ; I/O Standard ; Board Delay on Rise ; Board Delay on Fall ; Steady State Voh at FPGA Pin ; Steady State Vol at FPGA Pin ; Voh Max at FPGA Pin ; Vol Min at FPGA Pin ; Ringback Voltage on Rise at FPGA Pin ; Ringback Voltage on Fall at FPGA Pin ; 10-90 Rise Time at FPGA Pin ; 90-10 Fall Time at FPGA Pin ; Monotonic Rise at FPGA Pin ; Monotonic Fall at FPGA Pin ; Steady State Voh at Far-end ; Steady State Vol at Far-end ; Voh Max at Far-end ; Vol Min at Far-end ; Ringback Voltage on Rise at Far-end ; Ringback Voltage on Fall at Far-end ; 10-90 Rise Time at Far-end ; 90-10 Fall Time at Far-end ; Monotonic Rise at Far-end ; Monotonic Fall at Far-end ;
+---------------+--------------+---------------------+---------------------+------------------------------+------------------------------+---------------------+---------------------+--------------------------------------+--------------------------------------+-----------------------------+-----------------------------+----------------------------+----------------------------+-----------------------------+-----------------------------+--------------------+--------------------+-------------------------------------+-------------------------------------+----------------------------+----------------------------+---------------------------+---------------------------+
; led[0]        ; 3.3-V LVTTL  ; 0 s                 ; 0 s                 ; 3.46 V                       ; 1.85e-07 V                   ; 3.57 V              ; -0.141 V            ; 0.301 V                              ; 0.239 V                              ; 4.61e-10 s                  ; 4.2e-10 s                   ; No                         ; No                         ; 3.46 V                      ; 1.85e-07 V                  ; 3.57 V             ; -0.141 V           ; 0.301 V                             ; 0.239 V                             ; 4.61e-10 s                 ; 4.2e-10 s                  ; No                        ; No                        ;
; led[1]        ; 3.3-V LVTTL  ; 0 s                 ; 0 s                 ; 3.46 V                       ; 1.85e-07 V                   ; 3.57 V              ; -0.141 V            ; 0.301 V                              ; 0.239 V                              ; 4.61e-10 s                  ; 4.2e-10 s                   ; No                         ; No                         ; 3.46 V                      ; 1.85e-07 V                  ; 3.57 V             ; -0.141 V           ; 0.301 V                             ; 0.239 V                             ; 4.61e-10 s                 ; 4.2e-10 s                  ; No                        ; No                        ;
; led[2]        ; 3.3-V LVTTL  ; 0 s                 ; 0 s                 ; 3.46 V                       ; 1.85e-07 V                   ; 3.57 V              ; -0.141 V            ; 0.301 V                              ; 0.239 V                              ; 4.61e-10 s                  ; 4.2e-10 s                   ; No                         ; No                         ; 3.46 V                      ; 1.85e-07 V                  ; 3.57 V             ; -0.141 V           ; 0.301 V                             ; 0.239 V                             ; 4.61e-10 s                 ; 4.2e-10 s                  ; No                        ; No                        ;
; led[3]        ; 3.3-V LVTTL  ; 0 s                 ; 0 s                 ; 3.46 V                       ; 1.85e-07 V                   ; 3.57 V              ; -0.141 V            ; 0.301 V                              ; 0.239 V                              ; 4.61e-10 s                  ; 4.2e-10 s                   ; No                         ; No                         ; 3.46 V                      ; 1.85e-07 V                  ; 3.57 V             ; -0.141 V           ; 0.301 V                             ; 0.239 V                             ; 4.61e-10 s                 ; 4.2e-10 s                  ; No                        ; No                        ;
; dac_clk       ; 3.3-V LVTTL  ; 0 s                 ; 0 s                 ; 3.46 V                       ; 1.85e-07 V                   ; 3.57 V              ; -0.141 V            ; 0.301 V                              ; 0.239 V                              ; 4.61e-10 s                  ; 4.2e-10 s                   ; No                         ; No                         ; 3.46 V                      ; 1.85e-07 V                  ; 3.57 V             ; -0.141 V           ; 0.301 V                             ; 0.239 V                             ; 4.61e-10 s                 ; 4.2e-10 s                  ; No                        ; No                        ;
; dac_data[0]   ; 3.3-V LVTTL  ; 0 s                 ; 0 s                 ; 3.46 V                       ; 1.85e-07 V                   ; 3.57 V              ; -0.141 V            ; 0.301 V                              ; 0.239 V                              ; 4.61e-10 s                  ; 4.2e-10 s                   ; No                         ; No                         ; 3.46 V                      ; 1.85e-07 V                  ; 3.57 V             ; -0.141 V           ; 0.301 V                             ; 0.239 V                             ; 4.61e-10 s                 ; 4.2e-10 s                  ; No                        ; No                        ;
; dac_data[1]   ; 3.3-V LVTTL  ; 0 s                 ; 0 s                 ; 3.46 V                       ; 1.85e-07 V                   ; 3.57 V              ; -0.141 V            ; 0.301 V                              ; 0.239 V                              ; 4.61e-10 s                  ; 4.2e-10 s                   ; No                         ; No                         ; 3.46 V                      ; 1.85e-07 V                  ; 3.57 V             ; -0.141 V           ; 0.301 V                             ; 0.239 V                             ; 4.61e-10 s                 ; 4.2e-10 s                  ; No                        ; No                        ;
; dac_data[2]   ; 3.3-V LVTTL  ; 0 s                 ; 0 s                 ; 3.46 V                       ; 1.85e-07 V                   ; 3.57 V              ; -0.141 V            ; 0.301 V                              ; 0.239 V                              ; 4.61e-10 s                  ; 4.2e-10 s                   ; No                         ; No                         ; 3.46 V                      ; 1.85e-07 V                  ; 3.57 V             ; -0.141 V           ; 0.301 V                             ; 0.239 V                             ; 4.61e-10 s                 ; 4.2e-10 s                  ; No                        ; No                        ;
; dac_data[3]   ; 3.3-V LVTTL  ; 0 s                 ; 0 s                 ; 3.46 V                       ; 1.85e-07 V                   ; 3.48 V              ; -0.0173 V           ; 0.356 V                              ; 0.324 V                              ; 3.89e-09 s                  ; 3.06e-09 s                  ; No                         ; No                         ; 3.46 V                      ; 1.85e-07 V                  ; 3.48 V             ; -0.0173 V          ; 0.356 V                             ; 0.324 V                             ; 3.89e-09 s                 ; 3.06e-09 s                 ; No                        ; No                        ;
; dac_data[4]   ; 3.3-V LVTTL  ; 0 s                 ; 0 s                 ; 3.46 V                       ; 1.85e-07 V                   ; 3.57 V              ; -0.141 V            ; 0.301 V                              ; 0.239 V                              ; 4.61e-10 s                  ; 4.2e-10 s                   ; No                         ; No                         ; 3.46 V                      ; 1.85e-07 V                  ; 3.57 V             ; -0.141 V           ; 0.301 V                             ; 0.239 V                             ; 4.61e-10 s                 ; 4.2e-10 s                  ; No                        ; No                        ;
; dac_data[5]   ; 3.3-V LVTTL  ; 0 s                 ; 0 s                 ; 3.46 V                       ; 1.85e-07 V                   ; 3.57 V              ; -0.141 V            ; 0.301 V                              ; 0.239 V                              ; 4.61e-10 s                  ; 4.2e-10 s                   ; No                         ; No                         ; 3.46 V                      ; 1.85e-07 V                  ; 3.57 V             ; -0.141 V           ; 0.301 V                             ; 0.239 V                             ; 4.61e-10 s                 ; 4.2e-10 s                  ; No                        ; No                        ;
; dac_data[6]   ; 3.3-V LVTTL  ; 0 s                 ; 0 s                 ; 3.46 V                       ; 1.85e-07 V                   ; 3.57 V              ; -0.141 V            ; 0.301 V                              ; 0.239 V                              ; 4.61e-10 s                  ; 4.2e-10 s                   ; No                         ; No                         ; 3.46 V                      ; 1.85e-07 V                  ; 3.57 V             ; -0.141 V           ; 0.301 V                             ; 0.239 V                             ; 4.61e-10 s                 ; 4.2e-10 s                  ; No                        ; No                        ;
; dac_data[7]   ; 3.3-V LVTTL  ; 0 s                 ; 0 s                 ; 3.46 V                       ; 1.85e-07 V                   ; 3.57 V              ; -0.141 V            ; 0.301 V                              ; 0.239 V                              ; 4.61e-10 s                  ; 4.2e-10 s                   ; No                         ; No                         ; 3.46 V                      ; 1.85e-07 V                  ; 3.57 V             ; -0.141 V           ; 0.301 V                             ; 0.239 V                             ; 4.61e-10 s                 ; 4.2e-10 s                  ; No                        ; No                        ;
; dac_data[8]   ; 3.3-V LVTTL  ; 0 s                 ; 0 s                 ; 3.46 V                       ; 1.85e-07 V                   ; 3.57 V              ; -0.141 V            ; 0.301 V                              ; 0.239 V                              ; 4.61e-10 s                  ; 4.2e-10 s                   ; No                         ; No                         ; 3.46 V                      ; 1.85e-07 V                  ; 3.57 V             ; -0.141 V           ; 0.301 V                             ; 0.239 V                             ; 4.61e-10 s                 ; 4.2e-10 s                  ; No                        ; No                        ;
; dac_data[9]   ; 3.3-V LVTTL  ; 0 s                 ; 0 s                 ; 3.46 V                       ; 1.85e-07 V                   ; 3.57 V              ; -0.141 V            ; 0.301 V                              ; 0.239 V                              ; 4.61e-10 s                  ; 4.2e-10 s                   ; No                         ; No                         ; 3.46 V                      ; 1.85e-07 V                  ; 3.57 V             ; -0.141 V           ; 0.301 V                             ; 0.239 V                             ; 4.61e-10 s                 ; 4.2e-10 s                  ; No                        ; No                        ;
; dac_data[10]  ; 3.3-V LVTTL  ; 0 s                 ; 0 s                 ; 3.46 V                       ; 1.85e-07 V                   ; 3.57 V              ; -0.141 V            ; 0.301 V                              ; 0.239 V                              ; 4.61e-10 s                  ; 4.2e-10 s                   ; No                         ; No                         ; 3.46 V                      ; 1.85e-07 V                  ; 3.57 V             ; -0.141 V           ; 0.301 V                             ; 0.239 V                             ; 4.61e-10 s                 ; 4.2e-10 s                  ; No                        ; No                        ;
; dac_data[11]  ; 3.3-V LVTTL  ; 0 s                 ; 0 s                 ; 3.46 V                       ; 1.85e-07 V                   ; 3.57 V              ; -0.141 V            ; 0.301 V                              ; 0.239 V                              ; 4.61e-10 s                  ; 4.2e-10 s                   ; No                         ; No                         ; 3.46 V                      ; 1.85e-07 V                  ; 3.57 V             ; -0.141 V           ; 0.301 V                             ; 0.239 V                             ; 4.61e-10 s                 ; 4.2e-10 s                  ; No                        ; No                        ;
; dac_data[12]  ; 3.3-V LVTTL  ; 0 s                 ; 0 s                 ; 3.46 V                       ; 1.85e-07 V                   ; 3.57 V              ; -0.141 V            ; 0.301 V                              ; 0.239 V                              ; 4.61e-10 s                  ; 4.2e-10 s                   ; No                         ; No                         ; 3.46 V                      ; 1.85e-07 V                  ; 3.57 V             ; -0.141 V           ; 0.301 V                             ; 0.239 V                             ; 4.61e-10 s                 ; 4.2e-10 s                  ; No                        ; No                        ;
; dac_data[13]  ; 3.3-V LVTTL  ; 0 s                 ; 0 s                 ; 3.46 V                       ; 1.85e-07 V                   ; 3.57 V              ; -0.141 V            ; 0.301 V                              ; 0.239 V                              ; 4.61e-10 s                  ; 4.2e-10 s                   ; No                         ; No                         ; 3.46 V                      ; 1.85e-07 V                  ; 3.57 V             ; -0.141 V           ; 0.301 V                             ; 0.239 V                             ; 4.61e-10 s                 ; 4.2e-10 s                  ; No                        ; No                        ;
; mic_sck       ; 3.3-V LVTTL  ; 0 s                 ; 0 s                 ; 3.46 V                       ; 1.85e-07 V                   ; 3.57 V              ; -0.141 V            ; 0.301 V                              ; 0.239 V                              ; 4.61e-10 s                  ; 4.2e-10 s                   ; No                         ; No                         ; 3.46 V                      ; 1.85e-07 V                  ; 3.57 V             ; -0.141 V           ; 0.301 V                             ; 0.239 V                             ; 4.61e-10 s                 ; 4.2e-10 s                  ; No                        ; No                        ;
; mic_ws        ; 3.3-V LVTTL  ; 0 s                 ; 0 s                 ; 3.46 V                       ; 1.85e-07 V                   ; 3.57 V              ; -0.141 V            ; 0.301 V                              ; 0.239 V                              ; 4.61e-10 s                  ; 4.2e-10 s                   ; No                         ; No                         ; 3.46 V                      ; 1.85e-07 V                  ; 3.57 V             ; -0.141 V           ; 0.301 V                             ; 0.239 V                             ; 4.61e-10 s                 ; 4.2e-10 s                  ; No                        ; No                        ;
; mic_lr        ; 3.3-V LVTTL  ; 0 s                 ; 0 s                 ; 3.46 V                       ; 1.85e-07 V                   ; 3.57 V              ; -0.141 V            ; 0.301 V                              ; 0.239 V                              ; 4.61e-10 s                  ; 4.2e-10 s                   ; No                         ; No                         ; 3.46 V                      ; 1.85e-07 V                  ; 3.57 V             ; -0.141 V           ; 0.301 V                             ; 0.239 V                             ; 4.61e-10 s                 ; 4.2e-10 s                  ; No                        ; No                        ;
; ~ALTERA_DCLK~ ; 3.3-V LVTTL  ; 0 s                 ; 0 s                 ; 3.46 V                       ; 6.54e-08 V                   ; 3.66 V              ; -0.26 V             ; 0.41 V                               ; 0.32 V                               ; 1.57e-10 s                  ; 2.15e-10 s                  ; No                         ; Yes                        ; 3.46 V                      ; 6.54e-08 V                  ; 3.66 V             ; -0.26 V            ; 0.41 V                              ; 0.32 V                              ; 1.57e-10 s                 ; 2.15e-10 s                 ; No                        ; Yes                       ;
; ~ALTERA_nCEO~ ; 2.5 V        ; 0 s                 ; 0 s                 ; 2.62 V                       ; 3.54e-08 V                   ; 2.7 V               ; -0.00943 V          ; 0.276 V                              ; 0.035 V                              ; 3.19e-10 s                  ; 4.99e-10 s                  ; No                         ; Yes                        ; 2.62 V                      ; 3.54e-08 V                  ; 2.7 V              ; -0.00943 V         ; 0.276 V                             ; 0.035 V                             ; 3.19e-10 s                 ; 4.99e-10 s                 ; No                        ; Yes                       ;
+---------------+--------------+---------------------+---------------------+------------------------------+------------------------------+---------------------+---------------------+--------------------------------------+--------------------------------------+-----------------------------+-----------------------------+----------------------------+----------------------------+-----------------------------+-----------------------------+--------------------+--------------------+-------------------------------------+-------------------------------------+----------------------------+----------------------------+---------------------------+---------------------------+


+---------------------------------------------------------------------------------------------------------------------------------------------------+
; Setup Transfers                                                                                                                                   ;
+---------------------------------------------------+---------------------------------------------------+----------+----------+----------+----------+
; From Clock                                        ; To Clock                                          ; RR Paths ; FR Paths ; RF Paths ; FF Paths ;
+---------------------------------------------------+---------------------------------------------------+----------+----------+----------+----------+
; u_pll|altpll_component|auto_generated|pll1|clk[0] ; u_pll|altpll_component|auto_generated|pll1|clk[0] ; 407139   ; 0        ; 0        ; 0        ;
+---------------------------------------------------+---------------------------------------------------+----------+----------+----------+----------+
Entries labeled "false path" only account for clock-to-clock false paths and not path-based false paths. As a result, actual path counts may be lower than reported.


+---------------------------------------------------------------------------------------------------------------------------------------------------+
; Hold Transfers                                                                                                                                    ;
+---------------------------------------------------+---------------------------------------------------+----------+----------+----------+----------+
; From Clock                                        ; To Clock                                          ; RR Paths ; FR Paths ; RF Paths ; FF Paths ;
+---------------------------------------------------+---------------------------------------------------+----------+----------+----------+----------+
; u_pll|altpll_component|auto_generated|pll1|clk[0] ; u_pll|altpll_component|auto_generated|pll1|clk[0] ; 407139   ; 0        ; 0        ; 0        ;
+---------------------------------------------------+---------------------------------------------------+----------+----------+----------+----------+
Entries labeled "false path" only account for clock-to-clock false paths and not path-based false paths. As a result, actual path counts may be lower than reported.


---------------
; Report TCCS ;
---------------
No dedicated SERDES Transmitter circuitry present in device or used in design


---------------
; Report RSKM ;
---------------
No non-DPA dedicated SERDES Receiver circuitry present in device or used in design


+------------------------------------------------+
; Unconstrained Paths                            ;
+---------------------------------+-------+------+
; Property                        ; Setup ; Hold ;
+---------------------------------+-------+------+
; Illegal Clocks                  ; 0     ; 0    ;
; Unconstrained Clocks            ; 0     ; 0    ;
; Unconstrained Input Ports       ; 5     ; 5    ;
; Unconstrained Input Port Paths  ; 5     ; 5    ;
; Unconstrained Output Ports      ; 21    ; 21   ;
; Unconstrained Output Port Paths ; 24    ; 24   ;
+---------------------------------+-------+------+


+------------------------------------+
; TimeQuest Timing Analyzer Messages ;
+------------------------------------+
Info: *******************************************************************
Info: Running Quartus II 64-Bit TimeQuest Timing Analyzer
    Info: Version 13.1.0 Build 162 10/23/2013 SJ Web Edition
    Info: Processing started: Fri Mar 20 01:17:00 2026
Info: Command: quartus_sta HF_SDR -c HF_SDR
Info: qsta_default_script.tcl version: #1
Info (11104): Parallel Compilation has detected 48 hyper-threaded processors. However, the extra hyper-threaded processors will not be used by default. Parallel Compilation will use 16 of the 16 physical processors detected instead.
Info (21077): Core supply voltage is 1.2V
Info (21077): Low junction temperature is 0 degrees C
Info (21077): High junction temperature is 85 degrees C
Info (332104): Reading SDC File: 'HF_SDR.sdc'
Info (332110): Deriving PLL clocks
    Info (332110): create_generated_clock -source {u_pll|altpll_component|auto_generated|pll1|inclk[0]} -multiply_by 2 -duty_cycle 50.00 -name {u_pll|altpll_component|auto_generated|pll1|clk[0]} {u_pll|altpll_component|auto_generated|pll1|clk[0]}
    Info (332110): create_generated_clock -source {u_pll|altpll_component|auto_generated|pll1|inclk[0]} -multiply_by 4 -phase 180.00 -duty_cycle 50.00 -name {u_pll|altpll_component|auto_generated|pll1|clk[1]} {u_pll|altpll_component|auto_generated|pll1|clk[1]}
Info (332151): Clock uncertainty is not calculated until you update the timing netlist.
Info (332123): Deriving Clock Uncertainty. Please refer to report_sdc in TimeQuest to see clock uncertainties.
Info: Found TIMEQUEST_REPORT_SCRIPT_INCLUDE_DEFAULT_ANALYSIS = ON
Info: Analyzing Slow 1200mV 85C Model
Info (332146): Worst-case setup slack is 0.639
    Info (332119):     Slack       End Point TNS Clock 
    Info (332119): ========= =================== =====================
    Info (332119):     0.639               0.000 u_pll|altpll_component|auto_generated|pll1|clk[0] 
Info (332146): Worst-case hold slack is 0.404
    Info (332119):     Slack       End Point TNS Clock 
    Info (332119): ========= =================== =====================
    Info (332119):     0.404               0.000 u_pll|altpll_component|auto_generated|pll1|clk[0] 
Info (332140): No Recovery paths to report
Info (332140): No Removal paths to report
Info (332146): Worst-case minimum pulse width slack is 4.580
    Info (332119):     Slack       End Point TNS Clock 
    Info (332119): ========= =================== =====================
    Info (332119):     4.580               0.000 u_pll|altpll_component|auto_generated|pll1|clk[0] 
    Info (332119):     9.858               0.000 clk_50m 
Info: Analyzing Slow 1200mV 0C Model
Info (334003): Started post-fitting delay annotation
Info (334004): Delay annotation completed successfully
Info (332123): Deriving Clock Uncertainty. Please refer to report_sdc in TimeQuest to see clock uncertainties.
Info (332146): Worst-case setup slack is 1.385
    Info (332119):     Slack       End Point TNS Clock 
    Info (332119): ========= =================== =====================
    Info (332119):     1.385               0.000 u_pll|altpll_component|auto_generated|pll1|clk[0] 
Info (332146): Worst-case hold slack is 0.385
    Info (332119):     Slack       End Point TNS Clock 
    Info (332119): ========= =================== =====================
    Info (332119):     0.385               0.000 u_pll|altpll_component|auto_generated|pll1|clk[0] 
Info (332140): No Recovery paths to report
Info (332140): No Removal paths to report
Info (332146): Worst-case minimum pulse width slack is 4.607
    Info (332119):     Slack       End Point TNS Clock 
    Info (332119): ========= =================== =====================
    Info (332119):     4.607               0.000 u_pll|altpll_component|auto_generated|pll1|clk[0] 
    Info (332119):     9.855               0.000 clk_50m 
Info: Analyzing Fast 1200mV 0C Model
Info (332123): Deriving Clock Uncertainty. Please refer to report_sdc in TimeQuest to see clock uncertainties.
Info (332146): Worst-case setup slack is 6.008
    Info (332119):     Slack       End Point TNS Clock 
    Info (332119): ========= =================== =====================
    Info (332119):     6.008               0.000 u_pll|altpll_component|auto_generated|pll1|clk[0] 
Info (332146): Worst-case hold slack is 0.131
    Info (332119):     Slack       End Point TNS Clock 
    Info (332119): ========= =================== =====================
    Info (332119):     0.131               0.000 u_pll|altpll_component|auto_generated|pll1|clk[0] 
Info (332140): No Recovery paths to report
Info (332140): No Removal paths to report
Info (332146): Worst-case minimum pulse width slack is 4.734
    Info (332119):     Slack       End Point TNS Clock 
    Info (332119): ========= =================== =====================
    Info (332119):     4.734               0.000 u_pll|altpll_component|auto_generated|pll1|clk[0] 
    Info (332119):     9.423               0.000 clk_50m 
Info (332102): Design is not fully constrained for setup requirements
Info (332102): Design is not fully constrained for hold requirements
Info: Quartus II 64-Bit TimeQuest Timing Analyzer was successful. 0 errors, 0 warnings
    Info: Peak virtual memory: 4851 megabytes
    Info: Processing ended: Fri Mar 20 01:17:04 2026
    Info: Elapsed time: 00:00:04
    Info: Total CPU time (on all processors): 00:00:05


