Fitter report for HF_SDR
Fri Mar 20 01:16:55 2026
Quartus II 64-Bit Version 13.1.0 Build 162 10/23/2013 SJ Web Edition


---------------------
; Table of Contents ;
---------------------
  1. Legal Notice
  2. Fitter Summary
  3. Fitter Settings
  4. Parallel Compilation
  5. I/O Assignment Warnings
  6. Fitter Netlist Optimizations
  7. Incremental Compilation Preservation Summary
  8. Incremental Compilation Partition Settings
  9. Incremental Compilation Placement Preservation
 10. Pin-Out File
 11. Fitter Resource Usage Summary
 12. Fitter Partition Statistics
 13. Input Pins
 14. Output Pins
 15. Dual Purpose and Dedicated Pins
 16. I/O Bank Usage
 17. All Package Pins
 18. PLL Summary
 19. PLL Usage
 20. Fitter Resource Utilization by Entity
 21. Delay Chain Summary
 22. Pad To Core Delay Chain Fanout
 23. Control Signals
 24. Global & Other Fast Signals
 25. Non-Global High Fan-Out Signals
 26. Fitter RAM Summary
 27. |HF_SDR|multi_band_modulator:u_band_mod|sine_rom:rom_inst_qB|altsyncram:altsyncram_component|altsyncram_4jc1:auto_generated|ALTSYNCRAM
 28. |HF_SDR|multi_band_modulator:u_band_mod|sine_rom:rom_inst_iB|altsyncram:altsyncram_component|altsyncram_4jc1:auto_generated|ALTSYNCRAM
 29. |HF_SDR|multi_band_modulator:u_band_mod|sine_rom:rom_inst_iA|altsyncram:altsyncram_component|altsyncram_4jc1:auto_generated|ALTSYNCRAM
 30. |HF_SDR|multi_band_modulator:u_band_mod|sine_rom:rom_inst_qA|altsyncram:altsyncram_component|altsyncram_4jc1:auto_generated|ALTSYNCRAM
 31. |HF_SDR|hilbert_filter:u_hilbert|altsyncram:coef_rom_rtl_0|altsyncram_ff91:auto_generated|ALTSYNCRAM
 32. Fitter DSP Block Usage Summary
 33. DSP Block Details
 34. Routing Usage Summary
 35. LAB Logic Elements
 36. LAB-wide Signals
 37. LAB Signals Sourced
 38. LAB Signals Sourced Out
 39. LAB Distinct Inputs
 40. I/O Rules Summary
 41. I/O Rules Details
 42. I/O Rules Matrix
 43. Fitter Device Options
 44. Operating Settings and Conditions
 45. Estimated Delay Added for Hold Timing Summary
 46. Estimated Delay Added for Hold Timing Details
 47. Fitter Messages
 48. Fitter Suppressed Messages



----------------
; Legal Notice ;
----------------
Copyright (C) 1991-2013 Altera Corporation
Your use of Altera Corporation's design tools, logic functions 
and other software and tools, and its AMPP partner logic 
functions, and any output files from any of the foregoing 
(including device programming or simulation files), and any 
associated documentation or information are expressly subject 
to the terms and conditions of the Altera Program License 
Subscription Agreement, Altera MegaCore Function License 
Agreement, or other applicable license agreement, including, 
without limitation, that your use is for the sole purpose of 
programming logic devices manufactured by Altera and sold by 
Altera or its authorized distributors.  Please refer to the 
applicable agreement for further details.



+---------------------------------------------------------------------------------+
; Fitter Summary                                                                  ;
+------------------------------------+--------------------------------------------+
; Fitter Status                      ; Successful - Fri Mar 20 01:16:55 2026      ;
; Quartus II 64-Bit Version          ; 13.1.0 Build 162 10/23/2013 SJ Web Edition ;
; Revision Name                      ; HF_SDR                                     ;
; Top-level Entity Name              ; HF_SDR                                     ;
; Family                             ; Cyclone IV E                               ;
; Device                             ; EP4CE10F17C8                               ;
; Timing Models                      ; Final                                      ;
; Total logic elements               ; 2,132 / 10,320 ( 21 % )                    ;
;     Total combinational functions  ; 1,949 / 10,320 ( 19 % )                    ;
;     Dedicated logic registers      ; 1,141 / 10,320 ( 11 % )                    ;
; Total registers                    ; 1169                                       ;
; Total pins                         ; 28 / 180 ( 16 % )                          ;
; Total virtual pins                 ; 0                                          ;
; Total memory bits                  ; 65,280 / 423,936 ( 15 % )                  ;
; Embedded Multiplier 9-bit elements ; 10 / 46 ( 22 % )                           ;
; Total PLLs                         ; 1 / 2 ( 50 % )                             ;
+------------------------------------+--------------------------------------------+


+------------------------------------------------------------------------------------------------------------------------------------------------------------+
; Fitter Settings                                                                                                                                            ;
+----------------------------------------------------------------------------+---------------------------------------+---------------------------------------+
; Option                                                                     ; Setting                               ; Default Value                         ;
+----------------------------------------------------------------------------+---------------------------------------+---------------------------------------+
; Device                                                                     ; EP4CE10F17C8                          ;                                       ;
; Maximum processors allowed for parallel compilation                        ; All                                   ;                                       ;
; Nominal Core Supply Voltage                                                ; 1.2V                                  ;                                       ;
; Minimum Core Junction Temperature                                          ; 0                                     ;                                       ;
; Maximum Core Junction Temperature                                          ; 85                                    ;                                       ;
; Fit Attempts to Skip                                                       ; 0                                     ; 0.0                                   ;
; Device I/O Standard                                                        ; 2.5 V                                 ;                                       ;
; Use smart compilation                                                      ; Off                                   ; Off                                   ;
; Enable parallel Assembler and TimeQuest Timing Analyzer during compilation ; On                                    ; On                                    ;
; Enable compact report table                                                ; Off                                   ; Off                                   ;
; Auto Merge PLLs                                                            ; On                                    ; On                                    ;
; Router Timing Optimization Level                                           ; Normal                                ; Normal                                ;
; Perform Clocking Topology Analysis During Routing                          ; Off                                   ; Off                                   ;
; Placement Effort Multiplier                                                ; 1.0                                   ; 1.0                                   ;
; Router Effort Multiplier                                                   ; 1.0                                   ; 1.0                                   ;
; Optimize Hold Timing                                                       ; All Paths                             ; All Paths                             ;
; Optimize Multi-Corner Timing                                               ; On                                    ; On                                    ;
; PowerPlay Power Optimization                                               ; Normal compilation                    ; Normal compilation                    ;
; SSN Optimization                                                           ; Off                                   ; Off                                   ;
; Optimize Timing                                                            ; Normal compilation                    ; Normal compilation                    ;
; Optimize Timing for ECOs                                                   ; Off                                   ; Off                                   ;
; Regenerate full fit report during ECO compiles                             ; Off                                   ; Off                                   ;
; Optimize IOC Register Placement for Timing                                 ; Normal                                ; Normal                                ;
; Limit to One Fitting Attempt                                               ; Off                                   ; Off                                   ;
; Final Placement Optimizations                                              ; Automatically                         ; Automatically                         ;
; Fitter Aggressive Routability Optimizations                                ; Automatically                         ; Automatically                         ;
; Fitter Initial Placement Seed                                              ; 1                                     ; 1                                     ;
; PCI I/O                                                                    ; Off                                   ; Off                                   ;
; Weak Pull-Up Resistor                                                      ; Off                                   ; Off                                   ;
; Enable Bus-Hold Circuitry                                                  ; Off                                   ; Off                                   ;
; Auto Packed Registers                                                      ; Auto                                  ; Auto                                  ;
; Auto Delay Chains                                                          ; On                                    ; On                                    ;
; Auto Delay Chains for High Fanout Input Pins                               ; Off                                   ; Off                                   ;
; Allow Single-ended Buffer for Differential-XSTL Input                      ; Off                                   ; Off                                   ;
; Treat Bidirectional Pin as Output Pin                                      ; Off                                   ; Off                                   ;
; Perform Physical Synthesis for Combinational Logic for Fitting             ; Off                                   ; Off                                   ;
; Perform Physical Synthesis for Combinational Logic for Performance         ; Off                                   ; Off                                   ;
; Perform Register Duplication for Performance                               ; Off                                   ; Off                                   ;
; Perform Logic to Memory Mapping for Fitting                                ; Off                                   ; Off                                   ;
; Perform Register Retiming for Performance                                  ; Off                                   ; Off                                   ;
; Perform Asynchronous Signal Pipelining                                     ; Off                                   ; Off                                   ;
; Fitter Effort                                                              ; Auto Fit                              ; Auto Fit                              ;
; Physical Synthesis Effort Level                                            ; Normal                                ; Normal                                ;
; Logic Cell Insertion - Logic Duplication                                   ; Auto                                  ; Auto                                  ;
; Auto Register Duplication                                                  ; Auto                                  ; Auto                                  ;
; Auto Global Clock                                                          ; On                                    ; On                                    ;
; Auto Global Register Control Signals                                       ; On                                    ; On                                    ;
; Reserve all unused pins                                                    ; As input tri-stated with weak pull-up ; As input tri-stated with weak pull-up ;
; Synchronizer Identification                                                ; Off                                   ; Off                                   ;
; Enable Beneficial Skew Optimization                                        ; On                                    ; On                                    ;
; Optimize Design for Metastability                                          ; On                                    ; On                                    ;
; Force Fitter to Avoid Periphery Placement Warnings                         ; Off                                   ; Off                                   ;
; Enable input tri-state on active configuration pins in user mode           ; Off                                   ; Off                                   ;
+----------------------------------------------------------------------------+---------------------------------------+---------------------------------------+


+------------------------------------------+
; Parallel Compilation                     ;
+----------------------------+-------------+
; Processors                 ; Number      ;
+----------------------------+-------------+
; Number detected on machine ; 48          ;
; Maximum allowed            ; 16          ;
;                            ;             ;
; Average used               ; 3.50        ;
; Maximum used               ; 16          ;
;                            ;             ;
; Usage by Processor         ; % Time Used ;
;     Processor 1            ; 100.0%      ;
;     Processors 2-4         ;  25.0%      ;
;     Processors 5-8         ;  18.8%      ;
;     Processors 9-16        ;  12.5%      ;
;     Processors 17-48       ;   0.0%      ;
+----------------------------+-------------+


+---------------------------------------+
; I/O Assignment Warnings               ;
+--------------+------------------------+
; Pin Name     ; Reason                 ;
+--------------+------------------------+
; led[0]       ; Missing drive strength ;
; led[1]       ; Missing drive strength ;
; led[2]       ; Missing drive strength ;
; led[3]       ; Missing drive strength ;
; dac_clk      ; Missing drive strength ;
; dac_data[0]  ; Missing drive strength ;
; dac_data[1]  ; Missing drive strength ;
; dac_data[2]  ; Missing drive strength ;
; dac_data[3]  ; Missing drive strength ;
; dac_data[4]  ; Missing drive strength ;
; dac_data[5]  ; Missing drive strength ;
; dac_data[6]  ; Missing drive strength ;
; dac_data[7]  ; Missing drive strength ;
; dac_data[8]  ; Missing drive strength ;
; dac_data[9]  ; Missing drive strength ;
; dac_data[10] ; Missing drive strength ;
; dac_data[11] ; Missing drive strength ;
; dac_data[12] ; Missing drive strength ;
; dac_data[13] ; Missing drive strength ;
; mic_sck      ; Missing drive strength ;
; mic_ws       ; Missing drive strength ;
; mic_lr       ; Missing drive strength ;
+--------------+------------------------+


+-----------------------------------------------------------------------------------------------------------------------------------------------------------------------------------------------------------------------------------------------------------------------------------+
; Fitter Netlist Optimizations                                                                                                                                                                                                                                                      ;
+-------------------------------------------------------------+-----------------+------------------+---------------------+-----------+----------------+----------------------------------------------------------------------------------+------------------+-----------------------+
; Node                                                        ; Action          ; Operation        ; Reason              ; Node Port ; Node Port Name ; Destination Node                                                                 ; Destination Port ; Destination Port Name ;
+-------------------------------------------------------------+-----------------+------------------+---------------------+-----------+----------------+----------------------------------------------------------------------------------+------------------+-----------------------+
; hilbert_filter:u_hilbert|mult2[0]                           ; Packed Register ; Register Packing ; Timing optimization ; Q         ;                ; hilbert_filter:u_hilbert|lpm_mult:Mult0|mult_16t:auto_generated|mac_out2         ; DATAOUT          ;                       ;
; hilbert_filter:u_hilbert|mult2[1]                           ; Packed Register ; Register Packing ; Timing optimization ; Q         ;                ; hilbert_filter:u_hilbert|mult2[0]                                                ; DATAOUT          ;                       ;
; hilbert_filter:u_hilbert|mult2[2]                           ; Packed Register ; Register Packing ; Timing optimization ; Q         ;                ; hilbert_filter:u_hilbert|mult2[0]                                                ; DATAOUT          ;                       ;
; hilbert_filter:u_hilbert|mult2[3]                           ; Packed Register ; Register Packing ; Timing optimization ; Q         ;                ; hilbert_filter:u_hilbert|mult2[0]                                                ; DATAOUT          ;                       ;
; hilbert_filter:u_hilbert|mult2[4]                           ; Packed Register ; Register Packing ; Timing optimization ; Q         ;                ; hilbert_filter:u_hilbert|mult2[0]                                                ; DATAOUT          ;                       ;
; hilbert_filter:u_hilbert|mult2[5]                           ; Packed Register ; Register Packing ; Timing optimization ; Q         ;                ; hilbert_filter:u_hilbert|mult2[0]                                                ; DATAOUT          ;                       ;
; hilbert_filter:u_hilbert|mult2[6]                           ; Packed Register ; Register Packing ; Timing optimization ; Q         ;                ; hilbert_filter:u_hilbert|mult2[0]                                                ; DATAOUT          ;                       ;
; hilbert_filter:u_hilbert|mult2[7]                           ; Packed Register ; Register Packing ; Timing optimization ; Q         ;                ; hilbert_filter:u_hilbert|mult2[0]                                                ; DATAOUT          ;                       ;
; hilbert_filter:u_hilbert|mult2[8]                           ; Packed Register ; Register Packing ; Timing optimization ; Q         ;                ; hilbert_filter:u_hilbert|mult2[0]                                                ; DATAOUT          ;                       ;
; hilbert_filter:u_hilbert|mult2[9]                           ; Packed Register ; Register Packing ; Timing optimization ; Q         ;                ; hilbert_filter:u_hilbert|mult2[0]                                                ; DATAOUT          ;                       ;
; hilbert_filter:u_hilbert|mult2[10]                          ; Packed Register ; Register Packing ; Timing optimization ; Q         ;                ; hilbert_filter:u_hilbert|mult2[0]                                                ; DATAOUT          ;                       ;
; hilbert_filter:u_hilbert|mult2[11]                          ; Packed Register ; Register Packing ; Timing optimization ; Q         ;                ; hilbert_filter:u_hilbert|mult2[0]                                                ; DATAOUT          ;                       ;
; hilbert_filter:u_hilbert|mult2[12]                          ; Packed Register ; Register Packing ; Timing optimization ; Q         ;                ; hilbert_filter:u_hilbert|mult2[0]                                                ; DATAOUT          ;                       ;
; hilbert_filter:u_hilbert|mult2[13]                          ; Packed Register ; Register Packing ; Timing optimization ; Q         ;                ; hilbert_filter:u_hilbert|mult2[0]                                                ; DATAOUT          ;                       ;
; hilbert_filter:u_hilbert|mult2[14]                          ; Packed Register ; Register Packing ; Timing optimization ; Q         ;                ; hilbert_filter:u_hilbert|mult2[0]                                                ; DATAOUT          ;                       ;
; hilbert_filter:u_hilbert|mult2[15]                          ; Packed Register ; Register Packing ; Timing optimization ; Q         ;                ; hilbert_filter:u_hilbert|mult2[0]                                                ; DATAOUT          ;                       ;
; hilbert_filter:u_hilbert|mult2[16]                          ; Packed Register ; Register Packing ; Timing optimization ; Q         ;                ; hilbert_filter:u_hilbert|mult2[0]                                                ; DATAOUT          ;                       ;
; hilbert_filter:u_hilbert|mult2[17]                          ; Packed Register ; Register Packing ; Timing optimization ; Q         ;                ; hilbert_filter:u_hilbert|mult2[0]                                                ; DATAOUT          ;                       ;
; hilbert_filter:u_hilbert|mult2[18]                          ; Packed Register ; Register Packing ; Timing optimization ; Q         ;                ; hilbert_filter:u_hilbert|mult2[0]                                                ; DATAOUT          ;                       ;
; hilbert_filter:u_hilbert|mult2[19]                          ; Packed Register ; Register Packing ; Timing optimization ; Q         ;                ; hilbert_filter:u_hilbert|mult2[0]                                                ; DATAOUT          ;                       ;
; hilbert_filter:u_hilbert|mult2[20]                          ; Packed Register ; Register Packing ; Timing optimization ; Q         ;                ; hilbert_filter:u_hilbert|mult2[0]                                                ; DATAOUT          ;                       ;
; hilbert_filter:u_hilbert|mult2[21]                          ; Packed Register ; Register Packing ; Timing optimization ; Q         ;                ; hilbert_filter:u_hilbert|mult2[0]                                                ; DATAOUT          ;                       ;
; hilbert_filter:u_hilbert|mult2[22]                          ; Packed Register ; Register Packing ; Timing optimization ; Q         ;                ; hilbert_filter:u_hilbert|mult2[0]                                                ; DATAOUT          ;                       ;
; hilbert_filter:u_hilbert|mult2[23]                          ; Packed Register ; Register Packing ; Timing optimization ; Q         ;                ; hilbert_filter:u_hilbert|mult2[0]                                                ; DATAOUT          ;                       ;
; hilbert_filter:u_hilbert|mult2[24]                          ; Packed Register ; Register Packing ; Timing optimization ; Q         ;                ; hilbert_filter:u_hilbert|mult2[0]                                                ; DATAOUT          ;                       ;
; hilbert_filter:u_hilbert|mult2[25]                          ; Packed Register ; Register Packing ; Timing optimization ; Q         ;                ; hilbert_filter:u_hilbert|mult2[0]                                                ; DATAOUT          ;                       ;
; hilbert_filter:u_hilbert|mult2[26]                          ; Packed Register ; Register Packing ; Timing optimization ; Q         ;                ; hilbert_filter:u_hilbert|mult2[0]                                                ; DATAOUT          ;                       ;
; hilbert_filter:u_hilbert|mult2[27]                          ; Packed Register ; Register Packing ; Timing optimization ; Q         ;                ; hilbert_filter:u_hilbert|mult2[0]                                                ; DATAOUT          ;                       ;
; hilbert_filter:u_hilbert|mult2[28]                          ; Packed Register ; Register Packing ; Timing optimization ; Q         ;                ; hilbert_filter:u_hilbert|mult2[0]                                                ; DATAOUT          ;                       ;
; multi_band_modulator:u_band_mod|audio_i_d2[0]               ; Packed Register ; Register Packing ; Timing optimization ; Q         ;                ; multi_band_modulator:u_band_mod|lpm_mult:Mult2|mult_56t:auto_generated|mac_mult1 ; DATAA            ;                       ;
; multi_band_modulator:u_band_mod|audio_i_d2[0]               ; Duplicated      ; Register Packing ; Timing optimization ; Q         ;                ; multi_band_modulator:u_band_mod|audio_i_d2[0]~_Duplicate_1                       ; Q                ;                       ;
; multi_band_modulator:u_band_mod|audio_i_d2[0]~_Duplicate_1  ; Packed Register ; Register Packing ; Timing optimization ; Q         ;                ; multi_band_modulator:u_band_mod|lpm_mult:Mult0|mult_56t:auto_generated|mac_mult1 ; DATAA            ;                       ;
; multi_band_modulator:u_band_mod|audio_i_d2[1]               ; Packed Register ; Register Packing ; Timing optimization ; Q         ;                ; multi_band_modulator:u_band_mod|lpm_mult:Mult2|mult_56t:auto_generated|mac_mult1 ; DATAA            ;                       ;
; multi_band_modulator:u_band_mod|audio_i_d2[1]               ; Duplicated      ; Register Packing ; Timing optimization ; Q         ;                ; multi_band_modulator:u_band_mod|audio_i_d2[1]~_Duplicate_1                       ; Q                ;                       ;
; multi_band_modulator:u_band_mod|audio_i_d2[1]~_Duplicate_1  ; Packed Register ; Register Packing ; Timing optimization ; Q         ;                ; multi_band_modulator:u_band_mod|lpm_mult:Mult0|mult_56t:auto_generated|mac_mult1 ; DATAA            ;                       ;
; multi_band_modulator:u_band_mod|audio_i_d2[2]               ; Packed Register ; Register Packing ; Timing optimization ; Q         ;                ; multi_band_modulator:u_band_mod|lpm_mult:Mult2|mult_56t:auto_generated|mac_mult1 ; DATAA            ;                       ;
; multi_band_modulator:u_band_mod|audio_i_d2[2]               ; Duplicated      ; Register Packing ; Timing optimization ; Q         ;                ; multi_band_modulator:u_band_mod|audio_i_d2[2]~_Duplicate_1                       ; Q                ;                       ;
; multi_band_modulator:u_band_mod|audio_i_d2[2]~_Duplicate_1  ; Packed Register ; Register Packing ; Timing optimization ; Q         ;                ; multi_band_modulator:u_band_mod|lpm_mult:Mult0|mult_56t:auto_generated|mac_mult1 ; DATAA            ;                       ;
; multi_band_modulator:u_band_mod|audio_i_d2[3]               ; Packed Register ; Register Packing ; Timing optimization ; Q         ;                ; multi_band_modulator:u_band_mod|lpm_mult:Mult2|mult_56t:auto_generated|mac_mult1 ; DATAA            ;                       ;
; multi_band_modulator:u_band_mod|audio_i_d2[3]               ; Duplicated      ; Register Packing ; Timing optimization ; Q         ;                ; multi_band_modulator:u_band_mod|audio_i_d2[3]~_Duplicate_1                       ; Q                ;                       ;
; multi_band_modulator:u_band_mod|audio_i_d2[3]~_Duplicate_1  ; Packed Register ; Register Packing ; Timing optimization ; Q         ;                ; multi_band_modulator:u_band_mod|lpm_mult:Mult0|mult_56t:auto_generated|mac_mult1 ; DATAA            ;                       ;
; multi_band_modulator:u_band_mod|audio_i_d2[4]               ; Packed Register ; Register Packing ; Timing optimization ; Q         ;                ; multi_band_modulator:u_band_mod|lpm_mult:Mult2|mult_56t:auto_generated|mac_mult1 ; DATAA            ;                       ;
; multi_band_modulator:u_band_mod|audio_i_d2[4]               ; Duplicated      ; Register Packing ; Timing optimization ; Q         ;                ; multi_band_modulator:u_band_mod|audio_i_d2[4]~_Duplicate_1                       ; Q                ;                       ;
; multi_band_modulator:u_band_mod|audio_i_d2[4]~_Duplicate_1  ; Packed Register ; Register Packing ; Timing optimization ; Q         ;                ; multi_band_modulator:u_band_mod|lpm_mult:Mult0|mult_56t:auto_generated|mac_mult1 ; DATAA            ;                       ;
; multi_band_modulator:u_band_mod|audio_i_d2[5]               ; Packed Register ; Register Packing ; Timing optimization ; Q         ;                ; multi_band_modulator:u_band_mod|lpm_mult:Mult2|mult_56t:auto_generated|mac_mult1 ; DATAA            ;                       ;
; multi_band_modulator:u_band_mod|audio_i_d2[5]               ; Duplicated      ; Register Packing ; Timing optimization ; Q         ;                ; multi_band_modulator:u_band_mod|audio_i_d2[5]~_Duplicate_1                       ; Q                ;                       ;
; multi_band_modulator:u_band_mod|audio_i_d2[5]~_Duplicate_1  ; Packed Register ; Register Packing ; Timing optimization ; Q         ;                ; multi_band_modulator:u_band_mod|lpm_mult:Mult0|mult_56t:auto_generated|mac_mult1 ; DATAA            ;                       ;
; multi_band_modulator:u_band_mod|audio_i_d2[6]               ; Packed Register ; Register Packing ; Timing optimization ; Q         ;                ; multi_band_modulator:u_band_mod|lpm_mult:Mult2|mult_56t:auto_generated|mac_mult1 ; DATAA            ;                       ;
; multi_band_modulator:u_band_mod|audio_i_d2[6]               ; Duplicated      ; Register Packing ; Timing optimization ; Q         ;                ; multi_band_modulator:u_band_mod|audio_i_d2[6]~_Duplicate_1                       ; Q                ;                       ;
; multi_band_modulator:u_band_mod|audio_i_d2[6]~_Duplicate_1  ; Packed Register ; Register Packing ; Timing optimization ; Q         ;                ; multi_band_modulator:u_band_mod|lpm_mult:Mult0|mult_56t:auto_generated|mac_mult1 ; DATAA            ;                       ;
; multi_band_modulator:u_band_mod|audio_i_d2[7]               ; Packed Register ; Register Packing ; Timing optimization ; Q         ;                ; multi_band_modulator:u_band_mod|lpm_mult:Mult2|mult_56t:auto_generated|mac_mult1 ; DATAA            ;                       ;
; multi_band_modulator:u_band_mod|audio_i_d2[7]               ; Duplicated      ; Register Packing ; Timing optimization ; Q         ;                ; multi_band_modulator:u_band_mod|audio_i_d2[7]~_Duplicate_1                       ; Q                ;                       ;
; multi_band_modulator:u_band_mod|audio_i_d2[7]~_Duplicate_1  ; Packed Register ; Register Packing ; Timing optimization ; Q         ;                ; multi_band_modulator:u_band_mod|lpm_mult:Mult0|mult_56t:auto_generated|mac_mult1 ; DATAA            ;                       ;
; multi_band_modulator:u_band_mod|audio_i_d2[8]               ; Packed Register ; Register Packing ; Timing optimization ; Q         ;                ; multi_band_modulator:u_band_mod|lpm_mult:Mult2|mult_56t:auto_generated|mac_mult1 ; DATAA            ;                       ;
; multi_band_modulator:u_band_mod|audio_i_d2[8]               ; Duplicated      ; Register Packing ; Timing optimization ; Q         ;                ; multi_band_modulator:u_band_mod|audio_i_d2[8]~_Duplicate_1                       ; Q                ;                       ;
; multi_band_modulator:u_band_mod|audio_i_d2[8]~_Duplicate_1  ; Packed Register ; Register Packing ; Timing optimization ; Q         ;                ; multi_band_modulator:u_band_mod|lpm_mult:Mult0|mult_56t:auto_generated|mac_mult1 ; DATAA            ;                       ;
; multi_band_modulator:u_band_mod|audio_i_d2[9]               ; Packed Register ; Register Packing ; Timing optimization ; Q         ;                ; multi_band_modulator:u_band_mod|lpm_mult:Mult2|mult_56t:auto_generated|mac_mult1 ; DATAA            ;                       ;
; multi_band_modulator:u_band_mod|audio_i_d2[9]               ; Duplicated      ; Register Packing ; Timing optimization ; Q         ;                ; multi_band_modulator:u_band_mod|audio_i_d2[9]~_Duplicate_1                       ; Q                ;                       ;
; multi_band_modulator:u_band_mod|audio_i_d2[9]~_Duplicate_1  ; Packed Register ; Register Packing ; Timing optimization ; Q         ;                ; multi_band_modulator:u_band_mod|lpm_mult:Mult0|mult_56t:auto_generated|mac_mult1 ; DATAA            ;                       ;
; multi_band_modulator:u_band_mod|audio_i_d2[10]              ; Packed Register ; Register Packing ; Timing optimization ; Q         ;                ; multi_band_modulator:u_band_mod|lpm_mult:Mult2|mult_56t:auto_generated|mac_mult1 ; DATAA            ;                       ;
; multi_band_modulator:u_band_mod|audio_i_d2[10]              ; Duplicated      ; Register Packing ; Timing optimization ; Q         ;                ; multi_band_modulator:u_band_mod|audio_i_d2[10]~_Duplicate_1                      ; Q                ;                       ;
; multi_band_modulator:u_band_mod|audio_i_d2[10]~_Duplicate_1 ; Packed Register ; Register Packing ; Timing optimization ; Q         ;                ; multi_band_modulator:u_band_mod|lpm_mult:Mult0|mult_56t:auto_generated|mac_mult1 ; DATAA            ;                       ;
; multi_band_modulator:u_band_mod|audio_i_d2[11]              ; Packed Register ; Register Packing ; Timing optimization ; Q         ;                ; multi_band_modulator:u_band_mod|lpm_mult:Mult2|mult_56t:auto_generated|mac_mult1 ; DATAA            ;                       ;
; multi_band_modulator:u_band_mod|audio_i_d2[11]              ; Duplicated      ; Register Packing ; Timing optimization ; Q         ;                ; multi_band_modulator:u_band_mod|audio_i_d2[11]~_Duplicate_1                      ; Q                ;                       ;
; multi_band_modulator:u_band_mod|audio_i_d2[11]~_Duplicate_1 ; Packed Register ; Register Packing ; Timing optimization ; Q         ;                ; multi_band_modulator:u_band_mod|lpm_mult:Mult0|mult_56t:auto_generated|mac_mult1 ; DATAA            ;                       ;
; multi_band_modulator:u_band_mod|audio_i_d2[12]              ; Packed Register ; Register Packing ; Timing optimization ; Q         ;                ; multi_band_modulator:u_band_mod|lpm_mult:Mult2|mult_56t:auto_generated|mac_mult1 ; DATAA            ;                       ;
; multi_band_modulator:u_band_mod|audio_i_d2[12]              ; Duplicated      ; Register Packing ; Timing optimization ; Q         ;                ; multi_band_modulator:u_band_mod|audio_i_d2[12]~_Duplicate_1                      ; Q                ;                       ;
; multi_band_modulator:u_band_mod|audio_i_d2[12]~_Duplicate_1 ; Packed Register ; Register Packing ; Timing optimization ; Q         ;                ; multi_band_modulator:u_band_mod|lpm_mult:Mult0|mult_56t:auto_generated|mac_mult1 ; DATAA            ;                       ;
; multi_band_modulator:u_band_mod|audio_i_d2[13]              ; Packed Register ; Register Packing ; Timing optimization ; Q         ;                ; multi_band_modulator:u_band_mod|lpm_mult:Mult2|mult_56t:auto_generated|mac_mult1 ; DATAA            ;                       ;
; multi_band_modulator:u_band_mod|audio_i_d2[13]              ; Duplicated      ; Register Packing ; Timing optimization ; Q         ;                ; multi_band_modulator:u_band_mod|audio_i_d2[13]~_Duplicate_1                      ; Q                ;                       ;
; multi_band_modulator:u_band_mod|audio_i_d2[13]~_Duplicate_1 ; Packed Register ; Register Packing ; Timing optimization ; Q         ;                ; multi_band_modulator:u_band_mod|lpm_mult:Mult0|mult_56t:auto_generated|mac_mult1 ; DATAA            ;                       ;
; multi_band_modulator:u_band_mod|audio_q_d2[0]               ; Packed Register ; Register Packing ; Timing optimization ; Q         ;                ; multi_band_modulator:u_band_mod|lpm_mult:Mult3|mult_56t:auto_generated|mac_mult1 ; DATAA            ;                       ;
; multi_band_modulator:u_band_mod|audio_q_d2[0]               ; Duplicated      ; Register Packing ; Timing optimization ; Q         ;                ; multi_band_modulator:u_band_mod|audio_q_d2[0]~_Duplicate_1                       ; Q                ;                       ;
; multi_band_modulator:u_band_mod|audio_q_d2[0]~_Duplicate_1  ; Packed Register ; Register Packing ; Timing optimization ; Q         ;                ; multi_band_modulator:u_band_mod|lpm_mult:Mult1|mult_56t:auto_generated|mac_mult1 ; DATAA            ;                       ;
; multi_band_modulator:u_band_mod|audio_q_d2[1]               ; Packed Register ; Register Packing ; Timing optimization ; Q         ;                ; multi_band_modulator:u_band_mod|lpm_mult:Mult3|mult_56t:auto_generated|mac_mult1 ; DATAA            ;                       ;
; multi_band_modulator:u_band_mod|audio_q_d2[1]               ; Duplicated      ; Register Packing ; Timing optimization ; Q         ;                ; multi_band_modulator:u_band_mod|audio_q_d2[1]~_Duplicate_1                       ; Q                ;                       ;
; multi_band_modulator:u_band_mod|audio_q_d2[1]~_Duplicate_1  ; Packed Register ; Register Packing ; Timing optimization ; Q         ;                ; multi_band_modulator:u_band_mod|lpm_mult:Mult1|mult_56t:auto_generated|mac_mult1 ; DATAA            ;                       ;
; multi_band_modulator:u_band_mod|audio_q_d2[2]               ; Packed Register ; Register Packing ; Timing optimization ; Q         ;                ; multi_band_modulator:u_band_mod|lpm_mult:Mult3|mult_56t:auto_generated|mac_mult1 ; DATAA            ;                       ;
; multi_band_modulator:u_band_mod|audio_q_d2[2]               ; Duplicated      ; Register Packing ; Timing optimization ; Q         ;                ; multi_band_modulator:u_band_mod|audio_q_d2[2]~_Duplicate_1                       ; Q                ;                       ;
; multi_band_modulator:u_band_mod|audio_q_d2[2]~_Duplicate_1  ; Packed Register ; Register Packing ; Timing optimization ; Q         ;                ; multi_band_modulator:u_band_mod|lpm_mult:Mult1|mult_56t:auto_generated|mac_mult1 ; DATAA            ;                       ;
; multi_band_modulator:u_band_mod|audio_q_d2[3]               ; Packed Register ; Register Packing ; Timing optimization ; Q         ;                ; multi_band_modulator:u_band_mod|lpm_mult:Mult3|mult_56t:auto_generated|mac_mult1 ; DATAA            ;                       ;
; multi_band_modulator:u_band_mod|audio_q_d2[3]               ; Duplicated      ; Register Packing ; Timing optimization ; Q         ;                ; multi_band_modulator:u_band_mod|audio_q_d2[3]~_Duplicate_1                       ; Q                ;                       ;
; multi_band_modulator:u_band_mod|audio_q_d2[3]~_Duplicate_1  ; Packed Register ; Register Packing ; Timing optimization ; Q         ;                ; multi_band_modulator:u_band_mod|lpm_mult:Mult1|mult_56t:auto_generated|mac_mult1 ; DATAA            ;                       ;
; multi_band_modulator:u_band_mod|audio_q_d2[4]               ; Packed Register ; Register Packing ; Timing optimization ; Q         ;                ; multi_band_modulator:u_band_mod|lpm_mult:Mult3|mult_56t:auto_generated|mac_mult1 ; DATAA            ;                       ;
; multi_band_modulator:u_band_mod|audio_q_d2[4]               ; Duplicated      ; Register Packing ; Timing optimization ; Q         ;                ; multi_band_modulator:u_band_mod|audio_q_d2[4]~_Duplicate_1                       ; Q                ;                       ;
; multi_band_modulator:u_band_mod|audio_q_d2[4]~_Duplicate_1  ; Packed Register ; Register Packing ; Timing optimization ; Q         ;                ; multi_band_modulator:u_band_mod|lpm_mult:Mult1|mult_56t:auto_generated|mac_mult1 ; DATAA            ;                       ;
; multi_band_modulator:u_band_mod|audio_q_d2[5]               ; Packed Register ; Register Packing ; Timing optimization ; Q         ;                ; multi_band_modulator:u_band_mod|lpm_mult:Mult3|mult_56t:auto_generated|mac_mult1 ; DATAA            ;                       ;
; multi_band_modulator:u_band_mod|audio_q_d2[5]               ; Duplicated      ; Register Packing ; Timing optimization ; Q         ;                ; multi_band_modulator:u_band_mod|audio_q_d2[5]~_Duplicate_1                       ; Q                ;                       ;
; multi_band_modulator:u_band_mod|audio_q_d2[5]~_Duplicate_1  ; Packed Register ; Register Packing ; Timing optimization ; Q         ;                ; multi_band_modulator:u_band_mod|lpm_mult:Mult1|mult_56t:auto_generated|mac_mult1 ; DATAA            ;                       ;
; multi_band_modulator:u_band_mod|audio_q_d2[6]               ; Packed Register ; Register Packing ; Timing optimization ; Q         ;                ; multi_band_modulator:u_band_mod|lpm_mult:Mult3|mult_56t:auto_generated|mac_mult1 ; DATAA            ;                       ;
; multi_band_modulator:u_band_mod|audio_q_d2[6]               ; Duplicated      ; Register Packing ; Timing optimization ; Q         ;                ; multi_band_modulator:u_band_mod|audio_q_d2[6]~_Duplicate_1                       ; Q                ;                       ;
; multi_band_modulator:u_band_mod|audio_q_d2[6]~_Duplicate_1  ; Packed Register ; Register Packing ; Timing optimization ; Q         ;                ; multi_band_modulator:u_band_mod|lpm_mult:Mult1|mult_56t:auto_generated|mac_mult1 ; DATAA            ;                       ;
; multi_band_modulator:u_band_mod|audio_q_d2[7]               ; Packed Register ; Register Packing ; Timing optimization ; Q         ;                ; multi_band_modulator:u_band_mod|lpm_mult:Mult3|mult_56t:auto_generated|mac_mult1 ; DATAA            ;                       ;
; multi_band_modulator:u_band_mod|audio_q_d2[7]               ; Duplicated      ; Register Packing ; Timing optimization ; Q         ;                ; multi_band_modulator:u_band_mod|audio_q_d2[7]~_Duplicate_1                       ; Q                ;                       ;
; multi_band_modulator:u_band_mod|audio_q_d2[7]~_Duplicate_1  ; Packed Register ; Register Packing ; Timing optimization ; Q         ;                ; multi_band_modulator:u_band_mod|lpm_mult:Mult1|mult_56t:auto_generated|mac_mult1 ; DATAA            ;                       ;
; multi_band_modulator:u_band_mod|audio_q_d2[8]               ; Packed Register ; Register Packing ; Timing optimization ; Q         ;                ; multi_band_modulator:u_band_mod|lpm_mult:Mult3|mult_56t:auto_generated|mac_mult1 ; DATAA            ;                       ;
; multi_band_modulator:u_band_mod|audio_q_d2[8]               ; Duplicated      ; Register Packing ; Timing optimization ; Q         ;                ; multi_band_modulator:u_band_mod|audio_q_d2[8]~_Duplicate_1                       ; Q                ;                       ;
; multi_band_modulator:u_band_mod|audio_q_d2[8]~_Duplicate_1  ; Packed Register ; Register Packing ; Timing optimization ; Q         ;                ; multi_band_modulator:u_band_mod|lpm_mult:Mult1|mult_56t:auto_generated|mac_mult1 ; DATAA            ;                       ;
; multi_band_modulator:u_band_mod|audio_q_d2[9]               ; Packed Register ; Register Packing ; Timing optimization ; Q         ;                ; multi_band_modulator:u_band_mod|lpm_mult:Mult3|mult_56t:auto_generated|mac_mult1 ; DATAA            ;                       ;
; multi_band_modulator:u_band_mod|audio_q_d2[9]               ; Duplicated      ; Register Packing ; Timing optimization ; Q         ;                ; multi_band_modulator:u_band_mod|audio_q_d2[9]~_Duplicate_1                       ; Q                ;                       ;
; multi_band_modulator:u_band_mod|audio_q_d2[9]~_Duplicate_1  ; Packed Register ; Register Packing ; Timing optimization ; Q         ;                ; multi_band_modulator:u_band_mod|lpm_mult:Mult1|mult_56t:auto_generated|mac_mult1 ; DATAA            ;                       ;
; multi_band_modulator:u_band_mod|audio_q_d2[10]              ; Packed Register ; Register Packing ; Timing optimization ; Q         ;                ; multi_band_modulator:u_band_mod|lpm_mult:Mult3|mult_56t:auto_generated|mac_mult1 ; DATAA            ;                       ;
; multi_band_modulator:u_band_mod|audio_q_d2[10]              ; Duplicated      ; Register Packing ; Timing optimization ; Q         ;                ; multi_band_modulator:u_band_mod|audio_q_d2[10]~_Duplicate_1                      ; Q                ;                       ;
; multi_band_modulator:u_band_mod|audio_q_d2[10]~_Duplicate_1 ; Packed Register ; Register Packing ; Timing optimization ; Q         ;                ; multi_band_modulator:u_band_mod|lpm_mult:Mult1|mult_56t:auto_generated|mac_mult1 ; DATAA            ;                       ;
; multi_band_modulator:u_band_mod|audio_q_d2[11]              ; Packed Register ; Register Packing ; Timing optimization ; Q         ;                ; multi_band_modulator:u_band_mod|lpm_mult:Mult3|mult_56t:auto_generated|mac_mult1 ; DATAA            ;                       ;
; multi_band_modulator:u_band_mod|audio_q_d2[11]              ; Duplicated      ; Register Packing ; Timing optimization ; Q         ;                ; multi_band_modulator:u_band_mod|audio_q_d2[11]~_Duplicate_1                      ; Q                ;                       ;
; multi_band_modulator:u_band_mod|audio_q_d2[11]~_Duplicate_1 ; Packed Register ; Register Packing ; Timing optimization ; Q         ;                ; multi_band_modulator:u_band_mod|lpm_mult:Mult1|mult_56t:auto_generated|mac_mult1 ; DATAA            ;                       ;
; multi_band_modulator:u_band_mod|audio_q_d2[12]              ; Packed Register ; Register Packing ; Timing optimization ; Q         ;                ; multi_band_modulator:u_band_mod|lpm_mult:Mult3|mult_56t:auto_generated|mac_mult1 ; DATAA            ;                       ;
; multi_band_modulator:u_band_mod|audio_q_d2[12]              ; Duplicated      ; Register Packing ; Timing optimization ; Q         ;                ; multi_band_modulator:u_band_mod|audio_q_d2[12]~_Duplicate_1                      ; Q                ;                       ;
; multi_band_modulator:u_band_mod|audio_q_d2[12]~_Duplicate_1 ; Packed Register ; Register Packing ; Timing optimization ; Q         ;                ; multi_band_modulator:u_band_mod|lpm_mult:Mult1|mult_56t:auto_generated|mac_mult1 ; DATAA            ;                       ;
; multi_band_modulator:u_band_mod|audio_q_d2[13]              ; Packed Register ; Register Packing ; Timing optimization ; Q         ;                ; multi_band_modulator:u_band_mod|lpm_mult:Mult3|mult_56t:auto_generated|mac_mult1 ; DATAA            ;                       ;
; multi_band_modulator:u_band_mod|audio_q_d2[13]              ; Duplicated      ; Register Packing ; Timing optimization ; Q         ;                ; multi_band_modulator:u_band_mod|audio_q_d2[13]~_Duplicate_1                      ; Q                ;                       ;
; multi_band_modulator:u_band_mod|audio_q_d2[13]~_Duplicate_1 ; Packed Register ; Register Packing ; Timing optimization ; Q         ;                ; multi_band_modulator:u_band_mod|lpm_mult:Mult1|mult_56t:auto_generated|mac_mult1 ; DATAA            ;                       ;
; multi_band_modulator:u_band_mod|car_i_A[0]                  ; Packed Register ; Register Packing ; Timing optimization ; Q         ;                ; multi_band_modulator:u_band_mod|lpm_mult:Mult0|mult_56t:auto_generated|mac_mult1 ; DATAB            ;                       ;
; multi_band_modulator:u_band_mod|car_i_A[1]                  ; Packed Register ; Register Packing ; Timing optimization ; Q         ;                ; multi_band_modulator:u_band_mod|lpm_mult:Mult0|mult_56t:auto_generated|mac_mult1 ; DATAB            ;                       ;
; multi_band_modulator:u_band_mod|car_i_A[2]                  ; Packed Register ; Register Packing ; Timing optimization ; Q         ;                ; multi_band_modulator:u_band_mod|lpm_mult:Mult0|mult_56t:auto_generated|mac_mult1 ; DATAB            ;                       ;
; multi_band_modulator:u_band_mod|car_i_A[3]                  ; Packed Register ; Register Packing ; Timing optimization ; Q         ;                ; multi_band_modulator:u_band_mod|lpm_mult:Mult0|mult_56t:auto_generated|mac_mult1 ; DATAB            ;                       ;
; multi_band_modulator:u_band_mod|car_i_A[4]                  ; Packed Register ; Register Packing ; Timing optimization ; Q         ;                ; multi_band_modulator:u_band_mod|lpm_mult:Mult0|mult_56t:auto_generated|mac_mult1 ; DATAB            ;                       ;
; multi_band_modulator:u_band_mod|car_i_A[5]                  ; Packed Register ; Register Packing ; Timing optimization ; Q         ;                ; multi_band_modulator:u_band_mod|lpm_mult:Mult0|mult_56t:auto_generated|mac_mult1 ; DATAB            ;                       ;
; multi_band_modulator:u_band_mod|car_i_A[6]                  ; Packed Register ; Register Packing ; Timing optimization ; Q         ;                ; multi_band_modulator:u_band_mod|lpm_mult:Mult0|mult_56t:auto_generated|mac_mult1 ; DATAB            ;                       ;
; multi_band_modulator:u_band_mod|car_i_A[7]                  ; Packed Register ; Register Packing ; Timing optimization ; Q         ;                ; multi_band_modulator:u_band_mod|lpm_mult:Mult0|mult_56t:auto_generated|mac_mult1 ; DATAB            ;                       ;
; multi_band_modulator:u_band_mod|car_i_A[8]                  ; Packed Register ; Register Packing ; Timing optimization ; Q         ;                ; multi_band_modulator:u_band_mod|lpm_mult:Mult0|mult_56t:auto_generated|mac_mult1 ; DATAB            ;                       ;
; multi_band_modulator:u_band_mod|car_i_A[9]                  ; Packed Register ; Register Packing ; Timing optimization ; Q         ;                ; multi_band_modulator:u_band_mod|lpm_mult:Mult0|mult_56t:auto_generated|mac_mult1 ; DATAB            ;                       ;
; multi_band_modulator:u_band_mod|car_i_A[10]                 ; Packed Register ; Register Packing ; Timing optimization ; Q         ;                ; multi_band_modulator:u_band_mod|lpm_mult:Mult0|mult_56t:auto_generated|mac_mult1 ; DATAB            ;                       ;
; multi_band_modulator:u_band_mod|car_i_A[11]                 ; Packed Register ; Register Packing ; Timing optimization ; Q         ;                ; multi_band_modulator:u_band_mod|lpm_mult:Mult0|mult_56t:auto_generated|mac_mult1 ; DATAB            ;                       ;
; multi_band_modulator:u_band_mod|car_i_A[12]                 ; Packed Register ; Register Packing ; Timing optimization ; Q         ;                ; multi_band_modulator:u_band_mod|lpm_mult:Mult0|mult_56t:auto_generated|mac_mult1 ; DATAB            ;                       ;
; multi_band_modulator:u_band_mod|car_i_A[13]                 ; Packed Register ; Register Packing ; Timing optimization ; Q         ;                ; multi_band_modulator:u_band_mod|lpm_mult:Mult0|mult_56t:auto_generated|mac_mult1 ; DATAB            ;                       ;
; multi_band_modulator:u_band_mod|car_i_B[0]                  ; Packed Register ; Register Packing ; Timing optimization ; Q         ;                ; multi_band_modulator:u_band_mod|lpm_mult:Mult2|mult_56t:auto_generated|mac_mult1 ; DATAB            ;                       ;
; multi_band_modulator:u_band_mod|car_i_B[1]                  ; Packed Register ; Register Packing ; Timing optimization ; Q         ;                ; multi_band_modulator:u_band_mod|lpm_mult:Mult2|mult_56t:auto_generated|mac_mult1 ; DATAB            ;                       ;
; multi_band_modulator:u_band_mod|car_i_B[2]                  ; Packed Register ; Register Packing ; Timing optimization ; Q         ;                ; multi_band_modulator:u_band_mod|lpm_mult:Mult2|mult_56t:auto_generated|mac_mult1 ; DATAB            ;                       ;
; multi_band_modulator:u_band_mod|car_i_B[3]                  ; Packed Register ; Register Packing ; Timing optimization ; Q         ;                ; multi_band_modulator:u_band_mod|lpm_mult:Mult2|mult_56t:auto_generated|mac_mult1 ; DATAB            ;                       ;
; multi_band_modulator:u_band_mod|car_i_B[4]                  ; Packed Register ; Register Packing ; Timing optimization ; Q         ;                ; multi_band_modulator:u_band_mod|lpm_mult:Mult2|mult_56t:auto_generated|mac_mult1 ; DATAB            ;                       ;
; multi_band_modulator:u_band_mod|car_i_B[5]                  ; Packed Register ; Register Packing ; Timing optimization ; Q         ;                ; multi_band_modulator:u_band_mod|lpm_mult:Mult2|mult_56t:auto_generated|mac_mult1 ; DATAB            ;                       ;
; multi_band_modulator:u_band_mod|car_i_B[6]                  ; Packed Register ; Register Packing ; Timing optimization ; Q         ;                ; multi_band_modulator:u_band_mod|lpm_mult:Mult2|mult_56t:auto_generated|mac_mult1 ; DATAB            ;                       ;
; multi_band_modulator:u_band_mod|car_i_B[7]                  ; Packed Register ; Register Packing ; Timing optimization ; Q         ;                ; multi_band_modulator:u_band_mod|lpm_mult:Mult2|mult_56t:auto_generated|mac_mult1 ; DATAB            ;                       ;
; multi_band_modulator:u_band_mod|car_i_B[8]                  ; Packed Register ; Register Packing ; Timing optimization ; Q         ;                ; multi_band_modulator:u_band_mod|lpm_mult:Mult2|mult_56t:auto_generated|mac_mult1 ; DATAB            ;                       ;
; multi_band_modulator:u_band_mod|car_i_B[9]                  ; Packed Register ; Register Packing ; Timing optimization ; Q         ;                ; multi_band_modulator:u_band_mod|lpm_mult:Mult2|mult_56t:auto_generated|mac_mult1 ; DATAB            ;                       ;
; multi_band_modulator:u_band_mod|car_i_B[10]                 ; Packed Register ; Register Packing ; Timing optimization ; Q         ;                ; multi_band_modulator:u_band_mod|lpm_mult:Mult2|mult_56t:auto_generated|mac_mult1 ; DATAB            ;                       ;
; multi_band_modulator:u_band_mod|car_i_B[11]                 ; Packed Register ; Register Packing ; Timing optimization ; Q         ;                ; multi_band_modulator:u_band_mod|lpm_mult:Mult2|mult_56t:auto_generated|mac_mult1 ; DATAB            ;                       ;
; multi_band_modulator:u_band_mod|car_i_B[12]                 ; Packed Register ; Register Packing ; Timing optimization ; Q         ;                ; multi_band_modulator:u_band_mod|lpm_mult:Mult2|mult_56t:auto_generated|mac_mult1 ; DATAB            ;                       ;
; multi_band_modulator:u_band_mod|car_i_B[13]                 ; Packed Register ; Register Packing ; Timing optimization ; Q         ;                ; multi_band_modulator:u_band_mod|lpm_mult:Mult2|mult_56t:auto_generated|mac_mult1 ; DATAB            ;                       ;
; multi_band_modulator:u_band_mod|car_q_A[0]                  ; Packed Register ; Register Packing ; Timing optimization ; Q         ;                ; multi_band_modulator:u_band_mod|lpm_mult:Mult1|mult_56t:auto_generated|mac_mult1 ; DATAB            ;                       ;
; multi_band_modulator:u_band_mod|car_q_A[1]                  ; Packed Register ; Register Packing ; Timing optimization ; Q         ;                ; multi_band_modulator:u_band_mod|lpm_mult:Mult1|mult_56t:auto_generated|mac_mult1 ; DATAB            ;                       ;
; multi_band_modulator:u_band_mod|car_q_A[2]                  ; Packed Register ; Register Packing ; Timing optimization ; Q         ;                ; multi_band_modulator:u_band_mod|lpm_mult:Mult1|mult_56t:auto_generated|mac_mult1 ; DATAB            ;                       ;
; multi_band_modulator:u_band_mod|car_q_A[3]                  ; Packed Register ; Register Packing ; Timing optimization ; Q         ;                ; multi_band_modulator:u_band_mod|lpm_mult:Mult1|mult_56t:auto_generated|mac_mult1 ; DATAB            ;                       ;
; multi_band_modulator:u_band_mod|car_q_A[4]                  ; Packed Register ; Register Packing ; Timing optimization ; Q         ;                ; multi_band_modulator:u_band_mod|lpm_mult:Mult1|mult_56t:auto_generated|mac_mult1 ; DATAB            ;                       ;
; multi_band_modulator:u_band_mod|car_q_A[5]                  ; Packed Register ; Register Packing ; Timing optimization ; Q         ;                ; multi_band_modulator:u_band_mod|lpm_mult:Mult1|mult_56t:auto_generated|mac_mult1 ; DATAB            ;                       ;
; multi_band_modulator:u_band_mod|car_q_A[6]                  ; Packed Register ; Register Packing ; Timing optimization ; Q         ;                ; multi_band_modulator:u_band_mod|lpm_mult:Mult1|mult_56t:auto_generated|mac_mult1 ; DATAB            ;                       ;
; multi_band_modulator:u_band_mod|car_q_A[7]                  ; Packed Register ; Register Packing ; Timing optimization ; Q         ;                ; multi_band_modulator:u_band_mod|lpm_mult:Mult1|mult_56t:auto_generated|mac_mult1 ; DATAB            ;                       ;
; multi_band_modulator:u_band_mod|car_q_A[8]                  ; Packed Register ; Register Packing ; Timing optimization ; Q         ;                ; multi_band_modulator:u_band_mod|lpm_mult:Mult1|mult_56t:auto_generated|mac_mult1 ; DATAB            ;                       ;
; multi_band_modulator:u_band_mod|car_q_A[9]                  ; Packed Register ; Register Packing ; Timing optimization ; Q         ;                ; multi_band_modulator:u_band_mod|lpm_mult:Mult1|mult_56t:auto_generated|mac_mult1 ; DATAB            ;                       ;
; multi_band_modulator:u_band_mod|car_q_A[10]                 ; Packed Register ; Register Packing ; Timing optimization ; Q         ;                ; multi_band_modulator:u_band_mod|lpm_mult:Mult1|mult_56t:auto_generated|mac_mult1 ; DATAB            ;                       ;
; multi_band_modulator:u_band_mod|car_q_A[11]                 ; Packed Register ; Register Packing ; Timing optimization ; Q         ;                ; multi_band_modulator:u_band_mod|lpm_mult:Mult1|mult_56t:auto_generated|mac_mult1 ; DATAB            ;                       ;
; multi_band_modulator:u_band_mod|car_q_A[12]                 ; Packed Register ; Register Packing ; Timing optimization ; Q         ;                ; multi_band_modulator:u_band_mod|lpm_mult:Mult1|mult_56t:auto_generated|mac_mult1 ; DATAB            ;                       ;
; multi_band_modulator:u_band_mod|car_q_A[13]                 ; Packed Register ; Register Packing ; Timing optimization ; Q         ;                ; multi_band_modulator:u_band_mod|lpm_mult:Mult1|mult_56t:auto_generated|mac_mult1 ; DATAB            ;                       ;
; multi_band_modulator:u_band_mod|car_q_B[0]                  ; Packed Register ; Register Packing ; Timing optimization ; Q         ;                ; multi_band_modulator:u_band_mod|lpm_mult:Mult3|mult_56t:auto_generated|mac_mult1 ; DATAB            ;                       ;
; multi_band_modulator:u_band_mod|car_q_B[1]                  ; Packed Register ; Register Packing ; Timing optimization ; Q         ;                ; multi_band_modulator:u_band_mod|lpm_mult:Mult3|mult_56t:auto_generated|mac_mult1 ; DATAB            ;                       ;
; multi_band_modulator:u_band_mod|car_q_B[2]                  ; Packed Register ; Register Packing ; Timing optimization ; Q         ;                ; multi_band_modulator:u_band_mod|lpm_mult:Mult3|mult_56t:auto_generated|mac_mult1 ; DATAB            ;                       ;
; multi_band_modulator:u_band_mod|car_q_B[3]                  ; Packed Register ; Register Packing ; Timing optimization ; Q         ;                ; multi_band_modulator:u_band_mod|lpm_mult:Mult3|mult_56t:auto_generated|mac_mult1 ; DATAB            ;                       ;
; multi_band_modulator:u_band_mod|car_q_B[4]                  ; Packed Register ; Register Packing ; Timing optimization ; Q         ;                ; multi_band_modulator:u_band_mod|lpm_mult:Mult3|mult_56t:auto_generated|mac_mult1 ; DATAB            ;                       ;
; multi_band_modulator:u_band_mod|car_q_B[5]                  ; Packed Register ; Register Packing ; Timing optimization ; Q         ;                ; multi_band_modulator:u_band_mod|lpm_mult:Mult3|mult_56t:auto_generated|mac_mult1 ; DATAB            ;                       ;
; multi_band_modulator:u_band_mod|car_q_B[6]                  ; Packed Register ; Register Packing ; Timing optimization ; Q         ;                ; multi_band_modulator:u_band_mod|lpm_mult:Mult3|mult_56t:auto_generated|mac_mult1 ; DATAB            ;                       ;
; multi_band_modulator:u_band_mod|car_q_B[7]                  ; Packed Register ; Register Packing ; Timing optimization ; Q         ;                ; multi_band_modulator:u_band_mod|lpm_mult:Mult3|mult_56t:auto_generated|mac_mult1 ; DATAB            ;                       ;
; multi_band_modulator:u_band_mod|car_q_B[8]                  ; Packed Register ; Register Packing ; Timing optimization ; Q         ;                ; multi_band_modulator:u_band_mod|lpm_mult:Mult3|mult_56t:auto_generated|mac_mult1 ; DATAB            ;                       ;
; multi_band_modulator:u_band_mod|car_q_B[9]                  ; Packed Register ; Register Packing ; Timing optimization ; Q         ;                ; multi_band_modulator:u_band_mod|lpm_mult:Mult3|mult_56t:auto_generated|mac_mult1 ; DATAB            ;                       ;
; multi_band_modulator:u_band_mod|car_q_B[10]                 ; Packed Register ; Register Packing ; Timing optimization ; Q         ;                ; multi_band_modulator:u_band_mod|lpm_mult:Mult3|mult_56t:auto_generated|mac_mult1 ; DATAB            ;                       ;
; multi_band_modulator:u_band_mod|car_q_B[11]                 ; Packed Register ; Register Packing ; Timing optimization ; Q         ;                ; multi_band_modulator:u_band_mod|lpm_mult:Mult3|mult_56t:auto_generated|mac_mult1 ; DATAB            ;                       ;
; multi_band_modulator:u_band_mod|car_q_B[12]                 ; Packed Register ; Register Packing ; Timing optimization ; Q         ;                ; multi_band_modulator:u_band_mod|lpm_mult:Mult3|mult_56t:auto_generated|mac_mult1 ; DATAB            ;                       ;
; multi_band_modulator:u_band_mod|car_q_B[13]                 ; Packed Register ; Register Packing ; Timing optimization ; Q         ;                ; multi_band_modulator:u_band_mod|lpm_mult:Mult3|mult_56t:auto_generated|mac_mult1 ; DATAB            ;                       ;
; multi_band_modulator:u_band_mod|mix_ii_A[0]                 ; Packed Register ; Register Packing ; Timing optimization ; Q         ;                ; multi_band_modulator:u_band_mod|lpm_mult:Mult0|mult_56t:auto_generated|mac_out2  ; DATAOUT          ;                       ;
; multi_band_modulator:u_band_mod|mix_ii_A[1]                 ; Packed Register ; Register Packing ; Timing optimization ; Q         ;                ; multi_band_modulator:u_band_mod|mix_ii_A[0]                                      ; DATAOUT          ;                       ;
; multi_band_modulator:u_band_mod|mix_ii_A[2]                 ; Packed Register ; Register Packing ; Timing optimization ; Q         ;                ; multi_band_modulator:u_band_mod|mix_ii_A[0]                                      ; DATAOUT          ;                       ;
; multi_band_modulator:u_band_mod|mix_ii_A[3]                 ; Packed Register ; Register Packing ; Timing optimization ; Q         ;                ; multi_band_modulator:u_band_mod|mix_ii_A[0]                                      ; DATAOUT          ;                       ;
; multi_band_modulator:u_band_mod|mix_ii_A[4]                 ; Packed Register ; Register Packing ; Timing optimization ; Q         ;                ; multi_band_modulator:u_band_mod|mix_ii_A[0]                                      ; DATAOUT          ;                       ;
; multi_band_modulator:u_band_mod|mix_ii_A[5]                 ; Packed Register ; Register Packing ; Timing optimization ; Q         ;                ; multi_band_modulator:u_band_mod|mix_ii_A[0]                                      ; DATAOUT          ;                       ;
; multi_band_modulator:u_band_mod|mix_ii_A[6]                 ; Packed Register ; Register Packing ; Timing optimization ; Q         ;                ; multi_band_modulator:u_band_mod|mix_ii_A[0]                                      ; DATAOUT          ;                       ;
; multi_band_modulator:u_band_mod|mix_ii_A[7]                 ; Packed Register ; Register Packing ; Timing optimization ; Q         ;                ; multi_band_modulator:u_band_mod|mix_ii_A[0]                                      ; DATAOUT          ;                       ;
; multi_band_modulator:u_band_mod|mix_ii_A[8]                 ; Packed Register ; Register Packing ; Timing optimization ; Q         ;                ; multi_band_modulator:u_band_mod|mix_ii_A[0]                                      ; DATAOUT          ;                       ;
; multi_band_modulator:u_band_mod|mix_ii_A[9]                 ; Packed Register ; Register Packing ; Timing optimization ; Q         ;                ; multi_band_modulator:u_band_mod|mix_ii_A[0]                                      ; DATAOUT          ;                       ;
; multi_band_modulator:u_band_mod|mix_ii_A[10]                ; Packed Register ; Register Packing ; Timing optimization ; Q         ;                ; multi_band_modulator:u_band_mod|mix_ii_A[0]                                      ; DATAOUT          ;                       ;
; multi_band_modulator:u_band_mod|mix_ii_A[11]                ; Packed Register ; Register Packing ; Timing optimization ; Q         ;                ; multi_band_modulator:u_band_mod|mix_ii_A[0]                                      ; DATAOUT          ;                       ;
; multi_band_modulator:u_band_mod|mix_ii_A[12]                ; Packed Register ; Register Packing ; Timing optimization ; Q         ;                ; multi_band_modulator:u_band_mod|mix_ii_A[0]                                      ; DATAOUT          ;                       ;
; multi_band_modulator:u_band_mod|mix_ii_A[13]                ; Packed Register ; Register Packing ; Timing optimization ; Q         ;                ; multi_band_modulator:u_band_mod|mix_ii_A[0]                                      ; DATAOUT          ;                       ;
; multi_band_modulator:u_band_mod|mix_ii_A[14]                ; Packed Register ; Register Packing ; Timing optimization ; Q         ;                ; multi_band_modulator:u_band_mod|mix_ii_A[0]                                      ; DATAOUT          ;                       ;
; multi_band_modulator:u_band_mod|mix_ii_A[15]                ; Packed Register ; Register Packing ; Timing optimization ; Q         ;                ; multi_band_modulator:u_band_mod|mix_ii_A[0]                                      ; DATAOUT          ;                       ;
; multi_band_modulator:u_band_mod|mix_ii_A[16]                ; Packed Register ; Register Packing ; Timing optimization ; Q         ;                ; multi_band_modulator:u_band_mod|mix_ii_A[0]                                      ; DATAOUT          ;                       ;
; multi_band_modulator:u_band_mod|mix_ii_A[17]                ; Packed Register ; Register Packing ; Timing optimization ; Q         ;                ; multi_band_modulator:u_band_mod|mix_ii_A[0]                                      ; DATAOUT          ;                       ;
; multi_band_modulator:u_band_mod|mix_ii_A[18]                ; Packed Register ; Register Packing ; Timing optimization ; Q         ;                ; multi_band_modulator:u_band_mod|mix_ii_A[0]                                      ; DATAOUT          ;                       ;
; multi_band_modulator:u_band_mod|mix_ii_A[19]                ; Packed Register ; Register Packing ; Timing optimization ; Q         ;                ; multi_band_modulator:u_band_mod|mix_ii_A[0]                                      ; DATAOUT          ;                       ;
; multi_band_modulator:u_band_mod|mix_ii_A[20]                ; Packed Register ; Register Packing ; Timing optimization ; Q         ;                ; multi_band_modulator:u_band_mod|mix_ii_A[0]                                      ; DATAOUT          ;                       ;
; multi_band_modulator:u_band_mod|mix_ii_A[21]                ; Packed Register ; Register Packing ; Timing optimization ; Q         ;                ; multi_band_modulator:u_band_mod|mix_ii_A[0]                                      ; DATAOUT          ;                       ;
; multi_band_modulator:u_band_mod|mix_ii_A[22]                ; Packed Register ; Register Packing ; Timing optimization ; Q         ;                ; multi_band_modulator:u_band_mod|mix_ii_A[0]                                      ; DATAOUT          ;                       ;
; multi_band_modulator:u_band_mod|mix_ii_A[23]                ; Packed Register ; Register Packing ; Timing optimization ; Q         ;                ; multi_band_modulator:u_band_mod|mix_ii_A[0]                                      ; DATAOUT          ;                       ;
; multi_band_modulator:u_band_mod|mix_ii_A[24]                ; Packed Register ; Register Packing ; Timing optimization ; Q         ;                ; multi_band_modulator:u_band_mod|mix_ii_A[0]                                      ; DATAOUT          ;                       ;
; multi_band_modulator:u_band_mod|mix_ii_A[25]                ; Packed Register ; Register Packing ; Timing optimization ; Q         ;                ; multi_band_modulator:u_band_mod|mix_ii_A[0]                                      ; DATAOUT          ;                       ;
; multi_band_modulator:u_band_mod|mix_ii_A[26]                ; Packed Register ; Register Packing ; Timing optimization ; Q         ;                ; multi_band_modulator:u_band_mod|mix_ii_A[0]                                      ; DATAOUT          ;                       ;
; multi_band_modulator:u_band_mod|mix_ii_A[27]                ; Packed Register ; Register Packing ; Timing optimization ; Q         ;                ; multi_band_modulator:u_band_mod|mix_ii_A[0]                                      ; DATAOUT          ;                       ;
; multi_band_modulator:u_band_mod|mix_ii_B[0]                 ; Packed Register ; Register Packing ; Timing optimization ; Q         ;                ; multi_band_modulator:u_band_mod|lpm_mult:Mult2|mult_56t:auto_generated|mac_out2  ; DATAOUT          ;                       ;
; multi_band_modulator:u_band_mod|mix_ii_B[1]                 ; Packed Register ; Register Packing ; Timing optimization ; Q         ;                ; multi_band_modulator:u_band_mod|mix_ii_B[0]                                      ; DATAOUT          ;                       ;
; multi_band_modulator:u_band_mod|mix_ii_B[2]                 ; Packed Register ; Register Packing ; Timing optimization ; Q         ;                ; multi_band_modulator:u_band_mod|mix_ii_B[0]                                      ; DATAOUT          ;                       ;
; multi_band_modulator:u_band_mod|mix_ii_B[3]                 ; Packed Register ; Register Packing ; Timing optimization ; Q         ;                ; multi_band_modulator:u_band_mod|mix_ii_B[0]                                      ; DATAOUT          ;                       ;
; multi_band_modulator:u_band_mod|mix_ii_B[4]                 ; Packed Register ; Register Packing ; Timing optimization ; Q         ;                ; multi_band_modulator:u_band_mod|mix_ii_B[0]                                      ; DATAOUT          ;                       ;
; multi_band_modulator:u_band_mod|mix_ii_B[5]                 ; Packed Register ; Register Packing ; Timing optimization ; Q         ;                ; multi_band_modulator:u_band_mod|mix_ii_B[0]                                      ; DATAOUT          ;                       ;
; multi_band_modulator:u_band_mod|mix_ii_B[6]                 ; Packed Register ; Register Packing ; Timing optimization ; Q         ;                ; multi_band_modulator:u_band_mod|mix_ii_B[0]                                      ; DATAOUT          ;                       ;
; multi_band_modulator:u_band_mod|mix_ii_B[7]                 ; Packed Register ; Register Packing ; Timing optimization ; Q         ;                ; multi_band_modulator:u_band_mod|mix_ii_B[0]                                      ; DATAOUT          ;                       ;
; multi_band_modulator:u_band_mod|mix_ii_B[8]                 ; Packed Register ; Register Packing ; Timing optimization ; Q         ;                ; multi_band_modulator:u_band_mod|mix_ii_B[0]                                      ; DATAOUT          ;                       ;
; multi_band_modulator:u_band_mod|mix_ii_B[9]                 ; Packed Register ; Register Packing ; Timing optimization ; Q         ;                ; multi_band_modulator:u_band_mod|mix_ii_B[0]                                      ; DATAOUT          ;                       ;
; multi_band_modulator:u_band_mod|mix_ii_B[10]                ; Packed Register ; Register Packing ; Timing optimization ; Q         ;                ; multi_band_modulator:u_band_mod|mix_ii_B[0]                                      ; DATAOUT          ;                       ;
; multi_band_modulator:u_band_mod|mix_ii_B[11]                ; Packed Register ; Register Packing ; Timing optimization ; Q         ;                ; multi_band_modulator:u_band_mod|mix_ii_B[0]                                      ; DATAOUT          ;                       ;
; multi_band_modulator:u_band_mod|mix_ii_B[12]                ; Packed Register ; Register Packing ; Timing optimization ; Q         ;                ; multi_band_modulator:u_band_mod|mix_ii_B[0]                                      ; DATAOUT          ;                       ;
; multi_band_modulator:u_band_mod|mix_ii_B[13]                ; Packed Register ; Register Packing ; Timing optimization ; Q         ;                ; multi_band_modulator:u_band_mod|mix_ii_B[0]                                      ; DATAOUT          ;                       ;
; multi_band_modulator:u_band_mod|mix_ii_B[14]                ; Packed Register ; Register Packing ; Timing optimization ; Q         ;                ; multi_band_modulator:u_band_mod|mix_ii_B[0]                                      ; DATAOUT          ;                       ;
; multi_band_modulator:u_band_mod|mix_ii_B[15]                ; Packed Register ; Register Packing ; Timing optimization ; Q         ;                ; multi_band_modulator:u_band_mod|mix_ii_B[0]                                      ; DATAOUT          ;                       ;
; multi_band_modulator:u_band_mod|mix_ii_B[16]                ; Packed Register ; Register Packing ; Timing optimization ; Q         ;                ; multi_band_modulator:u_band_mod|mix_ii_B[0]                                      ; DATAOUT          ;                       ;
; multi_band_modulator:u_band_mod|mix_ii_B[17]                ; Packed Register ; Register Packing ; Timing optimization ; Q         ;                ; multi_band_modulator:u_band_mod|mix_ii_B[0]                                      ; DATAOUT          ;                       ;
; multi_band_modulator:u_band_mod|mix_ii_B[18]                ; Packed Register ; Register Packing ; Timing optimization ; Q         ;                ; multi_band_modulator:u_band_mod|mix_ii_B[0]                                      ; DATAOUT          ;                       ;
; multi_band_modulator:u_band_mod|mix_ii_B[19]                ; Packed Register ; Register Packing ; Timing optimization ; Q         ;                ; multi_band_modulator:u_band_mod|mix_ii_B[0]                                      ; DATAOUT          ;                       ;
; multi_band_modulator:u_band_mod|mix_ii_B[20]                ; Packed Register ; Register Packing ; Timing optimization ; Q         ;                ; multi_band_modulator:u_band_mod|mix_ii_B[0]                                      ; DATAOUT          ;                       ;
; multi_band_modulator:u_band_mod|mix_ii_B[21]                ; Packed Register ; Register Packing ; Timing optimization ; Q         ;                ; multi_band_modulator:u_band_mod|mix_ii_B[0]                                      ; DATAOUT          ;                       ;
; multi_band_modulator:u_band_mod|mix_ii_B[22]                ; Packed Register ; Register Packing ; Timing optimization ; Q         ;                ; multi_band_modulator:u_band_mod|mix_ii_B[0]                                      ; DATAOUT          ;                       ;
; multi_band_modulator:u_band_mod|mix_ii_B[23]                ; Packed Register ; Register Packing ; Timing optimization ; Q         ;                ; multi_band_modulator:u_band_mod|mix_ii_B[0]                                      ; DATAOUT          ;                       ;
; multi_band_modulator:u_band_mod|mix_ii_B[24]                ; Packed Register ; Register Packing ; Timing optimization ; Q         ;                ; multi_band_modulator:u_band_mod|mix_ii_B[0]                                      ; DATAOUT          ;                       ;
; multi_band_modulator:u_band_mod|mix_ii_B[25]                ; Packed Register ; Register Packing ; Timing optimization ; Q         ;                ; multi_band_modulator:u_band_mod|mix_ii_B[0]                                      ; DATAOUT          ;                       ;
; multi_band_modulator:u_band_mod|mix_ii_B[26]                ; Packed Register ; Register Packing ; Timing optimization ; Q         ;                ; multi_band_modulator:u_band_mod|mix_ii_B[0]                                      ; DATAOUT          ;                       ;
; multi_band_modulator:u_band_mod|mix_ii_B[27]                ; Packed Register ; Register Packing ; Timing optimization ; Q         ;                ; multi_band_modulator:u_band_mod|mix_ii_B[0]                                      ; DATAOUT          ;                       ;
; multi_band_modulator:u_band_mod|mix_qq_A[0]                 ; Packed Register ; Register Packing ; Timing optimization ; Q         ;                ; multi_band_modulator:u_band_mod|lpm_mult:Mult1|mult_56t:auto_generated|mac_out2  ; DATAOUT          ;                       ;
; multi_band_modulator:u_band_mod|mix_qq_A[1]                 ; Packed Register ; Register Packing ; Timing optimization ; Q         ;                ; multi_band_modulator:u_band_mod|mix_qq_A[0]                                      ; DATAOUT          ;                       ;
; multi_band_modulator:u_band_mod|mix_qq_A[2]                 ; Packed Register ; Register Packing ; Timing optimization ; Q         ;                ; multi_band_modulator:u_band_mod|mix_qq_A[0]                                      ; DATAOUT          ;                       ;
; multi_band_modulator:u_band_mod|mix_qq_A[3]                 ; Packed Register ; Register Packing ; Timing optimization ; Q         ;                ; multi_band_modulator:u_band_mod|mix_qq_A[0]                                      ; DATAOUT          ;                       ;
; multi_band_modulator:u_band_mod|mix_qq_A[4]                 ; Packed Register ; Register Packing ; Timing optimization ; Q         ;                ; multi_band_modulator:u_band_mod|mix_qq_A[0]                                      ; DATAOUT          ;                       ;
; multi_band_modulator:u_band_mod|mix_qq_A[5]                 ; Packed Register ; Register Packing ; Timing optimization ; Q         ;                ; multi_band_modulator:u_band_mod|mix_qq_A[0]                                      ; DATAOUT          ;                       ;
; multi_band_modulator:u_band_mod|mix_qq_A[6]                 ; Packed Register ; Register Packing ; Timing optimization ; Q         ;                ; multi_band_modulator:u_band_mod|mix_qq_A[0]                                      ; DATAOUT          ;                       ;
; multi_band_modulator:u_band_mod|mix_qq_A[7]                 ; Packed Register ; Register Packing ; Timing optimization ; Q         ;                ; multi_band_modulator:u_band_mod|mix_qq_A[0]                                      ; DATAOUT          ;                       ;
; multi_band_modulator:u_band_mod|mix_qq_A[8]                 ; Packed Register ; Register Packing ; Timing optimization ; Q         ;                ; multi_band_modulator:u_band_mod|mix_qq_A[0]                                      ; DATAOUT          ;                       ;
; multi_band_modulator:u_band_mod|mix_qq_A[9]                 ; Packed Register ; Register Packing ; Timing optimization ; Q         ;                ; multi_band_modulator:u_band_mod|mix_qq_A[0]                                      ; DATAOUT          ;                       ;
; multi_band_modulator:u_band_mod|mix_qq_A[10]                ; Packed Register ; Register Packing ; Timing optimization ; Q         ;                ; multi_band_modulator:u_band_mod|mix_qq_A[0]                                      ; DATAOUT          ;                       ;
; multi_band_modulator:u_band_mod|mix_qq_A[11]                ; Packed Register ; Register Packing ; Timing optimization ; Q         ;                ; multi_band_modulator:u_band_mod|mix_qq_A[0]                                      ; DATAOUT          ;                       ;
; multi_band_modulator:u_band_mod|mix_qq_A[12]                ; Packed Register ; Register Packing ; Timing optimization ; Q         ;                ; multi_band_modulator:u_band_mod|mix_qq_A[0]                                      ; DATAOUT          ;                       ;
; multi_band_modulator:u_band_mod|mix_qq_A[13]                ; Packed Register ; Register Packing ; Timing optimization ; Q         ;                ; multi_band_modulator:u_band_mod|mix_qq_A[0]                                      ; DATAOUT          ;                       ;
; multi_band_modulator:u_band_mod|mix_qq_A[14]                ; Packed Register ; Register Packing ; Timing optimization ; Q         ;                ; multi_band_modulator:u_band_mod|mix_qq_A[0]                                      ; DATAOUT          ;                       ;
; multi_band_modulator:u_band_mod|mix_qq_A[15]                ; Packed Register ; Register Packing ; Timing optimization ; Q         ;                ; multi_band_modulator:u_band_mod|mix_qq_A[0]                                      ; DATAOUT          ;                       ;
; multi_band_modulator:u_band_mod|mix_qq_A[16]                ; Packed Register ; Register Packing ; Timing optimization ; Q         ;                ; multi_band_modulator:u_band_mod|mix_qq_A[0]                                      ; DATAOUT          ;                       ;
; multi_band_modulator:u_band_mod|mix_qq_A[17]                ; Packed Register ; Register Packing ; Timing optimization ; Q         ;                ; multi_band_modulator:u_band_mod|mix_qq_A[0]                                      ; DATAOUT          ;                       ;
; multi_band_modulator:u_band_mod|mix_qq_A[18]                ; Packed Register ; Register Packing ; Timing optimization ; Q         ;                ; multi_band_modulator:u_band_mod|mix_qq_A[0]                                      ; DATAOUT          ;                       ;
; multi_band_modulator:u_band_mod|mix_qq_A[19]                ; Packed Register ; Register Packing ; Timing optimization ; Q         ;                ; multi_band_modulator:u_band_mod|mix_qq_A[0]                                      ; DATAOUT          ;                       ;
; multi_band_modulator:u_band_mod|mix_qq_A[20]                ; Packed Register ; Register Packing ; Timing optimization ; Q         ;                ; multi_band_modulator:u_band_mod|mix_qq_A[0]                                      ; DATAOUT          ;                       ;
; multi_band_modulator:u_band_mod|mix_qq_A[21]                ; Packed Register ; Register Packing ; Timing optimization ; Q         ;                ; multi_band_modulator:u_band_mod|mix_qq_A[0]                                      ; DATAOUT          ;                       ;
; multi_band_modulator:u_band_mod|mix_qq_A[22]                ; Packed Register ; Register Packing ; Timing optimization ; Q         ;                ; multi_band_modulator:u_band_mod|mix_qq_A[0]                                      ; DATAOUT          ;                       ;
; multi_band_modulator:u_band_mod|mix_qq_A[23]                ; Packed Register ; Register Packing ; Timing optimization ; Q         ;                ; multi_band_modulator:u_band_mod|mix_qq_A[0]                                      ; DATAOUT          ;                       ;
; multi_band_modulator:u_band_mod|mix_qq_A[24]                ; Packed Register ; Register Packing ; Timing optimization ; Q         ;                ; multi_band_modulator:u_band_mod|mix_qq_A[0]                                      ; DATAOUT          ;                       ;
; multi_band_modulator:u_band_mod|mix_qq_A[25]                ; Packed Register ; Register Packing ; Timing optimization ; Q         ;                ; multi_band_modulator:u_band_mod|mix_qq_A[0]                                      ; DATAOUT          ;                       ;
; multi_band_modulator:u_band_mod|mix_qq_A[26]                ; Packed Register ; Register Packing ; Timing optimization ; Q         ;                ; multi_band_modulator:u_band_mod|mix_qq_A[0]                                      ; DATAOUT          ;                       ;
; multi_band_modulator:u_band_mod|mix_qq_A[27]                ; Packed Register ; Register Packing ; Timing optimization ; Q         ;                ; multi_band_modulator:u_band_mod|mix_qq_A[0]                                      ; DATAOUT          ;                       ;
; multi_band_modulator:u_band_mod|mix_qq_B[0]                 ; Packed Register ; Register Packing ; Timing optimization ; Q         ;                ; multi_band_modulator:u_band_mod|lpm_mult:Mult3|mult_56t:auto_generated|mac_out2  ; DATAOUT          ;                       ;
; multi_band_modulator:u_band_mod|mix_qq_B[1]                 ; Packed Register ; Register Packing ; Timing optimization ; Q         ;                ; multi_band_modulator:u_band_mod|mix_qq_B[0]                                      ; DATAOUT          ;                       ;
; multi_band_modulator:u_band_mod|mix_qq_B[2]                 ; Packed Register ; Register Packing ; Timing optimization ; Q         ;                ; multi_band_modulator:u_band_mod|mix_qq_B[0]                                      ; DATAOUT          ;                       ;
; multi_band_modulator:u_band_mod|mix_qq_B[3]                 ; Packed Register ; Register Packing ; Timing optimization ; Q         ;                ; multi_band_modulator:u_band_mod|mix_qq_B[0]                                      ; DATAOUT          ;                       ;
; multi_band_modulator:u_band_mod|mix_qq_B[4]                 ; Packed Register ; Register Packing ; Timing optimization ; Q         ;                ; multi_band_modulator:u_band_mod|mix_qq_B[0]                                      ; DATAOUT          ;                       ;
; multi_band_modulator:u_band_mod|mix_qq_B[5]                 ; Packed Register ; Register Packing ; Timing optimization ; Q         ;                ; multi_band_modulator:u_band_mod|mix_qq_B[0]                                      ; DATAOUT          ;                       ;
; multi_band_modulator:u_band_mod|mix_qq_B[6]                 ; Packed Register ; Register Packing ; Timing optimization ; Q         ;                ; multi_band_modulator:u_band_mod|mix_qq_B[0]                                      ; DATAOUT          ;                       ;
; multi_band_modulator:u_band_mod|mix_qq_B[7]                 ; Packed Register ; Register Packing ; Timing optimization ; Q         ;                ; multi_band_modulator:u_band_mod|mix_qq_B[0]                                      ; DATAOUT          ;                       ;
; multi_band_modulator:u_band_mod|mix_qq_B[8]                 ; Packed Register ; Register Packing ; Timing optimization ; Q         ;                ; multi_band_modulator:u_band_mod|mix_qq_B[0]                                      ; DATAOUT          ;                       ;
; multi_band_modulator:u_band_mod|mix_qq_B[9]                 ; Packed Register ; Register Packing ; Timing optimization ; Q         ;                ; multi_band_modulator:u_band_mod|mix_qq_B[0]                                      ; DATAOUT          ;                       ;
; multi_band_modulator:u_band_mod|mix_qq_B[10]                ; Packed Register ; Register Packing ; Timing optimization ; Q         ;                ; multi_band_modulator:u_band_mod|mix_qq_B[0]                                      ; DATAOUT          ;                       ;
; multi_band_modulator:u_band_mod|mix_qq_B[11]                ; Packed Register ; Register Packing ; Timing optimization ; Q         ;                ; multi_band_modulator:u_band_mod|mix_qq_B[0]                                      ; DATAOUT          ;                       ;
; multi_band_modulator:u_band_mod|mix_qq_B[12]                ; Packed Register ; Register Packing ; Timing optimization ; Q         ;                ; multi_band_modulator:u_band_mod|mix_qq_B[0]                                      ; DATAOUT          ;                       ;
; multi_band_modulator:u_band_mod|mix_qq_B[13]                ; Packed Register ; Register Packing ; Timing optimization ; Q         ;                ; multi_band_modulator:u_band_mod|mix_qq_B[0]                                      ; DATAOUT          ;                       ;
; multi_band_modulator:u_band_mod|mix_qq_B[14]                ; Packed Register ; Register Packing ; Timing optimization ; Q         ;                ; multi_band_modulator:u_band_mod|mix_qq_B[0]                                      ; DATAOUT          ;                       ;
; multi_band_modulator:u_band_mod|mix_qq_B[15]                ; Packed Register ; Register Packing ; Timing optimization ; Q         ;                ; multi_band_modulator:u_band_mod|mix_qq_B[0]                                      ; DATAOUT          ;                       ;
; multi_band_modulator:u_band_mod|mix_qq_B[16]                ; Packed Register ; Register Packing ; Timing optimization ; Q         ;                ; multi_band_modulator:u_band_mod|mix_qq_B[0]                                      ; DATAOUT          ;                       ;
; multi_band_modulator:u_band_mod|mix_qq_B[17]                ; Packed Register ; Register Packing ; Timing optimization ; Q         ;                ; multi_band_modulator:u_band_mod|mix_qq_B[0]                                      ; DATAOUT          ;                       ;
; multi_band_modulator:u_band_mod|mix_qq_B[18]                ; Packed Register ; Register Packing ; Timing optimization ; Q         ;                ; multi_band_modulator:u_band_mod|mix_qq_B[0]                                      ; DATAOUT          ;                       ;
; multi_band_modulator:u_band_mod|mix_qq_B[19]                ; Packed Register ; Register Packing ; Timing optimization ; Q         ;                ; multi_band_modulator:u_band_mod|mix_qq_B[0]                                      ; DATAOUT          ;                       ;
; multi_band_modulator:u_band_mod|mix_qq_B[20]                ; Packed Register ; Register Packing ; Timing optimization ; Q         ;                ; multi_band_modulator:u_band_mod|mix_qq_B[0]                                      ; DATAOUT          ;                       ;
; multi_band_modulator:u_band_mod|mix_qq_B[21]                ; Packed Register ; Register Packing ; Timing optimization ; Q         ;                ; multi_band_modulator:u_band_mod|mix_qq_B[0]                                      ; DATAOUT          ;                       ;
; multi_band_modulator:u_band_mod|mix_qq_B[22]                ; Packed Register ; Register Packing ; Timing optimization ; Q         ;                ; multi_band_modulator:u_band_mod|mix_qq_B[0]                                      ; DATAOUT          ;                       ;
; multi_band_modulator:u_band_mod|mix_qq_B[23]                ; Packed Register ; Register Packing ; Timing optimization ; Q         ;                ; multi_band_modulator:u_band_mod|mix_qq_B[0]                                      ; DATAOUT          ;                       ;
; multi_band_modulator:u_band_mod|mix_qq_B[24]                ; Packed Register ; Register Packing ; Timing optimization ; Q         ;                ; multi_band_modulator:u_band_mod|mix_qq_B[0]                                      ; DATAOUT          ;                       ;
; multi_band_modulator:u_band_mod|mix_qq_B[25]                ; Packed Register ; Register Packing ; Timing optimization ; Q         ;                ; multi_band_modulator:u_band_mod|mix_qq_B[0]                                      ; DATAOUT          ;                       ;
; multi_band_modulator:u_band_mod|mix_qq_B[26]                ; Packed Register ; Register Packing ; Timing optimization ; Q         ;                ; multi_band_modulator:u_band_mod|mix_qq_B[0]                                      ; DATAOUT          ;                       ;
; multi_band_modulator:u_band_mod|mix_qq_B[27]                ; Packed Register ; Register Packing ; Timing optimization ; Q         ;                ; multi_band_modulator:u_band_mod|mix_qq_B[0]                                      ; DATAOUT          ;                       ;
+-------------------------------------------------------------+-----------------+------------------+---------------------+-----------+----------------+----------------------------------------------------------------------------------+------------------+-----------------------+


+---------------------------------------------------------------------------------------------------+
; Incremental Compilation Preservation Summary                                                      ;
+---------------------+---------------------+----------------------------+--------------------------+
; Type                ; Total [A + B]       ; From Design Partitions [A] ; From Rapid Recompile [B] ;
+---------------------+---------------------+----------------------------+--------------------------+
; Placement (by node) ;                     ;                            ;                          ;
;     -- Requested    ; 0.00 % ( 0 / 3495 ) ; 0.00 % ( 0 / 3495 )        ; 0.00 % ( 0 / 3495 )      ;
;     -- Achieved     ; 0.00 % ( 0 / 3495 ) ; 0.00 % ( 0 / 3495 )        ; 0.00 % ( 0 / 3495 )      ;
;                     ;                     ;                            ;                          ;
; Routing (by net)    ;                     ;                            ;                          ;
;     -- Requested    ; 0.00 % ( 0 / 0 )    ; 0.00 % ( 0 / 0 )           ; 0.00 % ( 0 / 0 )         ;
;     -- Achieved     ; 0.00 % ( 0 / 0 )    ; 0.00 % ( 0 / 0 )           ; 0.00 % ( 0 / 0 )         ;
+---------------------+---------------------+----------------------------+--------------------------+


+----------------------------------------------------------------------------------------------------------------------------------------------------------------------------------------+
; Incremental Compilation Partition Settings                                                                                                                                             ;
+--------------------------------+----------------+-------------------+-------------------------+------------------------+------------------------------+--------------------------------+
; Partition Name                 ; Partition Type ; Netlist Type Used ; Preservation Level Used ; Netlist Type Requested ; Preservation Level Requested ; Contents                       ;
+--------------------------------+----------------+-------------------+-------------------------+------------------------+------------------------------+--------------------------------+
; Top                            ; User-created   ; Source File       ; N/A                     ; Source File            ; N/A                          ;                                ;
; hard_block:auto_generated_inst ; Auto-generated ; Source File       ; N/A                     ; Source File            ; N/A                          ; hard_block:auto_generated_inst ;
+--------------------------------+----------------+-------------------+-------------------------+------------------------+------------------------------+--------------------------------+


+------------------------------------------------------------------------------------------------------------------------------------+
; Incremental Compilation Placement Preservation                                                                                     ;
+--------------------------------+-----------------------+-------------------------+-------------------+---------------------+-------+
; Partition Name                 ; Preservation Achieved ; Preservation Level Used ; Netlist Type Used ; Preservation Method ; Notes ;
+--------------------------------+-----------------------+-------------------------+-------------------+---------------------+-------+
; Top                            ; 0.00 % ( 0 / 3482 )   ; N/A                     ; Source File       ; N/A                 ;       ;
; hard_block:auto_generated_inst ; 0.00 % ( 0 / 13 )     ; N/A                     ; Source File       ; N/A                 ;       ;
+--------------------------------+-----------------------+-------------------------+-------------------+---------------------+-------+


+--------------+
; Pin-Out File ;
+--------------+
The pin-out file can be found in C:/Users/Admin/Documents/FPGA/HF_SDR/output_files/HF_SDR.pin.


+-------------------------------------------------------------------------+
; Fitter Resource Usage Summary                                           ;
+---------------------------------------------+---------------------------+
; Resource                                    ; Usage                     ;
+---------------------------------------------+---------------------------+
; Total logic elements                        ; 2,132 / 10,320 ( 21 % )   ;
;     -- Combinational with no register       ; 991                       ;
;     -- Register only                        ; 183                       ;
;     -- Combinational with a register        ; 958                       ;
;                                             ;                           ;
; Logic element usage by number of LUT inputs ;                           ;
;     -- 4 input functions                    ; 144                       ;
;     -- 3 input functions                    ; 1365                      ;
;     -- <=2 input functions                  ; 440                       ;
;     -- Register only                        ; 183                       ;
;                                             ;                           ;
; Logic elements by mode                      ;                           ;
;     -- normal mode                          ; 529                       ;
;     -- arithmetic mode                      ; 1420                      ;
;                                             ;                           ;
; Total registers*                            ; 1,169 / 11,172 ( 10 % )   ;
;     -- Dedicated logic registers            ; 1,141 / 10,320 ( 11 % )   ;
;     -- I/O registers                        ; 28 / 852 ( 3 % )          ;
;                                             ;                           ;
; Total LABs:  partially or completely used   ; 183 / 645 ( 28 % )        ;
; Virtual pins                                ; 0                         ;
; I/O pins                                    ; 28 / 180 ( 16 % )         ;
;     -- Clock pins                           ; 2 / 3 ( 67 % )            ;
;     -- Dedicated input pins                 ; 0 / 9 ( 0 % )             ;
;                                             ;                           ;
; Global signals                              ; 2                         ;
; M9Ks                                        ; 10 / 46 ( 22 % )          ;
; Total block memory bits                     ; 65,280 / 423,936 ( 15 % ) ;
; Total block memory implementation bits      ; 92,160 / 423,936 ( 22 % ) ;
; Embedded Multiplier 9-bit elements          ; 10 / 46 ( 22 % )          ;
; PLLs                                        ; 1 / 2 ( 50 % )            ;
; Global clocks                               ; 2 / 10 ( 20 % )           ;
; JTAGs                                       ; 0 / 1 ( 0 % )             ;
; CRC blocks                                  ; 0 / 1 ( 0 % )             ;
; ASMI blocks                                 ; 0 / 1 ( 0 % )             ;
; Impedance control blocks                    ; 0 / 4 ( 0 % )             ;
; Average interconnect usage (total/H/V)      ; 5% / 5% / 6%              ;
; Peak interconnect usage (total/H/V)         ; 11% / 10% / 13%           ;
; Maximum fan-out                             ; 1202                      ;
; Highest non-global fan-out                  ; 218                       ;
; Total fan-out                               ; 9410                      ;
; Average fan-out                             ; 2.82                      ;
+---------------------------------------------+---------------------------+
*  Register count does not include registers inside RAM blocks or DSP blocks.



+------------------------------------------------------------------------------------------------------+
; Fitter Partition Statistics                                                                          ;
+---------------------------------------------+-----------------------+--------------------------------+
; Statistic                                   ; Top                   ; hard_block:auto_generated_inst ;
+---------------------------------------------+-----------------------+--------------------------------+
; Difficulty Clustering Region                ; Low                   ; Low                            ;
;                                             ;                       ;                                ;
; Total logic elements                        ; 2132 / 10320 ( 21 % ) ; 0 / 10320 ( 0 % )              ;
;     -- Combinational with no register       ; 991                   ; 0                              ;
;     -- Register only                        ; 183                   ; 0                              ;
;     -- Combinational with a register        ; 958                   ; 0                              ;
;                                             ;                       ;                                ;
; Logic element usage by number of LUT inputs ;                       ;                                ;
;     -- 4 input functions                    ; 144                   ; 0                              ;
;     -- 3 input functions                    ; 1365                  ; 0                              ;
;     -- <=2 input functions                  ; 440                   ; 0                              ;
;     -- Register only                        ; 183                   ; 0                              ;
;                                             ;                       ;                                ;
; Logic elements by mode                      ;                       ;                                ;
;     -- normal mode                          ; 529                   ; 0                              ;
;     -- arithmetic mode                      ; 1420                  ; 0                              ;
;                                             ;                       ;                                ;
; Total registers                             ; 1169                  ; 0                              ;
;     -- Dedicated logic registers            ; 1141 / 10320 ( 11 % ) ; 0 / 10320 ( 0 % )              ;
;     -- I/O registers                        ; 56                    ; 0                              ;
;                                             ;                       ;                                ;
; Total LABs:  partially or completely used   ; 183 / 645 ( 28 % )    ; 0 / 645 ( 0 % )                ;
;                                             ;                       ;                                ;
; Virtual pins                                ; 0                     ; 0                              ;
; I/O pins                                    ; 28                    ; 0                              ;
; Embedded Multiplier 9-bit elements          ; 10 / 46 ( 22 % )      ; 0 / 46 ( 0 % )                 ;
; Total memory bits                           ; 65280                 ; 0                              ;
; Total RAM block bits                        ; 92160                 ; 0                              ;
; PLL                                         ; 0 / 2 ( 0 % )         ; 1 / 2 ( 50 % )                 ;
; M9K                                         ; 10 / 46 ( 21 % )      ; 0 / 46 ( 0 % )                 ;
; Clock control block                         ; 0 / 12 ( 0 % )        ; 2 / 12 ( 16 % )                ;
; Double Data Rate I/O output circuitry       ; 14 / 185 ( 7 % )      ; 0 / 185 ( 0 % )                ;
;                                             ;                       ;                                ;
; Connections                                 ;                       ;                                ;
;     -- Input Connections                    ; 1203                  ; 1                              ;
;     -- Registered Input Connections         ; 1146                  ; 0                              ;
;     -- Output Connections                   ; 1                     ; 1203                           ;
;     -- Registered Output Connections        ; 0                     ; 0                              ;
;                                             ;                       ;                                ;
; Internal Connections                        ;                       ;                                ;
;     -- Total Connections                    ; 9634                  ; 1212                           ;
;     -- Registered Connections               ; 4890                  ; 0                              ;
;                                             ;                       ;                                ;
; External Connections                        ;                       ;                                ;
;     -- Top                                  ; 0                     ; 1204                           ;
;     -- hard_block:auto_generated_inst       ; 1204                  ; 0                              ;
;                                             ;                       ;                                ;
; Partition Interface                         ;                       ;                                ;
;     -- Input Ports                          ; 6                     ; 1                              ;
;     -- Output Ports                         ; 22                    ; 2                              ;
;     -- Bidir Ports                          ; 0                     ; 0                              ;
;                                             ;                       ;                                ;
; Registered Ports                            ;                       ;                                ;
;     -- Registered Input Ports               ; 0                     ; 0                              ;
;     -- Registered Output Ports              ; 0                     ; 0                              ;
;                                             ;                       ;                                ;
; Port Connectivity                           ;                       ;                                ;
;     -- Input Ports driven by GND            ; 0                     ; 0                              ;
;     -- Output Ports driven by GND           ; 0                     ; 0                              ;
;     -- Input Ports driven by VCC            ; 0                     ; 0                              ;
;     -- Output Ports driven by VCC           ; 0                     ; 0                              ;
;     -- Input Ports with no Source           ; 0                     ; 0                              ;
;     -- Output Ports with no Source          ; 0                     ; 0                              ;
;     -- Input Ports with no Fanout           ; 0                     ; 0                              ;
;     -- Output Ports with no Fanout          ; 0                     ; 0                              ;
+---------------------------------------------+-----------------------+--------------------------------+


+------------------------------------------------------------------------------------------------------------------------------------------------------------------------------------------------------------------------------------------------------------------------------+
; Input Pins                                                                                                                                                                                                                                                                   ;
+---------+-------+----------+--------------+--------------+--------------+-----------------------+--------------------+--------+----------------+---------------+-----------------+----------+--------------+--------------+---------------------------+----------------------+
; Name    ; Pin # ; I/O Bank ; X coordinate ; Y coordinate ; Z coordinate ; Combinational Fan-Out ; Registered Fan-Out ; Global ; Input Register ; Power Up High ; PCI I/O Enabled ; Bus Hold ; Weak Pull Up ; I/O Standard ; Termination Control Block ; Location assigned by ;
+---------+-------+----------+--------------+--------------+--------------+-----------------------+--------------------+--------+----------------+---------------+-----------------+----------+--------------+--------------+---------------------------+----------------------+
; clk_50m ; E1    ; 1        ; 0            ; 11           ; 7            ; 1                     ; 0                  ; no     ; no             ; no            ; yes             ; no       ; Off          ; 3.3-V LVTTL  ; --                        ; User                 ;
; key[0]  ; M2    ; 2        ; 0            ; 11           ; 14           ; 1                     ; 0                  ; no     ; no             ; no            ; yes             ; no       ; Off          ; 3.3-V LVTTL  ; --                        ; User                 ;
; key[1]  ; M1    ; 2        ; 0            ; 11           ; 21           ; 1                     ; 0                  ; no     ; no             ; no            ; yes             ; no       ; Off          ; 3.3-V LVTTL  ; --                        ; User                 ;
; key[2]  ; F2    ; 1        ; 0            ; 19           ; 14           ; 1                     ; 0                  ; no     ; no             ; no            ; yes             ; no       ; Off          ; 3.3-V LVTTL  ; --                        ; User                 ;
; key[3]  ; F1    ; 1        ; 0            ; 19           ; 21           ; 1                     ; 0                  ; no     ; no             ; no            ; yes             ; no       ; Off          ; 3.3-V LVTTL  ; --                        ; User                 ;
; mic_sd  ; M7    ; 3        ; 9            ; 0            ; 21           ; 1                     ; 0                  ; no     ; no             ; no            ; yes             ; no       ; Off          ; 3.3-V LVTTL  ; --                        ; User                 ;
+---------+-------+----------+--------------+--------------+--------------+-----------------------+--------------------+--------+----------------+---------------+-----------------+----------+--------------+--------------+---------------------------+----------------------+


+-----------------------------------------------------------------------------------------------------------------------------------------------------------------------------------------------------------------------------------------------------------------------------------------------------------------------------------------------------------------------------------------------------------------------------------------+
; Output Pins                                                                                                                                                                                                                                                                                                                                                                                                                             ;
+--------------+-------+----------+--------------+--------------+--------------+-----------------+------------------------+---------------+-----------+-----------------+------------+---------------+----------+--------------+--------------+------------------+-------------+---------------------------+----------------------------+-----------------------------+----------------------+----------------------+---------------------+
; Name         ; Pin # ; I/O Bank ; X coordinate ; Y coordinate ; Z coordinate ; Output Register ; Output Enable Register ; Power Up High ; Slew Rate ; PCI I/O Enabled ; Open Drain ; TRI Primitive ; Bus Hold ; Weak Pull Up ; I/O Standard ; Current Strength ; Termination ; Termination Control Block ; Output Buffer Pre-emphasis ; Voltage Output Differential ; Location assigned by ; Output Enable Source ; Output Enable Group ;
+--------------+-------+----------+--------------+--------------+--------------+-----------------+------------------------+---------------+-----------+-----------------+------------+---------------+----------+--------------+--------------+------------------+-------------+---------------------------+----------------------------+-----------------------------+----------------------+----------------------+---------------------+
; dac_clk      ; C8    ; 8        ; 13           ; 24           ; 0            ; no              ; no                     ; no            ; 2         ; no              ; no         ; no            ; no       ; Off          ; 3.3-V LVTTL  ; 8mA              ; Off         ; --                        ; no                         ; no                          ; User                 ; -                    ; -                   ;
; dac_data[0]  ; E10   ; 7        ; 28           ; 24           ; 21           ; yes             ; no                     ; no            ; 2         ; no              ; no         ; no            ; no       ; Off          ; 3.3-V LVTTL  ; 8mA              ; Off         ; --                        ; no                         ; no                          ; User                 ; -                    ; -                   ;
; dac_data[10] ; A7    ; 8        ; 11           ; 24           ; 0            ; yes             ; no                     ; no            ; 2         ; no              ; no         ; no            ; no       ; Off          ; 3.3-V LVTTL  ; 8mA              ; Off         ; --                        ; no                         ; no                          ; User                 ; -                    ; -                   ;
; dac_data[11] ; B7    ; 8        ; 11           ; 24           ; 7            ; yes             ; no                     ; no            ; 2         ; no              ; no         ; no            ; no       ; Off          ; 3.3-V LVTTL  ; 8mA              ; Off         ; --                        ; no                         ; no                          ; User                 ; -                    ; -                   ;
; dac_data[12] ; A8    ; 8        ; 16           ; 24           ; 14           ; yes             ; no                     ; no            ; 2         ; no              ; no         ; no            ; no       ; Off          ; 3.3-V LVTTL  ; 8mA              ; Off         ; --                        ; no                         ; no                          ; User                 ; -                    ; -                   ;
; dac_data[13] ; B8    ; 8        ; 16           ; 24           ; 21           ; yes             ; no                     ; no            ; 2         ; no              ; no         ; no            ; no       ; Off          ; 3.3-V LVTTL  ; 8mA              ; Off         ; --                        ; no                         ; no                          ; User                 ; -                    ; -                   ;
; dac_data[1]  ; D9    ; 7        ; 18           ; 24           ; 14           ; yes             ; no                     ; no            ; 2         ; no              ; no         ; no            ; no       ; Off          ; 3.3-V LVTTL  ; 8mA              ; Off         ; --                        ; no                         ; no                          ; User                 ; -                    ; -                   ;
; dac_data[2]  ; D11   ; 7        ; 32           ; 24           ; 21           ; yes             ; no                     ; no            ; 2         ; no              ; no         ; no            ; no       ; Off          ; 3.3-V LVTTL  ; 8mA              ; Off         ; --                        ; no                         ; no                          ; User                 ; -                    ; -                   ;
; dac_data[3]  ; C11   ; 7        ; 23           ; 24           ; 0            ; yes             ; no                     ; no            ; 2         ; no              ; no         ; no            ; no       ; Off          ; 3.3-V LVTTL  ; 8mA              ; Off         ; --                        ; no                         ; no                          ; User                 ; -                    ; -                   ;
; dac_data[4]  ; F8    ; 8        ; 13           ; 24           ; 21           ; yes             ; no                     ; no            ; 2         ; no              ; no         ; no            ; no       ; Off          ; 3.3-V LVTTL  ; 8mA              ; Off         ; --                        ; no                         ; no                          ; User                 ; -                    ; -                   ;
; dac_data[5]  ; E6    ; 8        ; 7            ; 24           ; 7            ; yes             ; no                     ; no            ; 2         ; no              ; no         ; no            ; no       ; Off          ; 3.3-V LVTTL  ; 8mA              ; Off         ; --                        ; no                         ; no                          ; User                 ; -                    ; -                   ;
; dac_data[6]  ; A5    ; 8        ; 7            ; 24           ; 14           ; yes             ; no                     ; no            ; 2         ; no              ; no         ; no            ; no       ; Off          ; 3.3-V LVTTL  ; 8mA              ; Off         ; --                        ; no                         ; no                          ; User                 ; -                    ; -                   ;
; dac_data[7]  ; B5    ; 8        ; 5            ; 24           ; 7            ; yes             ; no                     ; no            ; 2         ; no              ; no         ; no            ; no       ; Off          ; 3.3-V LVTTL  ; 8mA              ; Off         ; --                        ; no                         ; no                          ; User                 ; -                    ; -                   ;
; dac_data[8]  ; A6    ; 8        ; 9            ; 24           ; 14           ; yes             ; no                     ; no            ; 2         ; no              ; no         ; no            ; no       ; Off          ; 3.3-V LVTTL  ; 8mA              ; Off         ; --                        ; no                         ; no                          ; User                 ; -                    ; -                   ;
; dac_data[9]  ; B6    ; 8        ; 9            ; 24           ; 21           ; yes             ; no                     ; no            ; 2         ; no              ; no         ; no            ; no       ; Off          ; 3.3-V LVTTL  ; 8mA              ; Off         ; --                        ; no                         ; no                          ; User                 ; -                    ; -                   ;
; led[0]       ; A4    ; 8        ; 5            ; 24           ; 14           ; no              ; no                     ; no            ; 2         ; no              ; no         ; no            ; no       ; Off          ; 3.3-V LVTTL  ; 8mA              ; Off         ; --                        ; no                         ; no                          ; User                 ; -                    ; -                   ;
; led[1]       ; B4    ; 8        ; 5            ; 24           ; 21           ; no              ; no                     ; no            ; 2         ; no              ; no         ; no            ; no       ; Off          ; 3.3-V LVTTL  ; 8mA              ; Off         ; --                        ; no                         ; no                          ; User                 ; -                    ; -                   ;
; led[2]       ; A3    ; 8        ; 3            ; 24           ; 14           ; no              ; no                     ; no            ; 2         ; no              ; no         ; no            ; no       ; Off          ; 3.3-V LVTTL  ; 8mA              ; Off         ; --                        ; no                         ; no                          ; User                 ; -                    ; -                   ;
; led[3]       ; B3    ; 8        ; 3            ; 24           ; 21           ; no              ; no                     ; no            ; 2         ; no              ; no         ; no            ; no       ; Off          ; 3.3-V LVTTL  ; 8mA              ; Off         ; --                        ; no                         ; no                          ; User                 ; -                    ; -                   ;
; mic_lr       ; L8    ; 3        ; 13           ; 0            ; 14           ; no              ; no                     ; no            ; 2         ; no              ; no         ; no            ; no       ; Off          ; 3.3-V LVTTL  ; 8mA              ; Off         ; --                        ; no                         ; no                          ; User                 ; -                    ; -                   ;
; mic_sck      ; M8    ; 3        ; 13           ; 0            ; 0            ; no              ; no                     ; no            ; 2         ; no              ; no         ; no            ; no       ; Off          ; 3.3-V LVTTL  ; 8mA              ; Off         ; --                        ; no                         ; no                          ; User                 ; -                    ; -                   ;
; mic_ws       ; M9    ; 4        ; 21           ; 0            ; 21           ; no              ; no                     ; no            ; 2         ; no              ; no         ; no            ; no       ; Off          ; 3.3-V LVTTL  ; 8mA              ; Off         ; --                        ; no                         ; no                          ; User                 ; -                    ; -                   ;
+--------------+-------+----------+--------------+--------------+--------------+-----------------+------------------------+---------------+-----------+-----------------+------------+---------------+----------+--------------+--------------+------------------+-------------+---------------------------+----------------------------+-----------------------------+----------------------+----------------------+---------------------+


+-------------------------------------------------------------------------------------------------------------------------+
; Dual Purpose and Dedicated Pins                                                                                         ;
+----------+-----------------------------+--------------------------+-------------------------+---------------------------+
; Location ; Pin Name                    ; Reserved As              ; User Signal Name        ; Pin Type                  ;
+----------+-----------------------------+--------------------------+-------------------------+---------------------------+
; C1       ; DIFFIO_L1n, DATA1, ASDO     ; As input tri-stated      ; ~ALTERA_ASDO_DATA1~     ; Dual Purpose Pin          ;
; D2       ; DIFFIO_L2p, FLASH_nCE, nCSO ; As input tri-stated      ; ~ALTERA_FLASH_nCE_nCSO~ ; Dual Purpose Pin          ;
; F4       ; nSTATUS                     ; -                        ; -                       ; Dedicated Programming Pin ;
; H1       ; DCLK                        ; As output driving ground ; ~ALTERA_DCLK~           ; Dual Purpose Pin          ;
; H2       ; DATA0                       ; As input tri-stated      ; ~ALTERA_DATA0~          ; Dual Purpose Pin          ;
; H5       ; nCONFIG                     ; -                        ; -                       ; Dedicated Programming Pin ;
; J3       ; nCE                         ; -                        ; -                       ; Dedicated Programming Pin ;
; H14      ; CONF_DONE                   ; -                        ; -                       ; Dedicated Programming Pin ;
; H13      ; MSEL0                       ; -                        ; -                       ; Dedicated Programming Pin ;
; H12      ; MSEL1                       ; -                        ; -                       ; Dedicated Programming Pin ;
; G12      ; MSEL2                       ; -                        ; -                       ; Dedicated Programming Pin ;
; G12      ; MSEL3                       ; -                        ; -                       ; Dedicated Programming Pin ;
; F16      ; DIFFIO_R3n, nCEO            ; Use as programming pin   ; ~ALTERA_nCEO~           ; Dual Purpose Pin          ;
; F8       ; DIFFIO_T10p, DATA3          ; Use as regular IO        ; dac_data[4]             ; Dual Purpose Pin          ;
; B7       ; DIFFIO_T9p, DATA4           ; Use as regular IO        ; dac_data[11]            ; Dual Purpose Pin          ;
; E6       ; DATA6                       ; Use as regular IO        ; dac_data[5]             ; Dual Purpose Pin          ;
; A5       ; DIFFIO_T6n, DATA7           ; Use as regular IO        ; dac_data[6]             ; Dual Purpose Pin          ;
+----------+-----------------------------+--------------------------+-------------------------+---------------------------+


+------------------------------------------------------------+
; I/O Bank Usage                                             ;
+----------+------------------+---------------+--------------+
; I/O Bank ; Usage            ; VCCIO Voltage ; VREF Voltage ;
+----------+------------------+---------------+--------------+
; 1        ; 7 / 17 ( 41 % )  ; 3.3V          ; --           ;
; 2        ; 2 / 19 ( 11 % )  ; 3.3V          ; --           ;
; 3        ; 3 / 26 ( 12 % )  ; 3.3V          ; --           ;
; 4        ; 1 / 27 ( 4 % )   ; 3.3V          ; --           ;
; 5        ; 0 / 25 ( 0 % )   ; 2.5V          ; --           ;
; 6        ; 1 / 14 ( 7 % )   ; 2.5V          ; --           ;
; 7        ; 4 / 26 ( 15 % )  ; 3.3V          ; --           ;
; 8        ; 15 / 26 ( 58 % ) ; 3.3V          ; --           ;
+----------+------------------+---------------+--------------+


+-----------------------------------------------------------------------------------------------------------------------------------------------------------------------------------------+
; All Package Pins                                                                                                                                                                        ;
+----------+------------+----------+-----------------------------------------------------------+--------+--------------+---------+------------+-----------------+----------+--------------+
; Location ; Pad Number ; I/O Bank ; Pin Name/Usage                                            ; Dir.   ; I/O Standard ; Voltage ; I/O Type   ; User Assignment ; Bus Hold ; Weak Pull Up ;
+----------+------------+----------+-----------------------------------------------------------+--------+--------------+---------+------------+-----------------+----------+--------------+
; A1       ;            ; 8        ; VCCIO8                                                    ; power  ;              ; 3.3V    ; --         ;                 ; --       ; --           ;
; A2       ; 194        ; 8        ; RESERVED_INPUT_WITH_WEAK_PULLUP                           ;        ;              ;         ; Column I/O ;                 ; no       ; On           ;
; A3       ; 200        ; 8        ; led[2]                                                    ; output ; 3.3-V LVTTL  ;         ; Column I/O ; Y               ; no       ; Off          ;
; A4       ; 196        ; 8        ; led[0]                                                    ; output ; 3.3-V LVTTL  ;         ; Column I/O ; Y               ; no       ; Off          ;
; A5       ; 192        ; 8        ; dac_data[6]                                               ; output ; 3.3-V LVTTL  ;         ; Column I/O ; Y               ; no       ; Off          ;
; A6       ; 188        ; 8        ; dac_data[8]                                               ; output ; 3.3-V LVTTL  ;         ; Column I/O ; Y               ; no       ; Off          ;
; A7       ; 183        ; 8        ; dac_data[10]                                              ; output ; 3.3-V LVTTL  ;         ; Column I/O ; Y               ; no       ; Off          ;
; A8       ; 177        ; 8        ; dac_data[12]                                              ; output ; 3.3-V LVTTL  ;         ; Column I/O ; Y               ; no       ; Off          ;
; A9       ; 175        ; 7        ; RESERVED_INPUT_WITH_WEAK_PULLUP                           ;        ;              ;         ; Column I/O ;                 ; no       ; On           ;
; A10      ; 168        ; 7        ; RESERVED_INPUT_WITH_WEAK_PULLUP                           ;        ;              ;         ; Column I/O ;                 ; no       ; On           ;
; A11      ; 161        ; 7        ; RESERVED_INPUT_WITH_WEAK_PULLUP                           ;        ;              ;         ; Column I/O ;                 ; no       ; On           ;
; A12      ; 159        ; 7        ; RESERVED_INPUT_WITH_WEAK_PULLUP                           ;        ;              ;         ; Column I/O ;                 ; no       ; On           ;
; A13      ; 153        ; 7        ; RESERVED_INPUT_WITH_WEAK_PULLUP                           ;        ;              ;         ; Column I/O ;                 ; no       ; On           ;
; A14      ; 155        ; 7        ; RESERVED_INPUT_WITH_WEAK_PULLUP                           ;        ;              ;         ; Column I/O ;                 ; no       ; On           ;
; A15      ; 167        ; 7        ; RESERVED_INPUT_WITH_WEAK_PULLUP                           ;        ;              ;         ; Column I/O ;                 ; no       ; On           ;
; A16      ;            ; 7        ; VCCIO7                                                    ; power  ;              ; 3.3V    ; --         ;                 ; --       ; --           ;
; B1       ; 3          ; 1        ; RESERVED_INPUT_WITH_WEAK_PULLUP                           ;        ;              ;         ; Row I/O    ;                 ; no       ; On           ;
; B2       ;            ;          ; GND                                                       ; gnd    ;              ;         ; --         ;                 ; --       ; --           ;
; B3       ; 201        ; 8        ; led[3]                                                    ; output ; 3.3-V LVTTL  ;         ; Column I/O ; Y               ; no       ; Off          ;
; B4       ; 197        ; 8        ; led[1]                                                    ; output ; 3.3-V LVTTL  ;         ; Column I/O ; Y               ; no       ; Off          ;
; B5       ; 195        ; 8        ; dac_data[7]                                               ; output ; 3.3-V LVTTL  ;         ; Column I/O ; Y               ; no       ; Off          ;
; B6       ; 189        ; 8        ; dac_data[9]                                               ; output ; 3.3-V LVTTL  ;         ; Column I/O ; Y               ; no       ; Off          ;
; B7       ; 184        ; 8        ; dac_data[11]                                              ; output ; 3.3-V LVTTL  ;         ; Column I/O ; Y               ; no       ; Off          ;
; B8       ; 178        ; 8        ; dac_data[13]                                              ; output ; 3.3-V LVTTL  ;         ; Column I/O ; Y               ; no       ; Off          ;
; B9       ; 176        ; 7        ; RESERVED_INPUT_WITH_WEAK_PULLUP                           ;        ;              ;         ; Column I/O ;                 ; no       ; On           ;
; B10      ; 169        ; 7        ; RESERVED_INPUT_WITH_WEAK_PULLUP                           ;        ;              ;         ; Column I/O ;                 ; no       ; On           ;
; B11      ; 162        ; 7        ; RESERVED_INPUT_WITH_WEAK_PULLUP                           ;        ;              ;         ; Column I/O ;                 ; no       ; On           ;
; B12      ; 160        ; 7        ; RESERVED_INPUT_WITH_WEAK_PULLUP                           ;        ;              ;         ; Column I/O ;                 ; no       ; On           ;
; B13      ; 154        ; 7        ; RESERVED_INPUT_WITH_WEAK_PULLUP                           ;        ;              ;         ; Column I/O ;                 ; no       ; On           ;
; B14      ; 156        ; 7        ; RESERVED_INPUT_WITH_WEAK_PULLUP                           ;        ;              ;         ; Column I/O ;                 ; no       ; On           ;
; B15      ;            ;          ; GND                                                       ; gnd    ;              ;         ; --         ;                 ; --       ; --           ;
; B16      ; 141        ; 6        ; RESERVED_INPUT_WITH_WEAK_PULLUP                           ;        ;              ;         ; Row I/O    ;                 ; no       ; On           ;
; C1       ; 5          ; 1        ; ~ALTERA_ASDO_DATA1~ / RESERVED_INPUT_WITH_WEAK_PULLUP     ; input  ; 3.3-V LVTTL  ;         ; Row I/O    ; N               ; no       ; On           ;
; C2       ; 4          ; 1        ; RESERVED_INPUT_WITH_WEAK_PULLUP                           ;        ;              ;         ; Row I/O    ;                 ; no       ; On           ;
; C3       ; 202        ; 8        ; RESERVED_INPUT_WITH_WEAK_PULLUP                           ;        ;              ;         ; Column I/O ;                 ; no       ; On           ;
; C4       ;            ; 8        ; VCCIO8                                                    ; power  ;              ; 3.3V    ; --         ;                 ; --       ; --           ;
; C5       ;            ;          ; GND                                                       ; gnd    ;              ;         ; --         ;                 ; --       ; --           ;
; C6       ; 187        ; 8        ; RESERVED_INPUT_WITH_WEAK_PULLUP                           ;        ;              ;         ; Column I/O ;                 ; --       ; --           ;
; C7       ;            ; 8        ; VCCIO8                                                    ; power  ;              ; 3.3V    ; --         ;                 ; --       ; --           ;
; C8       ; 179        ; 8        ; dac_clk                                                   ; output ; 3.3-V LVTTL  ;         ; Column I/O ; Y               ; no       ; Off          ;
; C9       ; 172        ; 7        ; RESERVED_INPUT_WITH_WEAK_PULLUP                           ;        ;              ;         ; Column I/O ;                 ; no       ; On           ;
; C10      ;            ; 7        ; VCCIO7                                                    ; power  ;              ; 3.3V    ; --         ;                 ; --       ; --           ;
; C11      ; 163        ; 7        ; dac_data[3]                                               ; output ; 3.3-V LVTTL  ;         ; Column I/O ; Y               ; no       ; Off          ;
; C12      ;            ;          ; GND                                                       ; gnd    ;              ;         ; --         ;                 ; --       ; --           ;
; C13      ;            ; 7        ; VCCIO7                                                    ; power  ;              ; 3.3V    ; --         ;                 ; --       ; --           ;
; C14      ; 149        ; 7        ; RESERVED_INPUT_WITH_WEAK_PULLUP                           ;        ;              ;         ; Column I/O ;                 ; no       ; On           ;
; C15      ; 147        ; 6        ; RESERVED_INPUT_WITH_WEAK_PULLUP                           ;        ;              ;         ; Row I/O    ;                 ; no       ; On           ;
; C16      ; 146        ; 6        ; RESERVED_INPUT_WITH_WEAK_PULLUP                           ;        ;              ;         ; Row I/O    ;                 ; no       ; On           ;
; D1       ; 8          ; 1        ; RESERVED_INPUT_WITH_WEAK_PULLUP                           ;        ;              ;         ; Row I/O    ;                 ; no       ; On           ;
; D2       ; 7          ; 1        ; ~ALTERA_FLASH_nCE_nCSO~ / RESERVED_INPUT_WITH_WEAK_PULLUP ; input  ; 3.3-V LVTTL  ;         ; Row I/O    ; N               ; no       ; On           ;
; D3       ; 203        ; 8        ; RESERVED_INPUT_WITH_WEAK_PULLUP                           ;        ;              ;         ; Column I/O ;                 ; no       ; On           ;
; D4       ; 0          ; 1        ; RESERVED_INPUT_WITH_WEAK_PULLUP                           ;        ;              ;         ; Row I/O    ;                 ; no       ; On           ;
; D5       ; 198        ; 8        ; RESERVED_INPUT_WITH_WEAK_PULLUP                           ;        ;              ;         ; Column I/O ;                 ; no       ; On           ;
; D6       ; 199        ; 8        ; RESERVED_INPUT_WITH_WEAK_PULLUP                           ;        ;              ;         ; Column I/O ;                 ; no       ; On           ;
; D7       ;            ;          ; GND                                                       ; gnd    ;              ;         ; --         ;                 ; --       ; --           ;
; D8       ; 180        ; 8        ; RESERVED_INPUT_WITH_WEAK_PULLUP                           ;        ;              ;         ; Column I/O ;                 ; no       ; On           ;
; D9       ; 173        ; 7        ; dac_data[1]                                               ; output ; 3.3-V LVTTL  ;         ; Column I/O ; Y               ; no       ; Off          ;
; D10      ;            ;          ; GND                                                       ; gnd    ;              ;         ; --         ;                 ; --       ; --           ;
; D11      ; 151        ; 7        ; dac_data[2]                                               ; output ; 3.3-V LVTTL  ;         ; Column I/O ; Y               ; no       ; Off          ;
; D12      ; 152        ; 7        ; RESERVED_INPUT_WITH_WEAK_PULLUP                           ;        ;              ;         ; Column I/O ;                 ; no       ; On           ;
; D13      ;            ;          ; VCCD_PLL2                                                 ; power  ;              ; 1.2V    ; --         ;                 ; --       ; --           ;
; D14      ; 150        ; 7        ; RESERVED_INPUT_WITH_WEAK_PULLUP                           ;        ;              ;         ; Column I/O ;                 ; no       ; On           ;
; D15      ; 144        ; 6        ; RESERVED_INPUT_WITH_WEAK_PULLUP                           ;        ;              ;         ; Row I/O    ;                 ; no       ; On           ;
; D16      ; 143        ; 6        ; RESERVED_INPUT_WITH_WEAK_PULLUP                           ;        ;              ;         ; Row I/O    ;                 ; no       ; On           ;
; E1       ; 24         ; 1        ; clk_50m                                                   ; input  ; 3.3-V LVTTL  ;         ; Row I/O    ; Y               ; no       ; Off          ;
; E2       ;            ;          ; GND                                                       ; gnd    ;              ;         ; --         ;                 ; --       ; --           ;
; E3       ;            ; 1        ; VCCIO1                                                    ; power  ;              ; 3.3V    ; --         ;                 ; --       ; --           ;
; E4       ;            ;          ; GND                                                       ; gnd    ;              ;         ; --         ;                 ; --       ; --           ;
; E5       ; 1          ; 1        ; RESERVED_INPUT_WITH_WEAK_PULLUP                           ;        ;              ;         ; Row I/O    ;                 ; no       ; On           ;
; E6       ; 191        ; 8        ; dac_data[5]                                               ; output ; 3.3-V LVTTL  ;         ; Column I/O ; Y               ; no       ; Off          ;
; E7       ; 190        ; 8        ; RESERVED_INPUT_WITH_WEAK_PULLUP                           ;        ;              ;         ; Column I/O ;                 ; no       ; On           ;
; E8       ; 181        ; 8        ; RESERVED_INPUT_WITH_WEAK_PULLUP                           ;        ;              ;         ; Column I/O ;                 ; no       ; On           ;
; E9       ; 174        ; 7        ; RESERVED_INPUT_WITH_WEAK_PULLUP                           ;        ;              ;         ; Column I/O ;                 ; no       ; On           ;
; E10      ; 158        ; 7        ; dac_data[0]                                               ; output ; 3.3-V LVTTL  ;         ; Column I/O ; Y               ; no       ; Off          ;
; E11      ; 157        ; 7        ; RESERVED_INPUT_WITH_WEAK_PULLUP                           ;        ;              ;         ; Column I/O ;                 ; no       ; On           ;
; E12      ;            ;          ; GNDA2                                                     ; gnd    ;              ;         ; --         ;                 ; --       ; --           ;
; E13      ;            ;          ; GND                                                       ; gnd    ;              ;         ; --         ;                 ; --       ; --           ;
; E14      ;            ; 6        ; VCCIO6                                                    ; power  ;              ; 2.5V    ; --         ;                 ; --       ; --           ;
; E15      ; 128        ; 6        ; GND+                                                      ;        ;              ;         ; Row I/O    ;                 ; --       ; --           ;
; E16      ; 127        ; 6        ; GND+                                                      ;        ;              ;         ; Row I/O    ;                 ; --       ; --           ;
; F1       ; 12         ; 1        ; key[3]                                                    ; input  ; 3.3-V LVTTL  ;         ; Row I/O    ; Y               ; no       ; Off          ;
; F2       ; 11         ; 1        ; key[2]                                                    ; input  ; 3.3-V LVTTL  ;         ; Row I/O    ; Y               ; no       ; Off          ;
; F3       ; 6          ; 1        ; RESERVED_INPUT_WITH_WEAK_PULLUP                           ;        ;              ;         ; Row I/O    ;                 ; --       ; --           ;
; F4       ; 9          ; 1        ; ^nSTATUS                                                  ;        ;              ;         ; --         ;                 ; --       ; --           ;
; F5       ; 2          ; 1        ; RESERVED_INPUT_WITH_WEAK_PULLUP                           ;        ;              ;         ; Row I/O    ;                 ; no       ; On           ;
; F6       ; 185        ; 8        ; RESERVED_INPUT_WITH_WEAK_PULLUP                           ;        ;              ;         ; Column I/O ;                 ; no       ; On           ;
; F7       ; 186        ; 8        ; RESERVED_INPUT_WITH_WEAK_PULLUP                           ;        ;              ;         ; Column I/O ;                 ; no       ; On           ;
; F8       ; 182        ; 8        ; dac_data[4]                                               ; output ; 3.3-V LVTTL  ;         ; Column I/O ; Y               ; no       ; Off          ;
; F9       ; 165        ; 7        ; RESERVED_INPUT_WITH_WEAK_PULLUP                           ;        ;              ;         ; Column I/O ;                 ; no       ; On           ;
; F10      ; 164        ; 7        ; RESERVED_INPUT_WITH_WEAK_PULLUP                           ;        ;              ;         ; Column I/O ;                 ; no       ; On           ;
; F11      ; 166        ; 7        ; RESERVED_INPUT_WITH_WEAK_PULLUP                           ;        ;              ;         ; Column I/O ;                 ; no       ; On           ;
; F12      ;            ; --       ; VCCA2                                                     ; power  ;              ; 2.5V    ; --         ;                 ; --       ; --           ;
; F13      ; 138        ; 6        ; RESERVED_INPUT_WITH_WEAK_PULLUP                           ;        ;              ;         ; Row I/O    ;                 ; no       ; On           ;
; F14      ; 142        ; 6        ; RESERVED_INPUT_WITH_WEAK_PULLUP                           ;        ;              ;         ; Row I/O    ;                 ; --       ; --           ;
; F15      ; 140        ; 6        ; RESERVED_INPUT_WITH_WEAK_PULLUP                           ;        ;              ;         ; Row I/O    ;                 ; no       ; On           ;
; F16      ; 139        ; 6        ; ~ALTERA_nCEO~ / RESERVED_OUTPUT_OPEN_DRAIN                ; output ; 2.5 V        ;         ; Row I/O    ; N               ; no       ; Off          ;
; G1       ; 14         ; 1        ; RESERVED_INPUT_WITH_WEAK_PULLUP                           ;        ;              ;         ; Row I/O    ;                 ; no       ; On           ;
; G2       ; 13         ; 1        ; RESERVED_INPUT_WITH_WEAK_PULLUP                           ;        ;              ;         ; Row I/O    ;                 ; no       ; On           ;
; G3       ;            ; 1        ; VCCIO1                                                    ; power  ;              ; 3.3V    ; --         ;                 ; --       ; --           ;
; G4       ;            ;          ; GND                                                       ; gnd    ;              ;         ; --         ;                 ; --       ; --           ;
; G5       ; 10         ; 1        ; RESERVED_INPUT_WITH_WEAK_PULLUP                           ;        ;              ;         ; Row I/O    ;                 ; no       ; On           ;
; G6       ;            ;          ; VCCINT                                                    ; power  ;              ; 1.2V    ; --         ;                 ; --       ; --           ;
; G7       ;            ;          ; VCCINT                                                    ; power  ;              ; 1.2V    ; --         ;                 ; --       ; --           ;
; G8       ;            ;          ; VCCINT                                                    ; power  ;              ; 1.2V    ; --         ;                 ; --       ; --           ;
; G9       ;            ;          ; VCCINT                                                    ; power  ;              ; 1.2V    ; --         ;                 ; --       ; --           ;
; G10      ;            ;          ; VCCINT                                                    ; power  ;              ; 1.2V    ; --         ;                 ; --       ; --           ;
; G11      ; 145        ; 6        ; RESERVED_INPUT_WITH_WEAK_PULLUP                           ;        ;              ;         ; Row I/O    ;                 ; no       ; On           ;
; G12      ; 132        ; 6        ; ^MSEL2                                                    ;        ;              ;         ; --         ;                 ; --       ; --           ;
; G12      ; 133        ; 6        ; ^MSEL3                                                    ;        ;              ;         ; --         ;                 ; --       ; --           ;
; G13      ;            ;          ; GND                                                       ; gnd    ;              ;         ; --         ;                 ; --       ; --           ;
; G14      ;            ; 6        ; VCCIO6                                                    ; power  ;              ; 2.5V    ; --         ;                 ; --       ; --           ;
; G15      ; 137        ; 6        ; RESERVED_INPUT_WITH_WEAK_PULLUP                           ;        ;              ;         ; Row I/O    ;                 ; no       ; On           ;
; G16      ; 136        ; 6        ; RESERVED_INPUT_WITH_WEAK_PULLUP                           ;        ;              ;         ; Row I/O    ;                 ; no       ; On           ;
; H1       ; 15         ; 1        ; ~ALTERA_DCLK~                                             ; output ; 3.3-V LVTTL  ;         ; Row I/O    ; N               ; no       ; On           ;
; H2       ; 16         ; 1        ; ~ALTERA_DATA0~ / RESERVED_INPUT_WITH_WEAK_PULLUP          ; input  ; 3.3-V LVTTL  ;         ; Row I/O    ; N               ; no       ; On           ;
; H3       ; 19         ; 1        ; #TCK                                                      ; input  ;              ;         ; --         ;                 ; --       ; --           ;
; H4       ; 18         ; 1        ; #TDI                                                      ; input  ;              ;         ; --         ;                 ; --       ; --           ;
; H5       ; 17         ; 1        ; ^nCONFIG                                                  ;        ;              ;         ; --         ;                 ; --       ; --           ;
; H6       ;            ;          ; VCCINT                                                    ; power  ;              ; 1.2V    ; --         ;                 ; --       ; --           ;
; H7       ;            ;          ; GND                                                       ; gnd    ;              ;         ; --         ;                 ; --       ; --           ;
; H8       ;            ;          ; GND                                                       ; gnd    ;              ;         ; --         ;                 ; --       ; --           ;
; H9       ;            ;          ; GND                                                       ; gnd    ;              ;         ; --         ;                 ; --       ; --           ;
; H10      ;            ;          ; GND                                                       ; gnd    ;              ;         ; --         ;                 ; --       ; --           ;
; H11      ;            ;          ; VCCINT                                                    ; power  ;              ; 1.2V    ; --         ;                 ; --       ; --           ;
; H12      ; 131        ; 6        ; ^MSEL1                                                    ;        ;              ;         ; --         ;                 ; --       ; --           ;
; H13      ; 130        ; 6        ; ^MSEL0                                                    ;        ;              ;         ; --         ;                 ; --       ; --           ;
; H14      ; 129        ; 6        ; ^CONF_DONE                                                ;        ;              ;         ; --         ;                 ; --       ; --           ;
; H15      ;            ;          ; GND                                                       ; gnd    ;              ;         ; --         ;                 ; --       ; --           ;
; H16      ;            ;          ; GND                                                       ; gnd    ;              ;         ; --         ;                 ; --       ; --           ;
; J1       ; 28         ; 2        ; RESERVED_INPUT_WITH_WEAK_PULLUP                           ;        ;              ;         ; Row I/O    ;                 ; no       ; On           ;
; J2       ; 27         ; 2        ; RESERVED_INPUT_WITH_WEAK_PULLUP                           ;        ;              ;         ; Row I/O    ;                 ; no       ; On           ;
; J3       ; 22         ; 1        ; ^nCE                                                      ;        ;              ;         ; --         ;                 ; --       ; --           ;
; J4       ; 21         ; 1        ; #TDO                                                      ; output ;              ;         ; --         ;                 ; --       ; --           ;
; J5       ; 20         ; 1        ; #TMS                                                      ; input  ;              ;         ; --         ;                 ; --       ; --           ;
; J6       ; 29         ; 2        ; RESERVED_INPUT_WITH_WEAK_PULLUP                           ;        ;              ;         ; Row I/O    ;                 ; no       ; On           ;
; J7       ;            ;          ; GND                                                       ; gnd    ;              ;         ; --         ;                 ; --       ; --           ;
; J8       ;            ;          ; GND                                                       ; gnd    ;              ;         ; --         ;                 ; --       ; --           ;
; J9       ;            ;          ; GND                                                       ; gnd    ;              ;         ; --         ;                 ; --       ; --           ;
; J10      ;            ;          ; GND                                                       ; gnd    ;              ;         ; --         ;                 ; --       ; --           ;
; J11      ; 117        ; 5        ; RESERVED_INPUT_WITH_WEAK_PULLUP                           ;        ;              ;         ; Row I/O    ;                 ; no       ; On           ;
; J12      ; 123        ; 5        ; RESERVED_INPUT_WITH_WEAK_PULLUP                           ;        ;              ;         ; Row I/O    ;                 ; no       ; On           ;
; J13      ; 124        ; 5        ; RESERVED_INPUT_WITH_WEAK_PULLUP                           ;        ;              ;         ; Row I/O    ;                 ; no       ; On           ;
; J14      ; 122        ; 5        ; RESERVED_INPUT_WITH_WEAK_PULLUP                           ;        ;              ;         ; Row I/O    ;                 ; no       ; On           ;
; J15      ; 121        ; 5        ; RESERVED_INPUT_WITH_WEAK_PULLUP                           ;        ;              ;         ; Row I/O    ;                 ; no       ; On           ;
; J16      ; 120        ; 5        ; RESERVED_INPUT_WITH_WEAK_PULLUP                           ;        ;              ;         ; Row I/O    ;                 ; no       ; On           ;
; K1       ; 33         ; 2        ; RESERVED_INPUT_WITH_WEAK_PULLUP                           ;        ;              ;         ; Row I/O    ;                 ; no       ; On           ;
; K2       ; 32         ; 2        ; RESERVED_INPUT_WITH_WEAK_PULLUP                           ;        ;              ;         ; Row I/O    ;                 ; no       ; On           ;
; K3       ;            ; 2        ; VCCIO2                                                    ; power  ;              ; 3.3V    ; --         ;                 ; --       ; --           ;
; K4       ;            ;          ; GND                                                       ; gnd    ;              ;         ; --         ;                 ; --       ; --           ;
; K5       ; 39         ; 2        ; RESERVED_INPUT_WITH_WEAK_PULLUP                           ;        ;              ;         ; Row I/O    ;                 ; no       ; On           ;
; K6       ; 30         ; 2        ; RESERVED_INPUT_WITH_WEAK_PULLUP                           ;        ;              ;         ; Row I/O    ;                 ; no       ; On           ;
; K7       ;            ;          ; VCCINT                                                    ; power  ;              ; 1.2V    ; --         ;                 ; --       ; --           ;
; K8       ; 60         ; 3        ; RESERVED_INPUT_WITH_WEAK_PULLUP                           ;        ;              ;         ; Column I/O ;                 ; no       ; On           ;
; K9       ; 76         ; 4        ; RESERVED_INPUT_WITH_WEAK_PULLUP                           ;        ;              ;         ; Column I/O ;                 ; no       ; On           ;
; K10      ; 87         ; 4        ; RESERVED_INPUT_WITH_WEAK_PULLUP                           ;        ;              ;         ; Column I/O ;                 ; no       ; On           ;
; K11      ; 110        ; 5        ; RESERVED_INPUT_WITH_WEAK_PULLUP                           ;        ;              ;         ; Row I/O    ;                 ; no       ; On           ;
; K12      ; 105        ; 5        ; RESERVED_INPUT_WITH_WEAK_PULLUP                           ;        ;              ;         ; Row I/O    ;                 ; no       ; On           ;
; K13      ;            ;          ; GND                                                       ; gnd    ;              ;         ; --         ;                 ; --       ; --           ;
; K14      ;            ; 5        ; VCCIO5                                                    ; power  ;              ; 2.5V    ; --         ;                 ; --       ; --           ;
; K15      ; 119        ; 5        ; RESERVED_INPUT_WITH_WEAK_PULLUP                           ;        ;              ;         ; Row I/O    ;                 ; no       ; On           ;
; K16      ; 118        ; 5        ; RESERVED_INPUT_WITH_WEAK_PULLUP                           ;        ;              ;         ; Row I/O    ;                 ; no       ; On           ;
; L1       ; 35         ; 2        ; RESERVED_INPUT_WITH_WEAK_PULLUP                           ;        ;              ;         ; Row I/O    ;                 ; no       ; On           ;
; L2       ; 34         ; 2        ; RESERVED_INPUT_WITH_WEAK_PULLUP                           ;        ;              ;         ; Row I/O    ;                 ; no       ; On           ;
; L3       ; 36         ; 2        ; RESERVED_INPUT_WITH_WEAK_PULLUP                           ;        ;              ;         ; Row I/O    ;                 ; --       ; --           ;
; L4       ; 40         ; 2        ; RESERVED_INPUT_WITH_WEAK_PULLUP                           ;        ;              ;         ; Row I/O    ;                 ; no       ; On           ;
; L5       ;            ; --       ; VCCA1                                                     ; power  ;              ; 2.5V    ; --         ;                 ; --       ; --           ;
; L6       ; 31         ; 2        ; RESERVED_INPUT_WITH_WEAK_PULLUP                           ;        ;              ;         ; Row I/O    ;                 ; no       ; On           ;
; L7       ; 65         ; 3        ; RESERVED_INPUT_WITH_WEAK_PULLUP                           ;        ;              ;         ; Column I/O ;                 ; no       ; On           ;
; L8       ; 68         ; 3        ; mic_lr                                                    ; output ; 3.3-V LVTTL  ;         ; Column I/O ; Y               ; no       ; Off          ;
; L9       ; 77         ; 4        ; RESERVED_INPUT_WITH_WEAK_PULLUP                           ;        ;              ;         ; Column I/O ;                 ; no       ; On           ;
; L10      ; 88         ; 4        ; RESERVED_INPUT_WITH_WEAK_PULLUP                           ;        ;              ;         ; Column I/O ;                 ; no       ; On           ;
; L11      ; 99         ; 4        ; RESERVED_INPUT_WITH_WEAK_PULLUP                           ;        ;              ;         ; Column I/O ;                 ; no       ; On           ;
; L12      ; 104        ; 5        ; RESERVED_INPUT_WITH_WEAK_PULLUP                           ;        ;              ;         ; Row I/O    ;                 ; no       ; On           ;
; L13      ; 114        ; 5        ; RESERVED_INPUT_WITH_WEAK_PULLUP                           ;        ;              ;         ; Row I/O    ;                 ; no       ; On           ;
; L14      ; 113        ; 5        ; RESERVED_INPUT_WITH_WEAK_PULLUP                           ;        ;              ;         ; Row I/O    ;                 ; --       ; --           ;
; L15      ; 116        ; 5        ; RESERVED_INPUT_WITH_WEAK_PULLUP                           ;        ;              ;         ; Row I/O    ;                 ; no       ; On           ;
; L16      ; 115        ; 5        ; RESERVED_INPUT_WITH_WEAK_PULLUP                           ;        ;              ;         ; Row I/O    ;                 ; no       ; On           ;
; M1       ; 26         ; 2        ; key[1]                                                    ; input  ; 3.3-V LVTTL  ;         ; Row I/O    ; Y               ; no       ; Off          ;
; M2       ; 25         ; 2        ; key[0]                                                    ; input  ; 3.3-V LVTTL  ;         ; Row I/O    ; Y               ; no       ; Off          ;
; M3       ;            ; 2        ; VCCIO2                                                    ; power  ;              ; 3.3V    ; --         ;                 ; --       ; --           ;
; M4       ;            ;          ; GND                                                       ; gnd    ;              ;         ; --         ;                 ; --       ; --           ;
; M5       ;            ;          ; GNDA1                                                     ; gnd    ;              ;         ; --         ;                 ; --       ; --           ;
; M6       ; 57         ; 3        ; RESERVED_INPUT_WITH_WEAK_PULLUP                           ;        ;              ;         ; Column I/O ;                 ; no       ; On           ;
; M7       ; 59         ; 3        ; mic_sd                                                    ; input  ; 3.3-V LVTTL  ;         ; Column I/O ; Y               ; no       ; Off          ;
; M8       ; 69         ; 3        ; mic_sck                                                   ; output ; 3.3-V LVTTL  ;         ; Column I/O ; Y               ; no       ; Off          ;
; M9       ; 78         ; 4        ; mic_ws                                                    ; output ; 3.3-V LVTTL  ;         ; Column I/O ; Y               ; no       ; Off          ;
; M10      ; 93         ; 4        ; RESERVED_INPUT_WITH_WEAK_PULLUP                           ;        ;              ;         ; Column I/O ;                 ; no       ; On           ;
; M11      ; 100        ; 4        ; RESERVED_INPUT_WITH_WEAK_PULLUP                           ;        ;              ;         ; Column I/O ;                 ; no       ; On           ;
; M12      ; 103        ; 5        ; RESERVED_INPUT_WITH_WEAK_PULLUP                           ;        ;              ;         ; Row I/O    ;                 ; no       ; On           ;
; M13      ;            ;          ; GND                                                       ; gnd    ;              ;         ; --         ;                 ; --       ; --           ;
; M14      ;            ; 5        ; VCCIO5                                                    ; power  ;              ; 2.5V    ; --         ;                 ; --       ; --           ;
; M15      ; 126        ; 5        ; GND+                                                      ;        ;              ;         ; Row I/O    ;                 ; --       ; --           ;
; M16      ; 125        ; 5        ; GND+                                                      ;        ;              ;         ; Row I/O    ;                 ; --       ; --           ;
; N1       ; 38         ; 2        ; RESERVED_INPUT_WITH_WEAK_PULLUP                           ;        ;              ;         ; Row I/O    ;                 ; no       ; On           ;
; N2       ; 37         ; 2        ; RESERVED_INPUT_WITH_WEAK_PULLUP                           ;        ;              ;         ; Row I/O    ;                 ; no       ; On           ;
; N3       ; 45         ; 3        ; RESERVED_INPUT_WITH_WEAK_PULLUP                           ;        ;              ;         ; Column I/O ;                 ; no       ; On           ;
; N4       ;            ;          ; VCCD_PLL1                                                 ; power  ;              ; 1.2V    ; --         ;                 ; --       ; --           ;
; N5       ; 55         ; 3        ; RESERVED_INPUT_WITH_WEAK_PULLUP                           ;        ;              ;         ; Column I/O ;                 ; no       ; On           ;
; N6       ; 56         ; 3        ; RESERVED_INPUT_WITH_WEAK_PULLUP                           ;        ;              ;         ; Column I/O ;                 ; no       ; On           ;
; N7       ;            ;          ; GND                                                       ; gnd    ;              ;         ; --         ;                 ; --       ; --           ;
; N8       ; 70         ; 3        ; RESERVED_INPUT_WITH_WEAK_PULLUP                           ;        ;              ;         ; Column I/O ;                 ; no       ; On           ;
; N9       ; 79         ; 4        ; RESERVED_INPUT_WITH_WEAK_PULLUP                           ;        ;              ;         ; Column I/O ;                 ; no       ; On           ;
; N10      ;            ;          ; GND                                                       ; gnd    ;              ;         ; --         ;                 ; --       ; --           ;
; N11      ; 94         ; 4        ; RESERVED_INPUT_WITH_WEAK_PULLUP                           ;        ;              ;         ; Column I/O ;                 ; no       ; On           ;
; N12      ; 101        ; 4        ; RESERVED_INPUT_WITH_WEAK_PULLUP                           ;        ;              ;         ; Column I/O ;                 ; no       ; On           ;
; N13      ; 102        ; 5        ; RESERVED_INPUT_WITH_WEAK_PULLUP                           ;        ;              ;         ; Row I/O    ;                 ; no       ; On           ;
; N14      ; 106        ; 5        ; RESERVED_INPUT_WITH_WEAK_PULLUP                           ;        ;              ;         ; Row I/O    ;                 ; no       ; On           ;
; N15      ; 112        ; 5        ; RESERVED_INPUT_WITH_WEAK_PULLUP                           ;        ;              ;         ; Row I/O    ;                 ; no       ; On           ;
; N16      ; 111        ; 5        ; RESERVED_INPUT_WITH_WEAK_PULLUP                           ;        ;              ;         ; Row I/O    ;                 ; no       ; On           ;
; P1       ; 44         ; 2        ; RESERVED_INPUT_WITH_WEAK_PULLUP                           ;        ;              ;         ; Row I/O    ;                 ; no       ; On           ;
; P2       ; 43         ; 2        ; RESERVED_INPUT_WITH_WEAK_PULLUP                           ;        ;              ;         ; Row I/O    ;                 ; no       ; On           ;
; P3       ; 46         ; 3        ; RESERVED_INPUT_WITH_WEAK_PULLUP                           ;        ;              ;         ; Column I/O ;                 ; no       ; On           ;
; P4       ;            ; 3        ; VCCIO3                                                    ; power  ;              ; 3.3V    ; --         ;                 ; --       ; --           ;
; P5       ;            ;          ; GND                                                       ; gnd    ;              ;         ; --         ;                 ; --       ; --           ;
; P6       ; 58         ; 3        ; RESERVED_INPUT_WITH_WEAK_PULLUP                           ;        ;              ;         ; Column I/O ;                 ; --       ; --           ;
; P7       ;            ; 3        ; VCCIO3                                                    ; power  ;              ; 3.3V    ; --         ;                 ; --       ; --           ;
; P8       ; 71         ; 3        ; RESERVED_INPUT_WITH_WEAK_PULLUP                           ;        ;              ;         ; Column I/O ;                 ; no       ; On           ;
; P9       ; 89         ; 4        ; RESERVED_INPUT_WITH_WEAK_PULLUP                           ;        ;              ;         ; Column I/O ;                 ; no       ; On           ;
; P10      ;            ; 4        ; VCCIO4                                                    ; power  ;              ; 3.3V    ; --         ;                 ; --       ; --           ;
; P11      ; 90         ; 4        ; RESERVED_INPUT_WITH_WEAK_PULLUP                           ;        ;              ;         ; Column I/O ;                 ; --       ; --           ;
; P12      ;            ;          ; GND                                                       ; gnd    ;              ;         ; --         ;                 ; --       ; --           ;
; P13      ;            ; 4        ; VCCIO4                                                    ; power  ;              ; 3.3V    ; --         ;                 ; --       ; --           ;
; P14      ; 98         ; 4        ; RESERVED_INPUT_WITH_WEAK_PULLUP                           ;        ;              ;         ; Column I/O ;                 ; no       ; On           ;
; P15      ; 107        ; 5        ; RESERVED_INPUT_WITH_WEAK_PULLUP                           ;        ;              ;         ; Row I/O    ;                 ; no       ; On           ;
; P16      ; 108        ; 5        ; RESERVED_INPUT_WITH_WEAK_PULLUP                           ;        ;              ;         ; Row I/O    ;                 ; no       ; On           ;
; R1       ; 42         ; 2        ; RESERVED_INPUT_WITH_WEAK_PULLUP                           ;        ;              ;         ; Row I/O    ;                 ; no       ; On           ;
; R2       ;            ;          ; GND                                                       ; gnd    ;              ;         ; --         ;                 ; --       ; --           ;
; R3       ; 47         ; 3        ; RESERVED_INPUT_WITH_WEAK_PULLUP                           ;        ;              ;         ; Column I/O ;                 ; no       ; On           ;
; R4       ; 53         ; 3        ; RESERVED_INPUT_WITH_WEAK_PULLUP                           ;        ;              ;         ; Column I/O ;                 ; no       ; On           ;
; R5       ; 61         ; 3        ; RESERVED_INPUT_WITH_WEAK_PULLUP                           ;        ;              ;         ; Column I/O ;                 ; no       ; On           ;
; R6       ; 63         ; 3        ; RESERVED_INPUT_WITH_WEAK_PULLUP                           ;        ;              ;         ; Column I/O ;                 ; no       ; On           ;
; R7       ; 66         ; 3        ; RESERVED_INPUT_WITH_WEAK_PULLUP                           ;        ;              ;         ; Column I/O ;                 ; no       ; On           ;
; R8       ; 72         ; 3        ; RESERVED_INPUT_WITH_WEAK_PULLUP                           ;        ;              ;         ; Column I/O ;                 ; no       ; On           ;
; R9       ; 74         ; 4        ; RESERVED_INPUT_WITH_WEAK_PULLUP                           ;        ;              ;         ; Column I/O ;                 ; no       ; On           ;
; R10      ; 80         ; 4        ; RESERVED_INPUT_WITH_WEAK_PULLUP                           ;        ;              ;         ; Column I/O ;                 ; no       ; On           ;
; R11      ; 83         ; 4        ; RESERVED_INPUT_WITH_WEAK_PULLUP                           ;        ;              ;         ; Column I/O ;                 ; no       ; On           ;
; R12      ; 85         ; 4        ; RESERVED_INPUT_WITH_WEAK_PULLUP                           ;        ;              ;         ; Column I/O ;                 ; no       ; On           ;
; R13      ; 91         ; 4        ; RESERVED_INPUT_WITH_WEAK_PULLUP                           ;        ;              ;         ; Column I/O ;                 ; no       ; On           ;
; R14      ; 97         ; 4        ; RESERVED_INPUT_WITH_WEAK_PULLUP                           ;        ;              ;         ; Column I/O ;                 ; no       ; On           ;
; R15      ;            ;          ; GND                                                       ; gnd    ;              ;         ; --         ;                 ; --       ; --           ;
; R16      ; 109        ; 5        ; RESERVED_INPUT_WITH_WEAK_PULLUP                           ;        ;              ;         ; Row I/O    ;                 ; no       ; On           ;
; T1       ;            ; 3        ; VCCIO3                                                    ; power  ;              ; 3.3V    ; --         ;                 ; --       ; --           ;
; T2       ; 52         ; 3        ; RESERVED_INPUT_WITH_WEAK_PULLUP                           ;        ;              ;         ; Column I/O ;                 ; no       ; On           ;
; T3       ; 48         ; 3        ; RESERVED_INPUT_WITH_WEAK_PULLUP                           ;        ;              ;         ; Column I/O ;                 ; no       ; On           ;
; T4       ; 54         ; 3        ; RESERVED_INPUT_WITH_WEAK_PULLUP                           ;        ;              ;         ; Column I/O ;                 ; no       ; On           ;
; T5       ; 62         ; 3        ; RESERVED_INPUT_WITH_WEAK_PULLUP                           ;        ;              ;         ; Column I/O ;                 ; no       ; On           ;
; T6       ; 64         ; 3        ; RESERVED_INPUT_WITH_WEAK_PULLUP                           ;        ;              ;         ; Column I/O ;                 ; no       ; On           ;
; T7       ; 67         ; 3        ; RESERVED_INPUT_WITH_WEAK_PULLUP                           ;        ;              ;         ; Column I/O ;                 ; no       ; On           ;
; T8       ; 73         ; 3        ; RESERVED_INPUT_WITH_WEAK_PULLUP                           ;        ;              ;         ; Column I/O ;                 ; no       ; On           ;
; T9       ; 75         ; 4        ; RESERVED_INPUT_WITH_WEAK_PULLUP                           ;        ;              ;         ; Column I/O ;                 ; no       ; On           ;
; T10      ; 81         ; 4        ; RESERVED_INPUT_WITH_WEAK_PULLUP                           ;        ;              ;         ; Column I/O ;                 ; no       ; On           ;
; T11      ; 84         ; 4        ; RESERVED_INPUT_WITH_WEAK_PULLUP                           ;        ;              ;         ; Column I/O ;                 ; no       ; On           ;
; T12      ; 86         ; 4        ; RESERVED_INPUT_WITH_WEAK_PULLUP                           ;        ;              ;         ; Column I/O ;                 ; no       ; On           ;
; T13      ; 92         ; 4        ; RESERVED_INPUT_WITH_WEAK_PULLUP                           ;        ;              ;         ; Column I/O ;                 ; no       ; On           ;
; T14      ; 95         ; 4        ; RESERVED_INPUT_WITH_WEAK_PULLUP                           ;        ;              ;         ; Column I/O ;                 ; no       ; On           ;
; T15      ; 96         ; 4        ; RESERVED_INPUT_WITH_WEAK_PULLUP                           ;        ;              ;         ; Column I/O ;                 ; no       ; On           ;
; T16      ;            ; 4        ; VCCIO4                                                    ; power  ;              ; 3.3V    ; --         ;                 ; --       ; --           ;
+----------+------------+----------+-----------------------------------------------------------+--------+--------------+---------+------------+-----------------+----------+--------------+
Note: Pin directions (input, output or bidir) are based on device operating in user mode.


+----------------------------------------------------------------------------------------------------------+
; PLL Summary                                                                                              ;
+-------------------------------+--------------------------------------------------------------------------+
; Name                          ; sys_pll:u_pll|altpll:altpll_component|sys_pll_altpll:auto_generated|pll1 ;
+-------------------------------+--------------------------------------------------------------------------+
; SDC pin name                  ; u_pll|altpll_component|auto_generated|pll1                               ;
; PLL mode                      ; Normal                                                                   ;
; Compensate clock              ; clock0                                                                   ;
; Compensated input/output pins ; --                                                                       ;
; Switchover type               ; --                                                                       ;
; Input frequency 0             ; 50.0 MHz                                                                 ;
; Input frequency 1             ; --                                                                       ;
; Nominal PFD frequency         ; 50.0 MHz                                                                 ;
; Nominal VCO frequency         ; 600.0 MHz                                                                ;
; VCO post scale K counter      ; 2                                                                        ;
; VCO frequency control         ; Auto                                                                     ;
; VCO phase shift step          ; 208 ps                                                                   ;
; VCO multiply                  ; --                                                                       ;
; VCO divide                    ; --                                                                       ;
; Freq min lock                 ; 25.0 MHz                                                                 ;
; Freq max lock                 ; 54.18 MHz                                                                ;
; M VCO Tap                     ; 0                                                                        ;
; M Initial                     ; 1                                                                        ;
; M value                       ; 12                                                                       ;
; N value                       ; 1                                                                        ;
; Charge pump current           ; setting 1                                                                ;
; Loop filter resistance        ; setting 27                                                               ;
; Loop filter capacitance       ; setting 0                                                                ;
; Bandwidth                     ; 680 kHz to 980 kHz                                                       ;
; Bandwidth type                ; Medium                                                                   ;
; Real time reconfigurable      ; Off                                                                      ;
; Scan chain MIF file           ; --                                                                       ;
; Preserve PLL counter order    ; Off                                                                      ;
; PLL location                  ; PLL_1                                                                    ;
; Inclk0 signal                 ; clk_50m                                                                  ;
; Inclk1 signal                 ; --                                                                       ;
; Inclk0 signal type            ; Dedicated Pin                                                            ;
; Inclk1 signal type            ; --                                                                       ;
+-------------------------------+--------------------------------------------------------------------------+


+--------------------------------------------------------------------------------------------------------------------------------------------------------------------------------------------------------------------------------------------------------------------------------------------------------------------+
; PLL Usage                                                                                                                                                                                                                                                                                                          ;
+--------------------------------------------------------------------------------------+--------------+------+-----+------------------+---------------+------------------+------------+---------+---------------+------------+---------------+---------+---------+---------------------------------------------------+
; Name                                                                                 ; Output Clock ; Mult ; Div ; Output Frequency ; Phase Shift   ; Phase Shift Step ; Duty Cycle ; Counter ; Counter Value ; High / Low ; Cascade Input ; Initial ; VCO Tap ; SDC Pin Name                                      ;
+--------------------------------------------------------------------------------------+--------------+------+-----+------------------+---------------+------------------+------------+---------+---------------+------------+---------------+---------+---------+---------------------------------------------------+
; sys_pll:u_pll|altpll:altpll_component|sys_pll_altpll:auto_generated|wire_pll1_clk[0] ; clock0       ; 2    ; 1   ; 100.0 MHz        ; 0 (0 ps)      ; 7.50 (208 ps)    ; 50/50      ; C0      ; 6             ; 3/3 Even   ; --            ; 1       ; 0       ; u_pll|altpll_component|auto_generated|pll1|clk[0] ;
; sys_pll:u_pll|altpll:altpll_component|sys_pll_altpll:auto_generated|wire_pll1_clk[1] ; clock1       ; 4    ; 1   ; 200.0 MHz        ; 180 (2500 ps) ; 15.00 (208 ps)   ; 50/50      ; C1      ; 3             ; 2/1 Odd    ; --            ; 2       ; 4       ; u_pll|altpll_component|auto_generated|pll1|clk[1] ;
+--------------------------------------------------------------------------------------+--------------+------+-----+------------------+---------------+------------------+------------+---------+---------------+------------+---------------+---------+---------+---------------------------------------------------+


+-------------------------------------------------------------------------------------------------------------------------------------------------------------------------------------------------------------------------------------------------------------------------------------------------------------------------------------------------------------------------------------------+
; Fitter Resource Utilization by Entity                                                                                                                                                                                                                                                                                                                                                     ;
+----------------------------------------------+-------------+---------------------------+---------------+-------------+------+--------------+---------+-----------+------+--------------+--------------+-------------------+------------------+-----------------------------------------------------------------------------------------------------------------------------+--------------+
; Compilation Hierarchy Node                   ; Logic Cells ; Dedicated Logic Registers ; I/O Registers ; Memory Bits ; M9Ks ; DSP Elements ; DSP 9x9 ; DSP 18x18 ; Pins ; Virtual Pins ; LUT-Only LCs ; Register-Only LCs ; LUT/Register LCs ; Full Hierarchy Name                                                                                                         ; Library Name ;
+----------------------------------------------+-------------+---------------------------+---------------+-------------+------+--------------+---------+-----------+------+--------------+--------------+-------------------+------------------+-----------------------------------------------------------------------------------------------------------------------------+--------------+
; |HF_SDR                                      ; 2132 (47)   ; 1141 (32)                 ; 28 (28)       ; 65280       ; 10   ; 10           ; 0       ; 5         ; 28   ; 0            ; 991 (15)     ; 183 (5)           ; 958 (27)         ; |HF_SDR                                                                                                                     ; work         ;
;    |cic_interpolator:u_cic_i|                ; 201 (201)   ; 201 (201)                 ; 0 (0)         ; 0           ; 0    ; 0            ; 0       ; 0         ; 0    ; 0            ; 0 (0)        ; 45 (45)           ; 156 (156)        ; |HF_SDR|cic_interpolator:u_cic_i                                                                                            ; work         ;
;    |cic_interpolator:u_cic_q|                ; 202 (202)   ; 202 (202)                 ; 0 (0)         ; 0           ; 0    ; 0            ; 0       ; 0         ; 0    ; 0            ; 0 (0)        ; 46 (46)           ; 156 (156)        ; |HF_SDR|cic_interpolator:u_cic_q                                                                                            ; work         ;
;    |dac_ddio:u_ddio|                         ; 0 (0)       ; 0 (0)                     ; 0 (0)         ; 0           ; 0    ; 0            ; 0       ; 0         ; 0    ; 0            ; 0 (0)        ; 0 (0)             ; 0 (0)            ; |HF_SDR|dac_ddio:u_ddio                                                                                                     ; work         ;
;       |altddio_out:ALTDDIO_OUT_component|    ; 0 (0)       ; 0 (0)                     ; 0 (0)         ; 0           ; 0    ; 0            ; 0       ; 0         ; 0    ; 0            ; 0 (0)        ; 0 (0)             ; 0 (0)            ; |HF_SDR|dac_ddio:u_ddio|altddio_out:ALTDDIO_OUT_component                                                                   ; work         ;
;          |ddio_out_dbj:auto_generated|       ; 0 (0)       ; 0 (0)                     ; 0 (0)         ; 0           ; 0    ; 0            ; 0       ; 0         ; 0    ; 0            ; 0 (0)        ; 0 (0)             ; 0 (0)            ; |HF_SDR|dac_ddio:u_ddio|altddio_out:ALTDDIO_OUT_component|ddio_out_dbj:auto_generated                                       ; work         ;
;    |hilbert_filter:u_hilbert|                ; 178 (178)   ; 137 (137)                 ; 0 (0)         ; 7936        ; 2    ; 2            ; 0       ; 1         ; 0    ; 0            ; 41 (41)      ; 49 (49)           ; 88 (88)          ; |HF_SDR|hilbert_filter:u_hilbert                                                                                            ; work         ;
;       |altsyncram:coef_rom_rtl_0|            ; 0 (0)       ; 0 (0)                     ; 0 (0)         ; 4352        ; 1    ; 0            ; 0       ; 0         ; 0    ; 0            ; 0 (0)        ; 0 (0)             ; 0 (0)            ; |HF_SDR|hilbert_filter:u_hilbert|altsyncram:coef_rom_rtl_0                                                                  ; work         ;
;          |altsyncram_ff91:auto_generated|    ; 0 (0)       ; 0 (0)                     ; 0 (0)         ; 4352        ; 1    ; 0            ; 0       ; 0         ; 0    ; 0            ; 0 (0)        ; 0 (0)             ; 0 (0)            ; |HF_SDR|hilbert_filter:u_hilbert|altsyncram:coef_rom_rtl_0|altsyncram_ff91:auto_generated                                   ; work         ;
;       |altsyncram:history_rtl_0|             ; 0 (0)       ; 0 (0)                     ; 0 (0)         ; 3584        ; 1    ; 0            ; 0       ; 0         ; 0    ; 0            ; 0 (0)        ; 0 (0)             ; 0 (0)            ; |HF_SDR|hilbert_filter:u_hilbert|altsyncram:history_rtl_0                                                                   ; work         ;
;          |altsyncram_1si1:auto_generated|    ; 0 (0)       ; 0 (0)                     ; 0 (0)         ; 3584        ; 1    ; 0            ; 0       ; 0         ; 0    ; 0            ; 0 (0)        ; 0 (0)             ; 0 (0)            ; |HF_SDR|hilbert_filter:u_hilbert|altsyncram:history_rtl_0|altsyncram_1si1:auto_generated                                    ; work         ;
;       |lpm_mult:Mult0|                       ; 0 (0)       ; 0 (0)                     ; 0 (0)         ; 0           ; 0    ; 2            ; 0       ; 1         ; 0    ; 0            ; 0 (0)        ; 0 (0)             ; 0 (0)            ; |HF_SDR|hilbert_filter:u_hilbert|lpm_mult:Mult0                                                                             ; work         ;
;          |mult_16t:auto_generated|           ; 0 (0)       ; 0 (0)                     ; 0 (0)         ; 0           ; 0    ; 2            ; 0       ; 1         ; 0    ; 0            ; 0 (0)        ; 0 (0)             ; 0 (0)            ; |HF_SDR|hilbert_filter:u_hilbert|lpm_mult:Mult0|mult_16t:auto_generated                                                     ; work         ;
;    |i2s_rx:u_i2s_rx|                         ; 129 (129)   ; 106 (106)                 ; 0 (0)         ; 0           ; 0    ; 0            ; 0       ; 0         ; 0    ; 0            ; 22 (22)      ; 8 (8)             ; 99 (99)          ; |HF_SDR|i2s_rx:u_i2s_rx                                                                                                     ; work         ;
;    |multi_band_modulator:u_band_mod|         ; 281 (281)   ; 124 (124)                 ; 0 (0)         ; 57344       ; 8    ; 8            ; 0       ; 4         ; 0    ; 0            ; 157 (157)    ; 28 (28)           ; 96 (96)          ; |HF_SDR|multi_band_modulator:u_band_mod                                                                                     ; work         ;
;       |lpm_mult:Mult0|                       ; 0 (0)       ; 0 (0)                     ; 0 (0)         ; 0           ; 0    ; 2            ; 0       ; 1         ; 0    ; 0            ; 0 (0)        ; 0 (0)             ; 0 (0)            ; |HF_SDR|multi_band_modulator:u_band_mod|lpm_mult:Mult0                                                                      ; work         ;
;          |mult_56t:auto_generated|           ; 0 (0)       ; 0 (0)                     ; 0 (0)         ; 0           ; 0    ; 2            ; 0       ; 1         ; 0    ; 0            ; 0 (0)        ; 0 (0)             ; 0 (0)            ; |HF_SDR|multi_band_modulator:u_band_mod|lpm_mult:Mult0|mult_56t:auto_generated                                              ; work         ;
;       |lpm_mult:Mult1|                       ; 0 (0)       ; 0 (0)                     ; 0 (0)         ; 0           ; 0    ; 2            ; 0       ; 1         ; 0    ; 0            ; 0 (0)        ; 0 (0)             ; 0 (0)            ; |HF_SDR|multi_band_modulator:u_band_mod|lpm_mult:Mult1                                                                      ; work         ;
;          |mult_56t:auto_generated|           ; 0 (0)       ; 0 (0)                     ; 0 (0)         ; 0           ; 0    ; 2            ; 0       ; 1         ; 0    ; 0            ; 0 (0)        ; 0 (0)             ; 0 (0)            ; |HF_SDR|multi_band_modulator:u_band_mod|lpm_mult:Mult1|mult_56t:auto_generated                                              ; work         ;
;       |lpm_mult:Mult2|                       ; 0 (0)       ; 0 (0)                     ; 0 (0)         ; 0           ; 0    ; 2            ; 0       ; 1         ; 0    ; 0            ; 0 (0)        ; 0 (0)             ; 0 (0)            ; |HF_SDR|multi_band_modulator:u_band_mod|lpm_mult:Mult2                                                                      ; work         ;
;          |mult_56t:auto_generated|           ; 0 (0)       ; 0 (0)                     ; 0 (0)         ; 0           ; 0    ; 2            ; 0       ; 1         ; 0    ; 0            ; 0 (0)        ; 0 (0)             ; 0 (0)            ; |HF_SDR|multi_band_modulator:u_band_mod|lpm_mult:Mult2|mult_56t:auto_generated                                              ; work         ;
;       |lpm_mult:Mult3|                       ; 0 (0)       ; 0 (0)                     ; 0 (0)         ; 0           ; 0    ; 2            ; 0       ; 1         ; 0    ; 0            ; 0 (0)        ; 0 (0)             ; 0 (0)            ; |HF_SDR|multi_band_modulator:u_band_mod|lpm_mult:Mult3                                                                      ; work         ;
;          |mult_56t:auto_generated|           ; 0 (0)       ; 0 (0)                     ; 0 (0)         ; 0           ; 0    ; 2            ; 0       ; 1         ; 0    ; 0            ; 0 (0)        ; 0 (0)             ; 0 (0)            ; |HF_SDR|multi_band_modulator:u_band_mod|lpm_mult:Mult3|mult_56t:auto_generated                                              ; work         ;
;       |sine_rom:rom_inst_iA|                 ; 0 (0)       ; 0 (0)                     ; 0 (0)         ; 14336       ; 2    ; 0            ; 0       ; 0         ; 0    ; 0            ; 0 (0)        ; 0 (0)             ; 0 (0)            ; |HF_SDR|multi_band_modulator:u_band_mod|sine_rom:rom_inst_iA                                                                ; work         ;
;          |altsyncram:altsyncram_component|   ; 0 (0)       ; 0 (0)                     ; 0 (0)         ; 14336       ; 2    ; 0            ; 0       ; 0         ; 0    ; 0            ; 0 (0)        ; 0 (0)             ; 0 (0)            ; |HF_SDR|multi_band_modulator:u_band_mod|sine_rom:rom_inst_iA|altsyncram:altsyncram_component                                ; work         ;
;             |altsyncram_4jc1:auto_generated| ; 0 (0)       ; 0 (0)                     ; 0 (0)         ; 14336       ; 2    ; 0            ; 0       ; 0         ; 0    ; 0            ; 0 (0)        ; 0 (0)             ; 0 (0)            ; |HF_SDR|multi_band_modulator:u_band_mod|sine_rom:rom_inst_iA|altsyncram:altsyncram_component|altsyncram_4jc1:auto_generated ; work         ;
;       |sine_rom:rom_inst_iB|                 ; 0 (0)       ; 0 (0)                     ; 0 (0)         ; 14336       ; 2    ; 0            ; 0       ; 0         ; 0    ; 0            ; 0 (0)        ; 0 (0)             ; 0 (0)            ; |HF_SDR|multi_band_modulator:u_band_mod|sine_rom:rom_inst_iB                                                                ; work         ;
;          |altsyncram:altsyncram_component|   ; 0 (0)       ; 0 (0)                     ; 0 (0)         ; 14336       ; 2    ; 0            ; 0       ; 0         ; 0    ; 0            ; 0 (0)        ; 0 (0)             ; 0 (0)            ; |HF_SDR|multi_band_modulator:u_band_mod|sine_rom:rom_inst_iB|altsyncram:altsyncram_component                                ; work         ;
;             |altsyncram_4jc1:auto_generated| ; 0 (0)       ; 0 (0)                     ; 0 (0)         ; 14336       ; 2    ; 0            ; 0       ; 0         ; 0    ; 0            ; 0 (0)        ; 0 (0)             ; 0 (0)            ; |HF_SDR|multi_band_modulator:u_band_mod|sine_rom:rom_inst_iB|altsyncram:altsyncram_component|altsyncram_4jc1:auto_generated ; work         ;
;       |sine_rom:rom_inst_qA|                 ; 0 (0)       ; 0 (0)                     ; 0 (0)         ; 14336       ; 2    ; 0            ; 0       ; 0         ; 0    ; 0            ; 0 (0)        ; 0 (0)             ; 0 (0)            ; |HF_SDR|multi_band_modulator:u_band_mod|sine_rom:rom_inst_qA                                                                ; work         ;
;          |altsyncram:altsyncram_component|   ; 0 (0)       ; 0 (0)                     ; 0 (0)         ; 14336       ; 2    ; 0            ; 0       ; 0         ; 0    ; 0            ; 0 (0)        ; 0 (0)             ; 0 (0)            ; |HF_SDR|multi_band_modulator:u_band_mod|sine_rom:rom_inst_qA|altsyncram:altsyncram_component                                ; work         ;
;             |altsyncram_4jc1:auto_generated| ; 0 (0)       ; 0 (0)                     ; 0 (0)         ; 14336       ; 2    ; 0            ; 0       ; 0         ; 0    ; 0            ; 0 (0)        ; 0 (0)             ; 0 (0)            ; |HF_SDR|multi_band_modulator:u_band_mod|sine_rom:rom_inst_qA|altsyncram:altsyncram_component|altsyncram_4jc1:auto_generated ; work         ;
;       |sine_rom:rom_inst_qB|                 ; 0 (0)       ; 0 (0)                     ; 0 (0)         ; 14336       ; 2    ; 0            ; 0       ; 0         ; 0    ; 0            ; 0 (0)        ; 0 (0)             ; 0 (0)            ; |HF_SDR|multi_band_modulator:u_band_mod|sine_rom:rom_inst_qB                                                                ; work         ;
;          |altsyncram:altsyncram_component|   ; 0 (0)       ; 0 (0)                     ; 0 (0)         ; 14336       ; 2    ; 0            ; 0       ; 0         ; 0    ; 0            ; 0 (0)        ; 0 (0)             ; 0 (0)            ; |HF_SDR|multi_band_modulator:u_band_mod|sine_rom:rom_inst_qB|altsyncram:altsyncram_component                                ; work         ;
;             |altsyncram_4jc1:auto_generated| ; 0 (0)       ; 0 (0)                     ; 0 (0)         ; 14336       ; 2    ; 0            ; 0       ; 0         ; 0    ; 0            ; 0 (0)        ; 0 (0)             ; 0 (0)            ; |HF_SDR|multi_band_modulator:u_band_mod|sine_rom:rom_inst_qB|altsyncram:altsyncram_component|altsyncram_4jc1:auto_generated ; work         ;
;    |sys_pll:u_pll|                           ; 0 (0)       ; 0 (0)                     ; 0 (0)         ; 0           ; 0    ; 0            ; 0       ; 0         ; 0    ; 0            ; 0 (0)        ; 0 (0)             ; 0 (0)            ; |HF_SDR|sys_pll:u_pll                                                                                                       ; work         ;
;       |altpll:altpll_component|              ; 0 (0)       ; 0 (0)                     ; 0 (0)         ; 0           ; 0    ; 0            ; 0       ; 0         ; 0    ; 0            ; 0 (0)        ; 0 (0)             ; 0 (0)            ; |HF_SDR|sys_pll:u_pll|altpll:altpll_component                                                                               ; work         ;
;          |sys_pll_altpll:auto_generated|     ; 0 (0)       ; 0 (0)                     ; 0 (0)         ; 0           ; 0    ; 0            ; 0       ; 0         ; 0    ; 0            ; 0 (0)        ; 0 (0)             ; 0 (0)            ; |HF_SDR|sys_pll:u_pll|altpll:altpll_component|sys_pll_altpll:auto_generated                                                 ; work         ;
;    |tx_audio_proc:u_tx_audio_proc|           ; 1096 (1096) ; 339 (339)                 ; 0 (0)         ; 0           ; 0    ; 0            ; 0       ; 0         ; 0    ; 0            ; 756 (756)    ; 2 (2)             ; 338 (338)        ; |HF_SDR|tx_audio_proc:u_tx_audio_proc                                                                                       ; work         ;
+----------------------------------------------+-------------+---------------------------+---------------+-------------+------+--------------+---------+-----------+------+--------------+--------------+-------------------+------------------+-----------------------------------------------------------------------------------------------------------------------------+--------------+
Note: For table entries with two numbers listed, the numbers in parentheses indicate the number of resources of the given type used by the specific entity alone. The numbers listed outside of parentheses indicate the total resources of the given type used by the specific entity and all of its sub-entities in the hierarchy.


+---------------------------------------------------------------------------------------------------+
; Delay Chain Summary                                                                               ;
+--------------+----------+---------------+---------------+-----------------------+----------+------+
; Name         ; Pin Type ; Pad to Core 0 ; Pad to Core 1 ; Pad to Input Register ; TCO      ; TCOE ;
+--------------+----------+---------------+---------------+-----------------------+----------+------+
; led[0]       ; Output   ; --            ; --            ; --                    ; --       ; --   ;
; led[1]       ; Output   ; --            ; --            ; --                    ; --       ; --   ;
; led[2]       ; Output   ; --            ; --            ; --                    ; --       ; --   ;
; led[3]       ; Output   ; --            ; --            ; --                    ; --       ; --   ;
; dac_clk      ; Output   ; --            ; --            ; --                    ; --       ; --   ;
; dac_data[0]  ; Output   ; --            ; --            ; --                    ; (0) 0 ps ; --   ;
; dac_data[1]  ; Output   ; --            ; --            ; --                    ; (0) 0 ps ; --   ;
; dac_data[2]  ; Output   ; --            ; --            ; --                    ; (0) 0 ps ; --   ;
; dac_data[3]  ; Output   ; --            ; --            ; --                    ; (0) 0 ps ; --   ;
; dac_data[4]  ; Output   ; --            ; --            ; --                    ; (0) 0 ps ; --   ;
; dac_data[5]  ; Output   ; --            ; --            ; --                    ; (0) 0 ps ; --   ;
; dac_data[6]  ; Output   ; --            ; --            ; --                    ; (0) 0 ps ; --   ;
; dac_data[7]  ; Output   ; --            ; --            ; --                    ; (0) 0 ps ; --   ;
; dac_data[8]  ; Output   ; --            ; --            ; --                    ; (0) 0 ps ; --   ;
; dac_data[9]  ; Output   ; --            ; --            ; --                    ; (0) 0 ps ; --   ;
; dac_data[10] ; Output   ; --            ; --            ; --                    ; (0) 0 ps ; --   ;
; dac_data[11] ; Output   ; --            ; --            ; --                    ; (0) 0 ps ; --   ;
; dac_data[12] ; Output   ; --            ; --            ; --                    ; (0) 0 ps ; --   ;
; dac_data[13] ; Output   ; --            ; --            ; --                    ; (0) 0 ps ; --   ;
; mic_sck      ; Output   ; --            ; --            ; --                    ; --       ; --   ;
; mic_ws       ; Output   ; --            ; --            ; --                    ; --       ; --   ;
; mic_lr       ; Output   ; --            ; --            ; --                    ; --       ; --   ;
; clk_50m      ; Input    ; --            ; --            ; --                    ; --       ; --   ;
; key[3]       ; Input    ; (6) 1314 ps   ; --            ; --                    ; --       ; --   ;
; key[1]       ; Input    ; (0) 0 ps      ; --            ; --                    ; --       ; --   ;
; key[2]       ; Input    ; (6) 1314 ps   ; --            ; --                    ; --       ; --   ;
; key[0]       ; Input    ; (0) 0 ps      ; --            ; --                    ; --       ; --   ;
; mic_sd       ; Input    ; --            ; (6) 1314 ps   ; --                    ; --       ; --   ;
+--------------+----------+---------------+---------------+-----------------------+----------+------+


+-------------------------------------------------------------------+
; Pad To Core Delay Chain Fanout                                    ;
+-------------------------------------+-------------------+---------+
; Source Pin / Fanout                 ; Pad To Core Index ; Setting ;
+-------------------------------------+-------------------+---------+
; clk_50m                             ;                   ;         ;
; key[3]                              ;                   ;         ;
;      - key_d0[3]~0                  ; 0                 ; 6       ;
; key[1]                              ;                   ;         ;
; key[2]                              ;                   ;         ;
;      - key_d0[2]~2                  ; 0                 ; 6       ;
; key[0]                              ;                   ;         ;
; mic_sd                              ;                   ;         ;
;      - i2s_rx:u_i2s_rx|shift_reg[0] ; 1                 ; 6       ;
+-------------------------------------+-------------------+---------+


+---------------------------------------------------------------------------------------------------------------------------------------------------------------------------------------------------------------------------------+
; Control Signals                                                                                                                                                                                                                 ;
+--------------------------------------------------------------------------------------+--------------------+---------+----------------------------+--------+----------------------+------------------+---------------------------+
; Name                                                                                 ; Location           ; Fan-Out ; Usage                      ; Global ; Global Resource Used ; Global Line Name ; Enable Signal Source Name ;
+--------------------------------------------------------------------------------------+--------------------+---------+----------------------------+--------+----------------------+------------------+---------------------------+
; cic_interpolator:u_cic_q|valid_d1                                                    ; FF_X31_Y11_N5      ; 72      ; Clock enable               ; no     ; --                   ; --               ; --                        ;
; clk_50m                                                                              ; PIN_E1             ; 1       ; Clock                      ; no     ; --                   ; --               ; --                        ;
; debounce_cnt[2]~54                                                                   ; LCCOMB_X2_Y7_N20   ; 20      ; Sync. clear                ; no     ; --                   ; --               ; --                        ;
; freq_sel[0]~1                                                                        ; LCCOMB_X10_Y11_N30 ; 2       ; Clock enable               ; no     ; --                   ; --               ; --                        ;
; hilbert_filter:u_hilbert|acc[30]~1                                                   ; LCCOMB_X17_Y12_N20 ; 29      ; Clock enable               ; no     ; --                   ; --               ; --                        ;
; hilbert_filter:u_hilbert|always1~3                                                   ; LCCOMB_X17_Y12_N6  ; 17      ; Clock enable, Write enable ; no     ; --                   ; --               ; --                        ;
; hilbert_filter:u_hilbert|audio_i_captured[12]~16                                     ; LCCOMB_X17_Y12_N30 ; 14      ; Clock enable               ; no     ; --                   ; --               ; --                        ;
; hilbert_filter:u_hilbert|audio_out_valid                                             ; FF_X17_Y12_N1      ; 187     ; Clock enable               ; no     ; --                   ; --               ; --                        ;
; hilbert_filter:u_hilbert|busy~4                                                      ; LCCOMB_X17_Y12_N22 ; 30      ; Clock enable               ; no     ; --                   ; --               ; --                        ;
; hilbert_filter:u_hilbert|issue_en                                                    ; FF_X22_Y8_N13      ; 20      ; Clock enable               ; no     ; --                   ; --               ; --                        ;
; hilbert_filter:u_hilbert|tap_issue[8]~13                                             ; LCCOMB_X19_Y11_N6  ; 11      ; Sync. clear                ; no     ; --                   ; --               ; --                        ;
; hilbert_filter:u_hilbert|tap_issue[8]~30                                             ; LCCOMB_X22_Y8_N22  ; 9       ; Clock enable               ; no     ; --                   ; --               ; --                        ;
; hilbert_filter:u_hilbert|v2                                                          ; FF_X17_Y12_N21     ; 31      ; Sync. clear                ; no     ; --                   ; --               ; --                        ;
; i2s_rx:u_i2s_rx|Equal0~1                                                             ; LCCOMB_X14_Y5_N6   ; 31      ; Clock enable               ; no     ; --                   ; --               ; --                        ;
; i2s_rx:u_i2s_rx|Equal1~2                                                             ; LCCOMB_X14_Y5_N4   ; 218     ; Clock enable               ; no     ; --                   ; --               ; --                        ;
; sys_pll:u_pll|altpll:altpll_component|sys_pll_altpll:auto_generated|wire_pll1_clk[0] ; PLL_1              ; 1174    ; Clock                      ; yes    ; Global Clock         ; GCLK3            ; --                        ;
; tx_audio_proc:u_tx_audio_proc|hang_cnt[0]~19                                         ; LCCOMB_X16_Y4_N20  ; 16      ; Clock enable               ; no     ; --                   ; --               ; --                        ;
; tx_audio_proc:u_tx_audio_proc|hang_cnt[8]~18                                         ; LCCOMB_X16_Y4_N0   ; 16      ; Sync. load                 ; no     ; --                   ; --               ; --                        ;
; tx_audio_proc:u_tx_audio_proc|hp_sample[27]                                          ; FF_X6_Y7_N27       ; 59      ; Sync. load                 ; no     ; --                   ; --               ; --                        ;
; tx_audio_proc:u_tx_audio_proc|lim_sample[0]~0                                        ; LCCOMB_X14_Y5_N28  ; 115     ; Clock enable               ; no     ; --                   ; --               ; --                        ;
; tx_audio_proc:u_tx_audio_proc|noise_est[27]~0                                        ; LCCOMB_X11_Y4_N30  ; 28      ; Clock enable               ; no     ; --                   ; --               ; --                        ;
; tx_audio_proc:u_tx_audio_proc|ns_sample[26]~84                                       ; LCCOMB_X13_Y5_N2   ; 28      ; Sync. clear                ; no     ; --                   ; --               ; --                        ;
; tx_audio_proc:u_tx_audio_proc|out_shift[2]                                           ; FF_X6_Y3_N31       ; 27      ; Sync. load                 ; no     ; --                   ; --               ; --                        ;
; tx_enable                                                                            ; FF_X2_Y8_N1        ; 209     ; Sync. clear, Sync. load    ; no     ; --                   ; --               ; --                        ;
+--------------------------------------------------------------------------------------+--------------------+---------+----------------------------+--------+----------------------+------------------+---------------------------+


+------------------------------------------------------------------------------------------------------------------------------------------------------------------------------------------------------------------------+
; Global & Other Fast Signals                                                                                                                                                                                            ;
+--------------------------------------------------------------------------------------+----------+---------+--------------------------------------+----------------------+------------------+---------------------------+
; Name                                                                                 ; Location ; Fan-Out ; Fan-Out Using Intentional Clock Skew ; Global Resource Used ; Global Line Name ; Enable Signal Source Name ;
+--------------------------------------------------------------------------------------+----------+---------+--------------------------------------+----------------------+------------------+---------------------------+
; sys_pll:u_pll|altpll:altpll_component|sys_pll_altpll:auto_generated|wire_pll1_clk[0] ; PLL_1    ; 1174    ; 39                                   ; Global Clock         ; GCLK3            ; --                        ;
; sys_pll:u_pll|altpll:altpll_component|sys_pll_altpll:auto_generated|wire_pll1_clk[1] ; PLL_1    ; 1       ; 0                                    ; Global Clock         ; GCLK4            ; --                        ;
+--------------------------------------------------------------------------------------+----------+---------+--------------------------------------+----------------------+------------------+---------------------------+


+----------------------------------------------------------------------------------------------------------+
; Non-Global High Fan-Out Signals                                                                          ;
+------------------------------------------------------------------------------------------------+---------+
; Name                                                                                           ; Fan-Out ;
+------------------------------------------------------------------------------------------------+---------+
; i2s_rx:u_i2s_rx|Equal1~2                                                                       ; 218     ;
; tx_enable                                                                                      ; 209     ;
; hilbert_filter:u_hilbert|audio_out_valid                                                       ; 187     ;
; tx_audio_proc:u_tx_audio_proc|lim_sample[0]~0                                                  ; 115     ;
; cic_interpolator:u_cic_q|valid_d1                                                              ; 72      ;
; tx_audio_proc:u_tx_audio_proc|hp_sample[27]                                                    ; 59      ;
; tx_audio_proc:u_tx_audio_proc|LessThan10~9                                                     ; 45      ;
; hilbert_filter:u_hilbert|Equal0~2                                                              ; 43      ;
; i2s_rx:u_i2s_rx|Equal0~1                                                                       ; 31      ;
; tx_audio_proc:u_tx_audio_proc|LessThan11~7                                                     ; 31      ;
; hilbert_filter:u_hilbert|v2                                                                    ; 31      ;
; hilbert_filter:u_hilbert|busy~4                                                                ; 30      ;
; hilbert_filter:u_hilbert|acc[30]~1                                                             ; 29      ;
; tx_audio_proc:u_tx_audio_proc|noise_est[27]~0                                                  ; 28      ;
; tx_audio_proc:u_tx_audio_proc|ns_sample[26]~84                                                 ; 28      ;
; tx_audio_proc:u_tx_audio_proc|out_shift[1]                                                     ; 28      ;
; tx_audio_proc:u_tx_audio_proc|LessThan1~54                                                     ; 28      ;
; tx_audio_proc:u_tx_audio_proc|LessThan0~54                                                     ; 28      ;
; tx_audio_proc:u_tx_audio_proc|out_shift[2]                                                     ; 27      ;
; tx_audio_proc:u_tx_audio_proc|out_shift[0]                                                     ; 27      ;
; hilbert_filter:u_hilbert|issue_en                                                              ; 20      ;
; debounce_cnt[2]~54                                                                             ; 20      ;
; cic_interpolator:u_cic_i|c3_out[16]                                                            ; 20      ;
; cic_interpolator:u_cic_q|c3_out[16]                                                            ; 20      ;
; Equal3~0                                                                                       ; 19      ;
; i2s_rx:u_i2s_rx|shift_reg[30]                                                                  ; 18      ;
; Equal2~0                                                                                       ; 18      ;
; hilbert_filter:u_hilbert|always1~3                                                             ; 17      ;
; tx_audio_proc:u_tx_audio_proc|hang_cnt[0]~19                                                   ; 16      ;
; tx_audio_proc:u_tx_audio_proc|hang_cnt[8]~18                                                   ; 16      ;
; multi_band_modulator:u_band_mod|step_100m~0                                                    ; 16      ;
; hilbert_filter:u_hilbert|always1~2                                                             ; 15      ;
; multi_band_modulator:u_band_mod|sign_qA_d1                                                     ; 15      ;
; multi_band_modulator:u_band_mod|sign_iA_d1                                                     ; 15      ;
; multi_band_modulator:u_band_mod|sign_iB_d1                                                     ; 15      ;
; multi_band_modulator:u_band_mod|sign_qB_d1                                                     ; 15      ;
; hilbert_filter:u_hilbert|audio_i_captured[12]~16                                               ; 14      ;
; multi_band_modulator:u_band_mod|tx_out_A[28]                                                   ; 14      ;
; multi_band_modulator:u_band_mod|tx_out_B[28]                                                   ; 14      ;
; tx_audio_proc:u_tx_audio_proc|sample_out[1]~12                                                 ; 13      ;
; tx_audio_proc:u_tx_audio_proc|LessThan12~5                                                     ; 13      ;
; tx_audio_proc:u_tx_audio_proc|sample_out[1]~5                                                  ; 13      ;
; multi_band_modulator:u_band_mod|phase_acc[30]                                                  ; 13      ;
; multi_band_modulator:u_band_mod|tx_out_A[27]                                                   ; 13      ;
; multi_band_modulator:u_band_mod|tx_out_A[26]                                                   ; 13      ;
; multi_band_modulator:u_band_mod|tx_out_B[27]                                                   ; 13      ;
; multi_band_modulator:u_band_mod|tx_out_B[26]                                                   ; 13      ;
; i2s_rx:u_i2s_rx|dc_avg[39]                                                                     ; 12      ;
; hilbert_filter:u_hilbert|tap_issue[8]~13                                                       ; 11      ;
; multi_band_modulator:u_band_mod|phase_B[30]~0                                                  ; 11      ;
; ~GND                                                                                           ; 10      ;
; tx_audio_proc:u_tx_audio_proc|hp_prev[27]                                                      ; 10      ;
; tx_audio_proc:u_tx_audio_proc|env[26]                                                          ; 10      ;
; tx_audio_proc:u_tx_audio_proc|env[27]                                                          ; 10      ;
; tx_audio_proc:u_tx_audio_proc|env[18]                                                          ; 10      ;
; tx_audio_proc:u_tx_audio_proc|env[17]                                                          ; 10      ;
; tx_audio_proc:u_tx_audio_proc|env[25]                                                          ; 10      ;
; tx_audio_proc:u_tx_audio_proc|lpf2_state[27]                                                   ; 10      ;
; hilbert_filter:u_hilbert|tap_issue[8]~30                                                       ; 9       ;
; tx_audio_proc:u_tx_audio_proc|noise_est[0]                                                     ; 9       ;
; tx_audio_proc:u_tx_audio_proc|noise_est[1]                                                     ; 9       ;
; tx_audio_proc:u_tx_audio_proc|noise_est[2]                                                     ; 9       ;
; tx_audio_proc:u_tx_audio_proc|noise_est[3]                                                     ; 9       ;
; tx_audio_proc:u_tx_audio_proc|noise_est[4]                                                     ; 9       ;
; tx_audio_proc:u_tx_audio_proc|noise_est[5]                                                     ; 9       ;
; tx_audio_proc:u_tx_audio_proc|noise_est[6]                                                     ; 9       ;
; tx_audio_proc:u_tx_audio_proc|noise_est[7]                                                     ; 9       ;
; tx_audio_proc:u_tx_audio_proc|noise_est[8]                                                     ; 9       ;
; tx_audio_proc:u_tx_audio_proc|noise_est[10]                                                    ; 9       ;
; tx_audio_proc:u_tx_audio_proc|noise_est[11]                                                    ; 9       ;
; tx_audio_proc:u_tx_audio_proc|env[16]                                                          ; 9       ;
; tx_audio_proc:u_tx_audio_proc|env[15]                                                          ; 9       ;
; tx_audio_proc:u_tx_audio_proc|noise_est[9]                                                     ; 8       ;
; tx_audio_proc:u_tx_audio_proc|noise_est[12]                                                    ; 8       ;
; tx_audio_proc:u_tx_audio_proc|noise_est[13]                                                    ; 8       ;
; tx_audio_proc:u_tx_audio_proc|noise_est[14]                                                    ; 8       ;
; tx_audio_proc:u_tx_audio_proc|noise_est[15]                                                    ; 8       ;
; tx_audio_proc:u_tx_audio_proc|noise_est[16]                                                    ; 8       ;
; tx_audio_proc:u_tx_audio_proc|noise_est[17]                                                    ; 8       ;
; tx_audio_proc:u_tx_audio_proc|noise_est[18]                                                    ; 8       ;
; tx_audio_proc:u_tx_audio_proc|noise_est[19]                                                    ; 8       ;
; tx_audio_proc:u_tx_audio_proc|noise_est[20]                                                    ; 8       ;
; tx_audio_proc:u_tx_audio_proc|noise_est[21]                                                    ; 8       ;
; tx_audio_proc:u_tx_audio_proc|noise_est[22]                                                    ; 8       ;
; tx_audio_proc:u_tx_audio_proc|noise_est[23]                                                    ; 8       ;
; tx_audio_proc:u_tx_audio_proc|noise_est[24]                                                    ; 8       ;
; tx_audio_proc:u_tx_audio_proc|noise_est[25]                                                    ; 8       ;
; tx_audio_proc:u_tx_audio_proc|noise_est[26]                                                    ; 8       ;
; tx_audio_proc:u_tx_audio_proc|noise_est[27]                                                    ; 8       ;
; tx_audio_proc:u_tx_audio_proc|hp_abs_reg[27]                                                   ; 8       ;
; tx_audio_proc:u_tx_audio_proc|hp_abs_reg[0]                                                    ; 8       ;
; tx_audio_proc:u_tx_audio_proc|hp_abs_reg[1]                                                    ; 8       ;
; tx_audio_proc:u_tx_audio_proc|hp_abs_reg[2]                                                    ; 8       ;
; tx_audio_proc:u_tx_audio_proc|hp_abs_reg[3]                                                    ; 8       ;
; tx_audio_proc:u_tx_audio_proc|hp_abs_reg[4]                                                    ; 8       ;
; tx_audio_proc:u_tx_audio_proc|hp_abs_reg[5]                                                    ; 8       ;
; tx_audio_proc:u_tx_audio_proc|hp_abs_reg[6]                                                    ; 8       ;
; tx_audio_proc:u_tx_audio_proc|hp_abs_reg[7]                                                    ; 8       ;
; tx_audio_proc:u_tx_audio_proc|hp_abs_reg[8]                                                    ; 8       ;
; tx_audio_proc:u_tx_audio_proc|hp_abs_reg[9]                                                    ; 8       ;
; tx_audio_proc:u_tx_audio_proc|hp_abs_reg[10]                                                   ; 8       ;
; tx_audio_proc:u_tx_audio_proc|hp_abs_reg[11]                                                   ; 8       ;
; tx_audio_proc:u_tx_audio_proc|hp_abs_reg[12]                                                   ; 8       ;
; tx_audio_proc:u_tx_audio_proc|hp_abs_reg[13]                                                   ; 8       ;
; tx_audio_proc:u_tx_audio_proc|hp_abs_reg[14]                                                   ; 8       ;
; tx_audio_proc:u_tx_audio_proc|hp_abs_reg[15]                                                   ; 8       ;
; tx_audio_proc:u_tx_audio_proc|hp_abs_reg[16]                                                   ; 8       ;
; tx_audio_proc:u_tx_audio_proc|hp_abs_reg[17]                                                   ; 8       ;
; tx_audio_proc:u_tx_audio_proc|hp_abs_reg[18]                                                   ; 8       ;
; tx_audio_proc:u_tx_audio_proc|hp_abs_reg[19]                                                   ; 8       ;
; tx_audio_proc:u_tx_audio_proc|hp_abs_reg[20]                                                   ; 8       ;
; tx_audio_proc:u_tx_audio_proc|hp_abs_reg[21]                                                   ; 8       ;
; tx_audio_proc:u_tx_audio_proc|hp_abs_reg[22]                                                   ; 8       ;
; tx_audio_proc:u_tx_audio_proc|hp_abs_reg[23]                                                   ; 8       ;
; tx_audio_proc:u_tx_audio_proc|hp_abs_reg[24]                                                   ; 8       ;
; tx_audio_proc:u_tx_audio_proc|hp_abs_reg[25]                                                   ; 8       ;
; tx_audio_proc:u_tx_audio_proc|hp_abs_reg[26]                                                   ; 8       ;
; tx_audio_proc:u_tx_audio_proc|env[14]                                                          ; 8       ;
; tx_audio_proc:u_tx_audio_proc|env[13]                                                          ; 8       ;
; tx_audio_proc:u_tx_audio_proc|env[20]                                                          ; 8       ;
; tx_audio_proc:u_tx_audio_proc|env[19]                                                          ; 8       ;
; tx_audio_proc:u_tx_audio_proc|env[21]                                                          ; 8       ;
; tx_audio_proc:u_tx_audio_proc|env[22]                                                          ; 8       ;
; tx_audio_proc:u_tx_audio_proc|env[23]                                                          ; 8       ;
; tx_audio_proc:u_tx_audio_proc|env[24]                                                          ; 8       ;
; tx_audio_proc:u_tx_audio_proc|env[12]                                                          ; 8       ;
; tx_audio_proc:u_tx_audio_proc|env[11]                                                          ; 8       ;
; tx_audio_proc:u_tx_audio_proc|lim_sample[12]                                                   ; 7       ;
; tx_audio_proc:u_tx_audio_proc|lim_sample[27]                                                   ; 7       ;
; tx_audio_proc:u_tx_audio_proc|env[0]                                                           ; 7       ;
; tx_audio_proc:u_tx_audio_proc|env[1]                                                           ; 7       ;
; tx_audio_proc:u_tx_audio_proc|env[2]                                                           ; 7       ;
; tx_audio_proc:u_tx_audio_proc|env[3]                                                           ; 7       ;
; tx_audio_proc:u_tx_audio_proc|env[4]                                                           ; 7       ;
; tx_audio_proc:u_tx_audio_proc|env[5]                                                           ; 7       ;
; tx_audio_proc:u_tx_audio_proc|env[6]                                                           ; 7       ;
; tx_audio_proc:u_tx_audio_proc|env[7]                                                           ; 7       ;
; tx_audio_proc:u_tx_audio_proc|env[8]                                                           ; 7       ;
; tx_audio_proc:u_tx_audio_proc|env[9]                                                           ; 7       ;
; tx_audio_proc:u_tx_audio_proc|env[10]                                                          ; 7       ;
; tx_audio_proc:u_tx_audio_proc|lim_sample[26]                                                   ; 6       ;
; tx_audio_proc:u_tx_audio_proc|sample_out_valid                                                 ; 6       ;
; hilbert_filter:u_hilbert|busy                                                                  ; 6       ;
; tx_audio_proc:u_tx_audio_proc|lpf2_state[26]                                                   ; 6       ;
; tx_audio_proc:u_tx_audio_proc|lim_sample[25]                                                   ; 5       ;
; tx_audio_proc:u_tx_audio_proc|lim_sample[24]                                                   ; 5       ;
; tx_audio_proc:u_tx_audio_proc|lim_sample[23]                                                   ; 5       ;
; tx_audio_proc:u_tx_audio_proc|lim_sample[22]                                                   ; 5       ;
; tx_audio_proc:u_tx_audio_proc|lim_sample[21]                                                   ; 5       ;
; tx_audio_proc:u_tx_audio_proc|lim_sample[20]                                                   ; 5       ;
; tx_audio_proc:u_tx_audio_proc|lim_sample[19]                                                   ; 5       ;
; tx_audio_proc:u_tx_audio_proc|lim_sample[10]                                                   ; 5       ;
; tx_audio_proc:u_tx_audio_proc|lim_sample[9]                                                    ; 5       ;
; tx_audio_proc:u_tx_audio_proc|lim_sample[8]                                                    ; 5       ;
; tx_audio_proc:u_tx_audio_proc|lim_sample[7]                                                    ; 5       ;
; tx_audio_proc:u_tx_audio_proc|lim_sample[6]                                                    ; 5       ;
; tx_audio_proc:u_tx_audio_proc|lim_sample[5]                                                    ; 5       ;
; tx_audio_proc:u_tx_audio_proc|lim_sample[4]                                                    ; 5       ;
; tx_audio_proc:u_tx_audio_proc|lim_sample[18]                                                   ; 5       ;
; tx_audio_proc:u_tx_audio_proc|lim_sample[17]                                                   ; 5       ;
; tx_audio_proc:u_tx_audio_proc|lim_sample[16]                                                   ; 5       ;
; tx_audio_proc:u_tx_audio_proc|lim_sample[15]                                                   ; 5       ;
; tx_audio_proc:u_tx_audio_proc|lim_sample[14]                                                   ; 5       ;
; tx_audio_proc:u_tx_audio_proc|lim_sample[13]                                                   ; 5       ;
; tx_audio_proc:u_tx_audio_proc|lim_sample[11]                                                   ; 5       ;
; tx_audio_proc:u_tx_audio_proc|y~0                                                              ; 4       ;
; hilbert_filter:u_hilbert|wr_ptr[0]                                                             ; 4       ;
; key0_stable                                                                                    ; 4       ;
; freq_sel[0]                                                                                    ; 4       ;
; freq_sel[1]                                                                                    ; 4       ;
; tx_audio_proc:u_tx_audio_proc|Add1~48                                                          ; 4       ;
; tx_audio_proc:u_tx_audio_proc|Add20~54                                                         ; 4       ;
; tx_audio_proc:u_tx_audio_proc|lpf2_state[2]                                                    ; 4       ;
; tx_audio_proc:u_tx_audio_proc|lpf2_state[3]                                                    ; 4       ;
; tx_audio_proc:u_tx_audio_proc|lpf2_state[1]                                                    ; 4       ;
; tx_audio_proc:u_tx_audio_proc|lpf2_state[10]                                                   ; 4       ;
; tx_audio_proc:u_tx_audio_proc|lpf2_state[8]                                                    ; 4       ;
; tx_audio_proc:u_tx_audio_proc|lpf2_state[9]                                                    ; 4       ;
; tx_audio_proc:u_tx_audio_proc|lpf2_state[6]                                                    ; 4       ;
; tx_audio_proc:u_tx_audio_proc|lpf2_state[7]                                                    ; 4       ;
; tx_audio_proc:u_tx_audio_proc|lpf2_state[4]                                                    ; 4       ;
; tx_audio_proc:u_tx_audio_proc|lpf2_state[5]                                                    ; 4       ;
; tx_audio_proc:u_tx_audio_proc|lpf2_state[25]                                                   ; 4       ;
; tx_audio_proc:u_tx_audio_proc|lpf2_state[24]                                                   ; 4       ;
; tx_audio_proc:u_tx_audio_proc|lpf2_state[23]                                                   ; 4       ;
; tx_audio_proc:u_tx_audio_proc|lpf2_state[22]                                                   ; 4       ;
; tx_audio_proc:u_tx_audio_proc|lpf2_state[21]                                                   ; 4       ;
; tx_audio_proc:u_tx_audio_proc|lpf2_state[20]                                                   ; 4       ;
; tx_audio_proc:u_tx_audio_proc|lpf2_state[11]                                                   ; 4       ;
; tx_audio_proc:u_tx_audio_proc|lpf2_state[18]                                                   ; 4       ;
; tx_audio_proc:u_tx_audio_proc|lpf2_state[19]                                                   ; 4       ;
; tx_audio_proc:u_tx_audio_proc|lpf2_state[16]                                                   ; 4       ;
; tx_audio_proc:u_tx_audio_proc|lpf2_state[17]                                                   ; 4       ;
; tx_audio_proc:u_tx_audio_proc|lpf2_state[14]                                                   ; 4       ;
; tx_audio_proc:u_tx_audio_proc|lpf2_state[15]                                                   ; 4       ;
; tx_audio_proc:u_tx_audio_proc|lpf2_state[12]                                                   ; 4       ;
; tx_audio_proc:u_tx_audio_proc|lpf2_state[13]                                                   ; 4       ;
; hilbert_filter:u_hilbert|tap_issue[7]                                                          ; 4       ;
; hilbert_filter:u_hilbert|tap_issue[6]                                                          ; 4       ;
; hilbert_filter:u_hilbert|tap_issue[5]                                                          ; 4       ;
; hilbert_filter:u_hilbert|tap_issue[4]                                                          ; 4       ;
; hilbert_filter:u_hilbert|tap_issue[3]                                                          ; 4       ;
; hilbert_filter:u_hilbert|tap_issue[2]                                                          ; 4       ;
; hilbert_filter:u_hilbert|tap_issue[1]                                                          ; 4       ;
; hilbert_filter:u_hilbert|tap_issue[0]                                                          ; 4       ;
; multi_band_modulator:u_band_mod|phase_acc[31]                                                  ; 4       ;
; i2s_rx:u_i2s_rx|clk_div[4]                                                                     ; 4       ;
; i2s_rx:u_i2s_rx|shift_reg[7]                                                                   ; 3       ;
; i2s_rx:u_i2s_rx|shift_reg[8]                                                                   ; 3       ;
; i2s_rx:u_i2s_rx|shift_reg[9]                                                                   ; 3       ;
; i2s_rx:u_i2s_rx|shift_reg[10]                                                                  ; 3       ;
; i2s_rx:u_i2s_rx|shift_reg[11]                                                                  ; 3       ;
; i2s_rx:u_i2s_rx|shift_reg[12]                                                                  ; 3       ;
; i2s_rx:u_i2s_rx|shift_reg[13]                                                                  ; 3       ;
; i2s_rx:u_i2s_rx|shift_reg[14]                                                                  ; 3       ;
; i2s_rx:u_i2s_rx|shift_reg[15]                                                                  ; 3       ;
; i2s_rx:u_i2s_rx|shift_reg[16]                                                                  ; 3       ;
; i2s_rx:u_i2s_rx|shift_reg[17]                                                                  ; 3       ;
; i2s_rx:u_i2s_rx|shift_reg[18]                                                                  ; 3       ;
; i2s_rx:u_i2s_rx|shift_reg[19]                                                                  ; 3       ;
; i2s_rx:u_i2s_rx|shift_reg[20]                                                                  ; 3       ;
; i2s_rx:u_i2s_rx|shift_reg[21]                                                                  ; 3       ;
; i2s_rx:u_i2s_rx|shift_reg[22]                                                                  ; 3       ;
; i2s_rx:u_i2s_rx|shift_reg[23]                                                                  ; 3       ;
; i2s_rx:u_i2s_rx|shift_reg[24]                                                                  ; 3       ;
; i2s_rx:u_i2s_rx|shift_reg[25]                                                                  ; 3       ;
; i2s_rx:u_i2s_rx|shift_reg[26]                                                                  ; 3       ;
; i2s_rx:u_i2s_rx|shift_reg[27]                                                                  ; 3       ;
; i2s_rx:u_i2s_rx|shift_reg[28]                                                                  ; 3       ;
; i2s_rx:u_i2s_rx|shift_reg[29]                                                                  ; 3       ;
; tx_audio_proc:u_tx_audio_proc|out_shift~5                                                      ; 3       ;
; tx_audio_proc:u_tx_audio_proc|agc_sample[1]~24                                                 ; 3       ;
; tx_audio_proc:u_tx_audio_proc|agc_sample[1]~23                                                 ; 3       ;
; tx_audio_proc:u_tx_audio_proc|ShiftRight0~25                                                   ; 3       ;
; tx_audio_proc:u_tx_audio_proc|y~1                                                              ; 3       ;
; tx_audio_proc:u_tx_audio_proc|lim_sample[3]                                                    ; 3       ;
; tx_audio_proc:u_tx_audio_proc|lim_sample[2]                                                    ; 3       ;
; i2s_rx:u_i2s_rx|Equal0~0                                                                       ; 3       ;
; hilbert_filter:u_hilbert|audio_i[13]                                                           ; 3       ;
; hilbert_filter:u_hilbert|audio_q[13]                                                           ; 3       ;
; multi_band_modulator:u_band_mod|addr_iA[9]~9                                                   ; 3       ;
; multi_band_modulator:u_band_mod|addr_iA[8]~8                                                   ; 3       ;
; multi_band_modulator:u_band_mod|addr_iA[7]~7                                                   ; 3       ;
; multi_band_modulator:u_band_mod|addr_iA[6]~6                                                   ; 3       ;
; multi_band_modulator:u_band_mod|addr_iA[5]~5                                                   ; 3       ;
; multi_band_modulator:u_band_mod|addr_iA[4]~4                                                   ; 3       ;
; multi_band_modulator:u_band_mod|addr_iA[3]~3                                                   ; 3       ;
; multi_band_modulator:u_band_mod|addr_iA[2]~2                                                   ; 3       ;
; multi_band_modulator:u_band_mod|addr_iA[1]~1                                                   ; 3       ;
; multi_band_modulator:u_band_mod|addr_iA[0]~0                                                   ; 3       ;
; multi_band_modulator:u_band_mod|addr_qB[9]~9                                                   ; 3       ;
; multi_band_modulator:u_band_mod|addr_qB[8]~8                                                   ; 3       ;
; multi_band_modulator:u_band_mod|addr_qB[7]~7                                                   ; 3       ;
; multi_band_modulator:u_band_mod|addr_qB[6]~6                                                   ; 3       ;
; multi_band_modulator:u_band_mod|addr_qB[5]~5                                                   ; 3       ;
; multi_band_modulator:u_band_mod|addr_qB[4]~4                                                   ; 3       ;
; multi_band_modulator:u_band_mod|addr_qB[3]~3                                                   ; 3       ;
; multi_band_modulator:u_band_mod|addr_qB[2]~2                                                   ; 3       ;
; multi_band_modulator:u_band_mod|addr_qB[1]~1                                                   ; 3       ;
; multi_band_modulator:u_band_mod|addr_qB[0]~0                                                   ; 3       ;
; i2s_rx:u_i2s_rx|clk_div[0]                                                                     ; 3       ;
; key_d0[2]                                                                                      ; 3       ;
; key_d0[3]                                                                                      ; 3       ;
; i2s_rx:u_i2s_rx|dc_avg[10]                                                                     ; 3       ;
; i2s_rx:u_i2s_rx|dc_avg[11]                                                                     ; 3       ;
; i2s_rx:u_i2s_rx|dc_avg[12]                                                                     ; 3       ;
; i2s_rx:u_i2s_rx|dc_avg[13]                                                                     ; 3       ;
; i2s_rx:u_i2s_rx|dc_avg[14]                                                                     ; 3       ;
; i2s_rx:u_i2s_rx|dc_avg[15]                                                                     ; 3       ;
; i2s_rx:u_i2s_rx|dc_avg[16]                                                                     ; 3       ;
; i2s_rx:u_i2s_rx|dc_avg[17]                                                                     ; 3       ;
; i2s_rx:u_i2s_rx|dc_avg[18]                                                                     ; 3       ;
; i2s_rx:u_i2s_rx|dc_avg[19]                                                                     ; 3       ;
; i2s_rx:u_i2s_rx|dc_avg[20]                                                                     ; 3       ;
; i2s_rx:u_i2s_rx|dc_avg[21]                                                                     ; 3       ;
; i2s_rx:u_i2s_rx|dc_avg[22]                                                                     ; 3       ;
; i2s_rx:u_i2s_rx|dc_avg[23]                                                                     ; 3       ;
; i2s_rx:u_i2s_rx|dc_avg[24]                                                                     ; 3       ;
; i2s_rx:u_i2s_rx|dc_avg[25]                                                                     ; 3       ;
; i2s_rx:u_i2s_rx|dc_avg[26]                                                                     ; 3       ;
; i2s_rx:u_i2s_rx|dc_avg[27]                                                                     ; 3       ;
; i2s_rx:u_i2s_rx|dc_avg[28]                                                                     ; 3       ;
; i2s_rx:u_i2s_rx|dc_avg[29]                                                                     ; 3       ;
; i2s_rx:u_i2s_rx|dc_avg[30]                                                                     ; 3       ;
; i2s_rx:u_i2s_rx|dc_avg[31]                                                                     ; 3       ;
; i2s_rx:u_i2s_rx|dc_avg[32]                                                                     ; 3       ;
; i2s_rx:u_i2s_rx|dc_avg[33]                                                                     ; 3       ;
; tx_audio_proc:u_tx_audio_proc|LessThan2~54                                                     ; 3       ;
; i2s_rx:u_i2s_rx|audio_data[23]                                                                 ; 3       ;
; tx_audio_proc:u_tx_audio_proc|hp_sample[0]                                                     ; 3       ;
; tx_audio_proc:u_tx_audio_proc|hp_sample[1]                                                     ; 3       ;
; tx_audio_proc:u_tx_audio_proc|hp_sample[2]                                                     ; 3       ;
; tx_audio_proc:u_tx_audio_proc|hp_sample[3]                                                     ; 3       ;
; tx_audio_proc:u_tx_audio_proc|hp_sample[4]                                                     ; 3       ;
; tx_audio_proc:u_tx_audio_proc|hp_sample[5]                                                     ; 3       ;
; tx_audio_proc:u_tx_audio_proc|hp_sample[6]                                                     ; 3       ;
; tx_audio_proc:u_tx_audio_proc|hp_sample[7]                                                     ; 3       ;
; tx_audio_proc:u_tx_audio_proc|hp_sample[8]                                                     ; 3       ;
; tx_audio_proc:u_tx_audio_proc|hp_sample[9]                                                     ; 3       ;
; tx_audio_proc:u_tx_audio_proc|hp_sample[10]                                                    ; 3       ;
; tx_audio_proc:u_tx_audio_proc|hp_sample[11]                                                    ; 3       ;
; tx_audio_proc:u_tx_audio_proc|hp_sample[12]                                                    ; 3       ;
; tx_audio_proc:u_tx_audio_proc|hp_sample[13]                                                    ; 3       ;
; tx_audio_proc:u_tx_audio_proc|hp_sample[14]                                                    ; 3       ;
; tx_audio_proc:u_tx_audio_proc|hp_sample[15]                                                    ; 3       ;
; tx_audio_proc:u_tx_audio_proc|hp_sample[16]                                                    ; 3       ;
; tx_audio_proc:u_tx_audio_proc|hp_sample[17]                                                    ; 3       ;
; tx_audio_proc:u_tx_audio_proc|hp_sample[18]                                                    ; 3       ;
; tx_audio_proc:u_tx_audio_proc|hp_sample[19]                                                    ; 3       ;
; tx_audio_proc:u_tx_audio_proc|hp_sample[20]                                                    ; 3       ;
; tx_audio_proc:u_tx_audio_proc|hp_sample[21]                                                    ; 3       ;
; tx_audio_proc:u_tx_audio_proc|hp_sample[22]                                                    ; 3       ;
; tx_audio_proc:u_tx_audio_proc|hp_sample[23]                                                    ; 3       ;
; tx_audio_proc:u_tx_audio_proc|hp_sample[24]                                                    ; 3       ;
; tx_audio_proc:u_tx_audio_proc|hp_sample[25]                                                    ; 3       ;
; tx_audio_proc:u_tx_audio_proc|hp_sample[26]                                                    ; 3       ;
; tx_audio_proc:u_tx_audio_proc|gate_on                                                          ; 3       ;
; tx_audio_proc:u_tx_audio_proc|Add18~54                                                         ; 3       ;
; tx_audio_proc:u_tx_audio_proc|lpf1_state[0]                                                    ; 3       ;
; tx_audio_proc:u_tx_audio_proc|lpf1_state[1]                                                    ; 3       ;
; tx_audio_proc:u_tx_audio_proc|lpf1_state[2]                                                    ; 3       ;
; tx_audio_proc:u_tx_audio_proc|lpf1_state[3]                                                    ; 3       ;
; tx_audio_proc:u_tx_audio_proc|lpf1_state[4]                                                    ; 3       ;
; tx_audio_proc:u_tx_audio_proc|lpf1_state[5]                                                    ; 3       ;
; tx_audio_proc:u_tx_audio_proc|lpf1_state[6]                                                    ; 3       ;
; tx_audio_proc:u_tx_audio_proc|lpf1_state[7]                                                    ; 3       ;
; tx_audio_proc:u_tx_audio_proc|lpf1_state[8]                                                    ; 3       ;
; tx_audio_proc:u_tx_audio_proc|lpf1_state[9]                                                    ; 3       ;
; tx_audio_proc:u_tx_audio_proc|lpf1_state[10]                                                   ; 3       ;
; tx_audio_proc:u_tx_audio_proc|lpf1_state[11]                                                   ; 3       ;
; tx_audio_proc:u_tx_audio_proc|lpf1_state[12]                                                   ; 3       ;
; tx_audio_proc:u_tx_audio_proc|lpf1_state[13]                                                   ; 3       ;
; tx_audio_proc:u_tx_audio_proc|lpf1_state[14]                                                   ; 3       ;
; tx_audio_proc:u_tx_audio_proc|lpf1_state[15]                                                   ; 3       ;
; tx_audio_proc:u_tx_audio_proc|lpf1_state[16]                                                   ; 3       ;
; tx_audio_proc:u_tx_audio_proc|lpf1_state[17]                                                   ; 3       ;
; tx_audio_proc:u_tx_audio_proc|lpf1_state[18]                                                   ; 3       ;
; tx_audio_proc:u_tx_audio_proc|lpf1_state[19]                                                   ; 3       ;
; tx_audio_proc:u_tx_audio_proc|lpf1_state[20]                                                   ; 3       ;
; tx_audio_proc:u_tx_audio_proc|lpf1_state[21]                                                   ; 3       ;
; tx_audio_proc:u_tx_audio_proc|lpf1_state[22]                                                   ; 3       ;
; tx_audio_proc:u_tx_audio_proc|lpf1_state[23]                                                   ; 3       ;
; tx_audio_proc:u_tx_audio_proc|lpf1_state[24]                                                   ; 3       ;
; tx_audio_proc:u_tx_audio_proc|lpf1_state[25]                                                   ; 3       ;
; tx_audio_proc:u_tx_audio_proc|lpf1_state[26]                                                   ; 3       ;
; tx_audio_proc:u_tx_audio_proc|lpf1_state[27]                                                   ; 3       ;
; tx_audio_proc:u_tx_audio_proc|lpf2_state[0]                                                    ; 3       ;
; hilbert_filter:u_hilbert|wr_ptr[7]                                                             ; 3       ;
; hilbert_filter:u_hilbert|wr_ptr[6]                                                             ; 3       ;
; hilbert_filter:u_hilbert|wr_ptr[5]                                                             ; 3       ;
; hilbert_filter:u_hilbert|wr_ptr[4]                                                             ; 3       ;
; hilbert_filter:u_hilbert|wr_ptr[3]                                                             ; 3       ;
; hilbert_filter:u_hilbert|wr_ptr[2]                                                             ; 3       ;
; hilbert_filter:u_hilbert|wr_ptr[1]                                                             ; 3       ;
; hilbert_filter:u_hilbert|tap_issue[8]                                                          ; 3       ;
; hilbert_filter:u_hilbert|mult2[28]                                                             ; 3       ;
; hilbert_filter:u_hilbert|mult2[27]                                                             ; 3       ;
; hilbert_filter:u_hilbert|mult2[26]                                                             ; 3       ;
; hilbert_filter:u_hilbert|mult2[25]                                                             ; 3       ;
; hilbert_filter:u_hilbert|mult2[24]                                                             ; 3       ;
; hilbert_filter:u_hilbert|mult2[23]                                                             ; 3       ;
; hilbert_filter:u_hilbert|mult2[22]                                                             ; 3       ;
; hilbert_filter:u_hilbert|mult2[21]                                                             ; 3       ;
; hilbert_filter:u_hilbert|mult2[20]                                                             ; 3       ;
; hilbert_filter:u_hilbert|mult2[19]                                                             ; 3       ;
; hilbert_filter:u_hilbert|mult2[18]                                                             ; 3       ;
; hilbert_filter:u_hilbert|mult2[17]                                                             ; 3       ;
; hilbert_filter:u_hilbert|mult2[16]                                                             ; 3       ;
; hilbert_filter:u_hilbert|mult2[15]                                                             ; 3       ;
; cic_interpolator:u_cic_i|c1_out[14]                                                            ; 3       ;
; cic_interpolator:u_cic_q|c1_out[14]                                                            ; 3       ;
; cic_interpolator:u_cic_i|c2_out[15]                                                            ; 3       ;
; cic_interpolator:u_cic_q|c2_out[15]                                                            ; 3       ;
; multi_band_modulator:u_band_mod|phase_acc[20]                                                  ; 3       ;
; multi_band_modulator:u_band_mod|phase_acc[21]                                                  ; 3       ;
; multi_band_modulator:u_band_mod|phase_acc[22]                                                  ; 3       ;
; multi_band_modulator:u_band_mod|phase_acc[23]                                                  ; 3       ;
; multi_band_modulator:u_band_mod|phase_acc[24]                                                  ; 3       ;
; multi_band_modulator:u_band_mod|phase_acc[25]                                                  ; 3       ;
; multi_band_modulator:u_band_mod|phase_acc[26]                                                  ; 3       ;
; multi_band_modulator:u_band_mod|phase_acc[27]                                                  ; 3       ;
; multi_band_modulator:u_band_mod|phase_acc[28]                                                  ; 3       ;
; multi_band_modulator:u_band_mod|phase_acc[29]                                                  ; 3       ;
; i2s_rx:u_i2s_rx|clk_div[10]                                                                    ; 3       ;
; multi_band_modulator:u_band_mod|addr_qB[9]~9_wirecell                                          ; 2       ;
; multi_band_modulator:u_band_mod|addr_qB[8]~8_wirecell                                          ; 2       ;
; multi_band_modulator:u_band_mod|addr_qB[7]~7_wirecell                                          ; 2       ;
; multi_band_modulator:u_band_mod|addr_qB[6]~6_wirecell                                          ; 2       ;
; multi_band_modulator:u_band_mod|addr_qB[5]~5_wirecell                                          ; 2       ;
; multi_band_modulator:u_band_mod|addr_qB[4]~4_wirecell                                          ; 2       ;
; multi_band_modulator:u_band_mod|addr_qB[3]~3_wirecell                                          ; 2       ;
; multi_band_modulator:u_band_mod|addr_qB[2]~2_wirecell                                          ; 2       ;
; multi_band_modulator:u_band_mod|addr_qB[1]~1_wirecell                                          ; 2       ;
; multi_band_modulator:u_band_mod|addr_qB[0]~0_wirecell                                          ; 2       ;
; multi_band_modulator:u_band_mod|addr_iA[9]~9_wirecell                                          ; 2       ;
; multi_band_modulator:u_band_mod|addr_iA[8]~8_wirecell                                          ; 2       ;
; multi_band_modulator:u_band_mod|addr_iA[7]~7_wirecell                                          ; 2       ;
; multi_band_modulator:u_band_mod|addr_iA[6]~6_wirecell                                          ; 2       ;
; multi_band_modulator:u_band_mod|addr_iA[5]~5_wirecell                                          ; 2       ;
; multi_band_modulator:u_band_mod|addr_iA[4]~4_wirecell                                          ; 2       ;
; multi_band_modulator:u_band_mod|addr_iA[3]~3_wirecell                                          ; 2       ;
; multi_band_modulator:u_band_mod|addr_iA[2]~2_wirecell                                          ; 2       ;
; multi_band_modulator:u_band_mod|addr_iA[1]~1_wirecell                                          ; 2       ;
; multi_band_modulator:u_band_mod|addr_iA[0]~0_wirecell                                          ; 2       ;
; tx_audio_proc:u_tx_audio_proc|Equal0~4                                                         ; 2       ;
; tx_audio_proc:u_tx_audio_proc|hp_prev[8]                                                       ; 2       ;
; tx_audio_proc:u_tx_audio_proc|hp_prev[9]                                                       ; 2       ;
; tx_audio_proc:u_tx_audio_proc|hp_prev[10]                                                      ; 2       ;
; tx_audio_proc:u_tx_audio_proc|hp_prev[11]                                                      ; 2       ;
; tx_audio_proc:u_tx_audio_proc|hp_prev[12]                                                      ; 2       ;
; tx_audio_proc:u_tx_audio_proc|hp_prev[13]                                                      ; 2       ;
; tx_audio_proc:u_tx_audio_proc|hp_prev[14]                                                      ; 2       ;
; tx_audio_proc:u_tx_audio_proc|hp_prev[15]                                                      ; 2       ;
; tx_audio_proc:u_tx_audio_proc|hp_prev[16]                                                      ; 2       ;
; tx_audio_proc:u_tx_audio_proc|hp_prev[17]                                                      ; 2       ;
; tx_audio_proc:u_tx_audio_proc|hp_prev[18]                                                      ; 2       ;
; tx_audio_proc:u_tx_audio_proc|hp_prev[19]                                                      ; 2       ;
; tx_audio_proc:u_tx_audio_proc|hp_prev[20]                                                      ; 2       ;
; tx_audio_proc:u_tx_audio_proc|hp_prev[21]                                                      ; 2       ;
; tx_audio_proc:u_tx_audio_proc|hp_prev[22]                                                      ; 2       ;
; tx_audio_proc:u_tx_audio_proc|hp_prev[23]                                                      ; 2       ;
; tx_audio_proc:u_tx_audio_proc|hp_prev[24]                                                      ; 2       ;
; tx_audio_proc:u_tx_audio_proc|hp_prev[25]                                                      ; 2       ;
; tx_audio_proc:u_tx_audio_proc|hp_prev[26]                                                      ; 2       ;
; tx_audio_proc:u_tx_audio_proc|x_prev[23]                                                       ; 2       ;
; tx_audio_proc:u_tx_audio_proc|out_shift~7                                                      ; 2       ;
; tx_audio_proc:u_tx_audio_proc|LessThan5~0                                                      ; 2       ;
; tx_audio_proc:u_tx_audio_proc|out_shift~3                                                      ; 2       ;
; tx_audio_proc:u_tx_audio_proc|ShiftRight0~32                                                   ; 2       ;
; tx_audio_proc:u_tx_audio_proc|ShiftRight0~29                                                   ; 2       ;
; tx_audio_proc:u_tx_audio_proc|ShiftRight0~27                                                   ; 2       ;
; tx_audio_proc:u_tx_audio_proc|ShiftRight0~24                                                   ; 2       ;
; tx_audio_proc:u_tx_audio_proc|ShiftRight0~23                                                   ; 2       ;
; tx_audio_proc:u_tx_audio_proc|ShiftRight0~22                                                   ; 2       ;
; tx_audio_proc:u_tx_audio_proc|ShiftRight0~21                                                   ; 2       ;
; tx_audio_proc:u_tx_audio_proc|ShiftRight0~20                                                   ; 2       ;
; tx_audio_proc:u_tx_audio_proc|ShiftRight0~19                                                   ; 2       ;
; tx_audio_proc:u_tx_audio_proc|ShiftRight0~18                                                   ; 2       ;
; tx_audio_proc:u_tx_audio_proc|ShiftRight0~17                                                   ; 2       ;
; tx_audio_proc:u_tx_audio_proc|ShiftRight0~16                                                   ; 2       ;
; tx_audio_proc:u_tx_audio_proc|ShiftRight0~15                                                   ; 2       ;
; tx_audio_proc:u_tx_audio_proc|ShiftRight0~14                                                   ; 2       ;
; tx_audio_proc:u_tx_audio_proc|ShiftRight0~13                                                   ; 2       ;
; tx_audio_proc:u_tx_audio_proc|ShiftRight0~12                                                   ; 2       ;
; tx_audio_proc:u_tx_audio_proc|ShiftRight0~11                                                   ; 2       ;
; tx_audio_proc:u_tx_audio_proc|ShiftRight0~10                                                   ; 2       ;
; tx_audio_proc:u_tx_audio_proc|ShiftRight0~9                                                    ; 2       ;
; tx_audio_proc:u_tx_audio_proc|ShiftRight0~8                                                    ; 2       ;
; tx_audio_proc:u_tx_audio_proc|ShiftRight0~7                                                    ; 2       ;
; tx_audio_proc:u_tx_audio_proc|ShiftRight0~6                                                    ; 2       ;
; tx_audio_proc:u_tx_audio_proc|ShiftRight0~5                                                    ; 2       ;
; tx_audio_proc:u_tx_audio_proc|ShiftRight0~4                                                    ; 2       ;
; tx_audio_proc:u_tx_audio_proc|ShiftRight0~3                                                    ; 2       ;
; tx_audio_proc:u_tx_audio_proc|ShiftRight0~2                                                    ; 2       ;
; tx_audio_proc:u_tx_audio_proc|y~25                                                             ; 2       ;
; tx_audio_proc:u_tx_audio_proc|y~22                                                             ; 2       ;
; tx_audio_proc:u_tx_audio_proc|y~21                                                             ; 2       ;
; tx_audio_proc:u_tx_audio_proc|y~19                                                             ; 2       ;
; tx_audio_proc:u_tx_audio_proc|y~18                                                             ; 2       ;
; tx_audio_proc:u_tx_audio_proc|y~16                                                             ; 2       ;
; tx_audio_proc:u_tx_audio_proc|y~14                                                             ; 2       ;
; tx_audio_proc:u_tx_audio_proc|y~12                                                             ; 2       ;
; tx_audio_proc:u_tx_audio_proc|y~10                                                             ; 2       ;
; tx_audio_proc:u_tx_audio_proc|y~8                                                              ; 2       ;
; tx_audio_proc:u_tx_audio_proc|y~6                                                              ; 2       ;
; tx_audio_proc:u_tx_audio_proc|y~3                                                              ; 2       ;
; tx_audio_proc:u_tx_audio_proc|lim_sample[1]                                                    ; 2       ;
; tx_audio_proc:u_tx_audio_proc|lim_sample[0]                                                    ; 2       ;
; i2s_rx:u_i2s_rx|Equal1~1                                                                       ; 2       ;
; i2s_rx:u_i2s_rx|Equal1~0                                                                       ; 2       ;
; hilbert_filter:u_hilbert|tap0[7]                                                               ; 2       ;
; hilbert_filter:u_hilbert|tap0[6]                                                               ; 2       ;
; hilbert_filter:u_hilbert|tap0[5]                                                               ; 2       ;
; hilbert_filter:u_hilbert|tap0[4]                                                               ; 2       ;
; hilbert_filter:u_hilbert|tap0[3]                                                               ; 2       ;
; hilbert_filter:u_hilbert|tap0[2]                                                               ; 2       ;
; hilbert_filter:u_hilbert|tap0[1]                                                               ; 2       ;
; hilbert_filter:u_hilbert|tap0[0]                                                               ; 2       ;
; hilbert_filter:u_hilbert|audio_i[0]                                                            ; 2       ;
; hilbert_filter:u_hilbert|audio_i[1]                                                            ; 2       ;
; hilbert_filter:u_hilbert|audio_i[2]                                                            ; 2       ;
; hilbert_filter:u_hilbert|audio_i[3]                                                            ; 2       ;
; hilbert_filter:u_hilbert|audio_i[4]                                                            ; 2       ;
; hilbert_filter:u_hilbert|audio_i[5]                                                            ; 2       ;
; hilbert_filter:u_hilbert|audio_i[6]                                                            ; 2       ;
; hilbert_filter:u_hilbert|audio_i[7]                                                            ; 2       ;
; hilbert_filter:u_hilbert|audio_i[8]                                                            ; 2       ;
; hilbert_filter:u_hilbert|audio_i[9]                                                            ; 2       ;
; hilbert_filter:u_hilbert|audio_i[10]                                                           ; 2       ;
; hilbert_filter:u_hilbert|audio_i[11]                                                           ; 2       ;
; hilbert_filter:u_hilbert|audio_i[12]                                                           ; 2       ;
; cic_interpolator:u_cic_i|c1_d1[13]                                                             ; 2       ;
; hilbert_filter:u_hilbert|tap1[8]                                                               ; 2       ;
; hilbert_filter:u_hilbert|v1                                                                    ; 2       ;
; hilbert_filter:u_hilbert|tap1[7]                                                               ; 2       ;
; hilbert_filter:u_hilbert|tap1[6]                                                               ; 2       ;
; hilbert_filter:u_hilbert|tap1[5]                                                               ; 2       ;
; hilbert_filter:u_hilbert|tap1[4]                                                               ; 2       ;
; hilbert_filter:u_hilbert|tap1[3]                                                               ; 2       ;
; hilbert_filter:u_hilbert|tap1[2]                                                               ; 2       ;
; hilbert_filter:u_hilbert|tap1[1]                                                               ; 2       ;
; hilbert_filter:u_hilbert|tap1[0]                                                               ; 2       ;
; hilbert_filter:u_hilbert|audio_q[0]                                                            ; 2       ;
; hilbert_filter:u_hilbert|audio_q[1]                                                            ; 2       ;
; hilbert_filter:u_hilbert|audio_q[2]                                                            ; 2       ;
; hilbert_filter:u_hilbert|audio_q[3]                                                            ; 2       ;
; hilbert_filter:u_hilbert|audio_q[4]                                                            ; 2       ;
; hilbert_filter:u_hilbert|audio_q[5]                                                            ; 2       ;
; hilbert_filter:u_hilbert|audio_q[6]                                                            ; 2       ;
; hilbert_filter:u_hilbert|audio_q[7]                                                            ; 2       ;
; hilbert_filter:u_hilbert|audio_q[8]                                                            ; 2       ;
; hilbert_filter:u_hilbert|audio_q[9]                                                            ; 2       ;
; hilbert_filter:u_hilbert|audio_q[10]                                                           ; 2       ;
; hilbert_filter:u_hilbert|audio_q[11]                                                           ; 2       ;
; hilbert_filter:u_hilbert|audio_q[12]                                                           ; 2       ;
; cic_interpolator:u_cic_q|c1_d1[13]                                                             ; 2       ;
; cic_interpolator:u_cic_i|c2_d1[14]                                                             ; 2       ;
; hilbert_filter:u_hilbert|tap2[8]                                                               ; 2       ;
; hilbert_filter:u_hilbert|tap2[7]                                                               ; 2       ;
; hilbert_filter:u_hilbert|tap2[6]                                                               ; 2       ;
; hilbert_filter:u_hilbert|tap2[5]                                                               ; 2       ;
; hilbert_filter:u_hilbert|tap2[4]                                                               ; 2       ;
; hilbert_filter:u_hilbert|tap2[3]                                                               ; 2       ;
; hilbert_filter:u_hilbert|tap2[2]                                                               ; 2       ;
; hilbert_filter:u_hilbert|tap2[1]                                                               ; 2       ;
; hilbert_filter:u_hilbert|tap2[0]                                                               ; 2       ;
; cic_interpolator:u_cic_q|c2_d1[14]                                                             ; 2       ;
; cic_interpolator:u_cic_i|c3_d1[15]                                                             ; 2       ;
; cic_interpolator:u_cic_q|c3_d1[15]                                                             ; 2       ;
; multi_band_modulator:u_band_mod|audio_i_d1[13]                                                 ; 2       ;
; multi_band_modulator:u_band_mod|audio_i_d1[12]                                                 ; 2       ;
; multi_band_modulator:u_band_mod|audio_i_d1[11]                                                 ; 2       ;
; multi_band_modulator:u_band_mod|audio_i_d1[10]                                                 ; 2       ;
; multi_band_modulator:u_band_mod|audio_i_d1[9]                                                  ; 2       ;
; multi_band_modulator:u_band_mod|audio_i_d1[8]                                                  ; 2       ;
; multi_band_modulator:u_band_mod|audio_i_d1[7]                                                  ; 2       ;
; multi_band_modulator:u_band_mod|audio_i_d1[6]                                                  ; 2       ;
; multi_band_modulator:u_band_mod|audio_i_d1[5]                                                  ; 2       ;
; multi_band_modulator:u_band_mod|audio_i_d1[4]                                                  ; 2       ;
; multi_band_modulator:u_band_mod|audio_i_d1[3]                                                  ; 2       ;
; multi_band_modulator:u_band_mod|audio_i_d1[2]                                                  ; 2       ;
; multi_band_modulator:u_band_mod|audio_i_d1[1]                                                  ; 2       ;
; multi_band_modulator:u_band_mod|audio_i_d1[0]                                                  ; 2       ;
; multi_band_modulator:u_band_mod|audio_q_d1[13]                                                 ; 2       ;
; multi_band_modulator:u_band_mod|audio_q_d1[12]                                                 ; 2       ;
; multi_band_modulator:u_band_mod|audio_q_d1[11]                                                 ; 2       ;
; multi_band_modulator:u_band_mod|audio_q_d1[10]                                                 ; 2       ;
; multi_band_modulator:u_band_mod|audio_q_d1[9]                                                  ; 2       ;
; multi_band_modulator:u_band_mod|audio_q_d1[8]                                                  ; 2       ;
; multi_band_modulator:u_band_mod|audio_q_d1[7]                                                  ; 2       ;
; multi_band_modulator:u_band_mod|audio_q_d1[6]                                                  ; 2       ;
; multi_band_modulator:u_band_mod|audio_q_d1[5]                                                  ; 2       ;
; multi_band_modulator:u_band_mod|audio_q_d1[4]                                                  ; 2       ;
; multi_band_modulator:u_band_mod|audio_q_d1[3]                                                  ; 2       ;
; multi_band_modulator:u_band_mod|audio_q_d1[2]                                                  ; 2       ;
; multi_band_modulator:u_band_mod|audio_q_d1[1]                                                  ; 2       ;
; multi_band_modulator:u_band_mod|audio_q_d1[0]                                                  ; 2       ;
; key_d0[0]                                                                                      ; 2       ;
; Equal0~6                                                                                       ; 2       ;
; freq_sel[0]~1                                                                                  ; 2       ;
; key_d1[2]                                                                                      ; 2       ;
; key_d0[1]                                                                                      ; 2       ;
; key_pressed[3]                                                                                 ; 2       ;
; key_d1[3]                                                                                      ; 2       ;
; i2s_rx:u_i2s_rx|dc_avg[34]                                                                     ; 2       ;
; i2s_rx:u_i2s_rx|dc_avg[35]                                                                     ; 2       ;
; i2s_rx:u_i2s_rx|dc_avg[36]                                                                     ; 2       ;
; i2s_rx:u_i2s_rx|dc_avg[37]                                                                     ; 2       ;
; i2s_rx:u_i2s_rx|dc_avg[38]                                                                     ; 2       ;
; tx_audio_proc:u_tx_audio_proc|hang_cnt[15]                                                     ; 2       ;
; tx_audio_proc:u_tx_audio_proc|hang_cnt[14]                                                     ; 2       ;
; tx_audio_proc:u_tx_audio_proc|hang_cnt[13]                                                     ; 2       ;
; tx_audio_proc:u_tx_audio_proc|hang_cnt[12]                                                     ; 2       ;
; tx_audio_proc:u_tx_audio_proc|hang_cnt[11]                                                     ; 2       ;
; tx_audio_proc:u_tx_audio_proc|hang_cnt[10]                                                     ; 2       ;
; tx_audio_proc:u_tx_audio_proc|hang_cnt[9]                                                      ; 2       ;
; tx_audio_proc:u_tx_audio_proc|hang_cnt[8]                                                      ; 2       ;
; tx_audio_proc:u_tx_audio_proc|hang_cnt[7]                                                      ; 2       ;
; tx_audio_proc:u_tx_audio_proc|hang_cnt[6]                                                      ; 2       ;
; tx_audio_proc:u_tx_audio_proc|hang_cnt[5]                                                      ; 2       ;
; tx_audio_proc:u_tx_audio_proc|hang_cnt[4]                                                      ; 2       ;
; tx_audio_proc:u_tx_audio_proc|hang_cnt[3]                                                      ; 2       ;
; tx_audio_proc:u_tx_audio_proc|hang_cnt[2]                                                      ; 2       ;
; tx_audio_proc:u_tx_audio_proc|hang_cnt[1]                                                      ; 2       ;
; tx_audio_proc:u_tx_audio_proc|hang_cnt[0]                                                      ; 2       ;
; tx_audio_proc:u_tx_audio_proc|LessThan3~54                                                     ; 2       ;
; i2s_rx:u_i2s_rx|audio_data[0]                                                                  ; 2       ;
; i2s_rx:u_i2s_rx|audio_data[1]                                                                  ; 2       ;
; i2s_rx:u_i2s_rx|audio_data[2]                                                                  ; 2       ;
; i2s_rx:u_i2s_rx|audio_data[3]                                                                  ; 2       ;
; i2s_rx:u_i2s_rx|audio_data[4]                                                                  ; 2       ;
; i2s_rx:u_i2s_rx|audio_data[5]                                                                  ; 2       ;
; i2s_rx:u_i2s_rx|audio_data[6]                                                                  ; 2       ;
; i2s_rx:u_i2s_rx|audio_data[7]                                                                  ; 2       ;
; i2s_rx:u_i2s_rx|audio_data[8]                                                                  ; 2       ;
; i2s_rx:u_i2s_rx|audio_data[9]                                                                  ; 2       ;
; i2s_rx:u_i2s_rx|audio_data[10]                                                                 ; 2       ;
; i2s_rx:u_i2s_rx|audio_data[11]                                                                 ; 2       ;
; i2s_rx:u_i2s_rx|audio_data[12]                                                                 ; 2       ;
; i2s_rx:u_i2s_rx|audio_data[13]                                                                 ; 2       ;
; i2s_rx:u_i2s_rx|audio_data[14]                                                                 ; 2       ;
; i2s_rx:u_i2s_rx|audio_data[15]                                                                 ; 2       ;
; i2s_rx:u_i2s_rx|audio_data[16]                                                                 ; 2       ;
; i2s_rx:u_i2s_rx|audio_data[17]                                                                 ; 2       ;
; i2s_rx:u_i2s_rx|audio_data[18]                                                                 ; 2       ;
; i2s_rx:u_i2s_rx|audio_data[19]                                                                 ; 2       ;
; i2s_rx:u_i2s_rx|audio_data[20]                                                                 ; 2       ;
; i2s_rx:u_i2s_rx|audio_data[21]                                                                 ; 2       ;
; i2s_rx:u_i2s_rx|audio_data[22]                                                                 ; 2       ;
; tx_audio_proc:u_tx_audio_proc|Add16~36                                                         ; 2       ;
; tx_audio_proc:u_tx_audio_proc|Add16~34                                                         ; 2       ;
; tx_audio_proc:u_tx_audio_proc|Add16~32                                                         ; 2       ;
; tx_audio_proc:u_tx_audio_proc|Add16~30                                                         ; 2       ;
; tx_audio_proc:u_tx_audio_proc|Add16~28                                                         ; 2       ;
; tx_audio_proc:u_tx_audio_proc|Add16~26                                                         ; 2       ;
; tx_audio_proc:u_tx_audio_proc|Add16~24                                                         ; 2       ;
; tx_audio_proc:u_tx_audio_proc|Add16~22                                                         ; 2       ;
; tx_audio_proc:u_tx_audio_proc|Add16~20                                                         ; 2       ;
; tx_audio_proc:u_tx_audio_proc|Add16~18                                                         ; 2       ;
; tx_audio_proc:u_tx_audio_proc|Add16~16                                                         ; 2       ;
; tx_audio_proc:u_tx_audio_proc|Add16~14                                                         ; 2       ;
; tx_audio_proc:u_tx_audio_proc|Add16~12                                                         ; 2       ;
; tx_audio_proc:u_tx_audio_proc|Add16~10                                                         ; 2       ;
; tx_audio_proc:u_tx_audio_proc|Add16~8                                                          ; 2       ;
; tx_audio_proc:u_tx_audio_proc|Add16~6                                                          ; 2       ;
; tx_audio_proc:u_tx_audio_proc|Add16~4                                                          ; 2       ;
; tx_audio_proc:u_tx_audio_proc|Add16~2                                                          ; 2       ;
; tx_audio_proc:u_tx_audio_proc|Add16~0                                                          ; 2       ;
; tx_audio_proc:u_tx_audio_proc|agc_sample[24]~12                                                ; 2       ;
; tx_audio_proc:u_tx_audio_proc|agc_sample[23]~11                                                ; 2       ;
; tx_audio_proc:u_tx_audio_proc|agc_sample[7]~18                                                 ; 2       ;
; tx_audio_proc:u_tx_audio_proc|agc_sample[10]~17                                                ; 2       ;
; tx_audio_proc:u_tx_audio_proc|agc_sample[6]~21                                                 ; 2       ;
; tx_audio_proc:u_tx_audio_proc|agc_sample[9]~16                                                 ; 2       ;
; tx_audio_proc:u_tx_audio_proc|agc_sample[5]~20                                                 ; 2       ;
; tx_audio_proc:u_tx_audio_proc|agc_sample[8]~15                                                 ; 2       ;
; tx_audio_proc:u_tx_audio_proc|agc_sample[4]~19                                                 ; 2       ;
; tx_audio_proc:u_tx_audio_proc|agc_sample[20]~8                                                 ; 2       ;
; tx_audio_proc:u_tx_audio_proc|agc_sample[19]~7                                                 ; 2       ;
; tx_audio_proc:u_tx_audio_proc|agc_sample[18]~6                                                 ; 2       ;
; tx_audio_proc:u_tx_audio_proc|agc_sample[14]~2                                                 ; 2       ;
; tx_audio_proc:u_tx_audio_proc|agc_sample[17]~5                                                 ; 2       ;
; tx_audio_proc:u_tx_audio_proc|agc_sample[13]~1                                                 ; 2       ;
; tx_audio_proc:u_tx_audio_proc|agc_sample[15]~3                                                 ; 2       ;
; tx_audio_proc:u_tx_audio_proc|agc_sample[11]~14                                                ; 2       ;
; tx_audio_proc:u_tx_audio_proc|agc_sample[16]~4                                                 ; 2       ;
; tx_audio_proc:u_tx_audio_proc|agc_sample[12]~13                                                ; 2       ;
; tx_audio_proc:u_tx_audio_proc|Add23~42                                                         ; 2       ;
; tx_audio_proc:u_tx_audio_proc|Add23~40                                                         ; 2       ;
; tx_audio_proc:u_tx_audio_proc|Add23~34                                                         ; 2       ;
; tx_audio_proc:u_tx_audio_proc|Add23~18                                                         ; 2       ;
; tx_audio_proc:u_tx_audio_proc|Add22~46                                                         ; 2       ;
; tx_audio_proc:u_tx_audio_proc|Add24~46                                                         ; 2       ;
; hilbert_filter:u_hilbert|altsyncram:history_rtl_0|altsyncram_1si1:auto_generated|ram_block1a1  ; 2       ;
; hilbert_filter:u_hilbert|altsyncram:history_rtl_0|altsyncram_1si1:auto_generated|ram_block1a2  ; 2       ;
; hilbert_filter:u_hilbert|altsyncram:history_rtl_0|altsyncram_1si1:auto_generated|ram_block1a3  ; 2       ;
; hilbert_filter:u_hilbert|altsyncram:history_rtl_0|altsyncram_1si1:auto_generated|ram_block1a4  ; 2       ;
; hilbert_filter:u_hilbert|altsyncram:history_rtl_0|altsyncram_1si1:auto_generated|ram_block1a5  ; 2       ;
; hilbert_filter:u_hilbert|altsyncram:history_rtl_0|altsyncram_1si1:auto_generated|ram_block1a6  ; 2       ;
; hilbert_filter:u_hilbert|altsyncram:history_rtl_0|altsyncram_1si1:auto_generated|ram_block1a7  ; 2       ;
; hilbert_filter:u_hilbert|altsyncram:history_rtl_0|altsyncram_1si1:auto_generated|ram_block1a8  ; 2       ;
; hilbert_filter:u_hilbert|altsyncram:history_rtl_0|altsyncram_1si1:auto_generated|ram_block1a9  ; 2       ;
; hilbert_filter:u_hilbert|altsyncram:history_rtl_0|altsyncram_1si1:auto_generated|ram_block1a10 ; 2       ;
; hilbert_filter:u_hilbert|altsyncram:history_rtl_0|altsyncram_1si1:auto_generated|ram_block1a11 ; 2       ;
; hilbert_filter:u_hilbert|altsyncram:history_rtl_0|altsyncram_1si1:auto_generated|ram_block1a12 ; 2       ;
; hilbert_filter:u_hilbert|altsyncram:history_rtl_0|altsyncram_1si1:auto_generated|ram_block1a13 ; 2       ;
; hilbert_filter:u_hilbert|altsyncram:history_rtl_0|altsyncram_1si1:auto_generated|ram_block1a0  ; 2       ;
; hilbert_filter:u_hilbert|mult2[14]                                                             ; 2       ;
; hilbert_filter:u_hilbert|mult2[13]                                                             ; 2       ;
; hilbert_filter:u_hilbert|mult2[12]                                                             ; 2       ;
; hilbert_filter:u_hilbert|mult2[11]                                                             ; 2       ;
; hilbert_filter:u_hilbert|mult2[10]                                                             ; 2       ;
; hilbert_filter:u_hilbert|mult2[9]                                                              ; 2       ;
; hilbert_filter:u_hilbert|mult2[8]                                                              ; 2       ;
; hilbert_filter:u_hilbert|mult2[7]                                                              ; 2       ;
; hilbert_filter:u_hilbert|mult2[6]                                                              ; 2       ;
; hilbert_filter:u_hilbert|mult2[5]                                                              ; 2       ;
; hilbert_filter:u_hilbert|mult2[4]                                                              ; 2       ;
; hilbert_filter:u_hilbert|mult2[3]                                                              ; 2       ;
; hilbert_filter:u_hilbert|mult2[2]                                                              ; 2       ;
; hilbert_filter:u_hilbert|mult2[1]                                                              ; 2       ;
; hilbert_filter:u_hilbert|mult2[0]                                                              ; 2       ;
; hilbert_filter:u_hilbert|Add0~56                                                               ; 2       ;
; hilbert_filter:u_hilbert|Add0~54                                                               ; 2       ;
; hilbert_filter:u_hilbert|Add0~52                                                               ; 2       ;
; hilbert_filter:u_hilbert|Add0~50                                                               ; 2       ;
; hilbert_filter:u_hilbert|Add0~48                                                               ; 2       ;
; hilbert_filter:u_hilbert|Add0~46                                                               ; 2       ;
; hilbert_filter:u_hilbert|Add0~44                                                               ; 2       ;
; hilbert_filter:u_hilbert|Add0~42                                                               ; 2       ;
; hilbert_filter:u_hilbert|Add0~40                                                               ; 2       ;
; hilbert_filter:u_hilbert|Add0~38                                                               ; 2       ;
; hilbert_filter:u_hilbert|Add0~36                                                               ; 2       ;
; hilbert_filter:u_hilbert|Add0~34                                                               ; 2       ;
; hilbert_filter:u_hilbert|Add0~32                                                               ; 2       ;
; hilbert_filter:u_hilbert|Add0~30                                                               ; 2       ;
; cic_interpolator:u_cic_i|c1_out[0]                                                             ; 2       ;
; cic_interpolator:u_cic_i|c1_out[1]                                                             ; 2       ;
; cic_interpolator:u_cic_i|c1_out[2]                                                             ; 2       ;
; cic_interpolator:u_cic_i|c1_out[3]                                                             ; 2       ;
; cic_interpolator:u_cic_i|c1_out[4]                                                             ; 2       ;
; cic_interpolator:u_cic_i|c1_out[5]                                                             ; 2       ;
; cic_interpolator:u_cic_i|c1_out[6]                                                             ; 2       ;
; cic_interpolator:u_cic_i|c1_out[7]                                                             ; 2       ;
; cic_interpolator:u_cic_i|c1_out[8]                                                             ; 2       ;
; cic_interpolator:u_cic_i|c1_out[9]                                                             ; 2       ;
; cic_interpolator:u_cic_i|c1_out[10]                                                            ; 2       ;
; cic_interpolator:u_cic_i|c1_out[11]                                                            ; 2       ;
; cic_interpolator:u_cic_i|c1_out[12]                                                            ; 2       ;
; cic_interpolator:u_cic_i|c1_out[13]                                                            ; 2       ;
; cic_interpolator:u_cic_q|c1_out[0]                                                             ; 2       ;
; cic_interpolator:u_cic_q|c1_out[1]                                                             ; 2       ;
; cic_interpolator:u_cic_q|c1_out[2]                                                             ; 2       ;
; cic_interpolator:u_cic_q|c1_out[3]                                                             ; 2       ;
; cic_interpolator:u_cic_q|c1_out[4]                                                             ; 2       ;
; cic_interpolator:u_cic_q|c1_out[5]                                                             ; 2       ;
; cic_interpolator:u_cic_q|c1_out[6]                                                             ; 2       ;
; cic_interpolator:u_cic_q|c1_out[7]                                                             ; 2       ;
; cic_interpolator:u_cic_q|c1_out[8]                                                             ; 2       ;
; cic_interpolator:u_cic_q|c1_out[9]                                                             ; 2       ;
; cic_interpolator:u_cic_q|c1_out[10]                                                            ; 2       ;
; cic_interpolator:u_cic_q|c1_out[11]                                                            ; 2       ;
; cic_interpolator:u_cic_q|c1_out[12]                                                            ; 2       ;
; cic_interpolator:u_cic_q|c1_out[13]                                                            ; 2       ;
; cic_interpolator:u_cic_i|c2_out[0]                                                             ; 2       ;
; cic_interpolator:u_cic_i|c2_out[1]                                                             ; 2       ;
; cic_interpolator:u_cic_i|c2_out[2]                                                             ; 2       ;
; cic_interpolator:u_cic_i|c2_out[3]                                                             ; 2       ;
; cic_interpolator:u_cic_i|c2_out[4]                                                             ; 2       ;
; cic_interpolator:u_cic_i|c2_out[5]                                                             ; 2       ;
; cic_interpolator:u_cic_i|c2_out[6]                                                             ; 2       ;
; cic_interpolator:u_cic_i|c2_out[7]                                                             ; 2       ;
; cic_interpolator:u_cic_i|c2_out[8]                                                             ; 2       ;
; cic_interpolator:u_cic_i|c2_out[9]                                                             ; 2       ;
; cic_interpolator:u_cic_i|c2_out[10]                                                            ; 2       ;
; cic_interpolator:u_cic_i|c2_out[11]                                                            ; 2       ;
; cic_interpolator:u_cic_i|c2_out[12]                                                            ; 2       ;
; cic_interpolator:u_cic_i|c2_out[13]                                                            ; 2       ;
; cic_interpolator:u_cic_i|c2_out[14]                                                            ; 2       ;
; cic_interpolator:u_cic_q|c2_out[0]                                                             ; 2       ;
; cic_interpolator:u_cic_q|c2_out[1]                                                             ; 2       ;
; cic_interpolator:u_cic_q|c2_out[2]                                                             ; 2       ;
; cic_interpolator:u_cic_q|c2_out[3]                                                             ; 2       ;
; cic_interpolator:u_cic_q|c2_out[4]                                                             ; 2       ;
; cic_interpolator:u_cic_q|c2_out[5]                                                             ; 2       ;
; cic_interpolator:u_cic_q|c2_out[6]                                                             ; 2       ;
; cic_interpolator:u_cic_q|c2_out[7]                                                             ; 2       ;
; cic_interpolator:u_cic_q|c2_out[8]                                                             ; 2       ;
; cic_interpolator:u_cic_q|c2_out[9]                                                             ; 2       ;
; cic_interpolator:u_cic_q|c2_out[10]                                                            ; 2       ;
; cic_interpolator:u_cic_q|c2_out[11]                                                            ; 2       ;
; cic_interpolator:u_cic_q|c2_out[12]                                                            ; 2       ;
; cic_interpolator:u_cic_q|c2_out[13]                                                            ; 2       ;
; cic_interpolator:u_cic_q|c2_out[14]                                                            ; 2       ;
; cic_interpolator:u_cic_i|i1_out[35]                                                            ; 2       ;
; cic_interpolator:u_cic_i|i1_out[34]                                                            ; 2       ;
; cic_interpolator:u_cic_i|i1_out[33]                                                            ; 2       ;
; cic_interpolator:u_cic_i|i1_out[32]                                                            ; 2       ;
; cic_interpolator:u_cic_i|i1_out[31]                                                            ; 2       ;
; cic_interpolator:u_cic_i|i1_out[30]                                                            ; 2       ;
; cic_interpolator:u_cic_i|i1_out[29]                                                            ; 2       ;
; cic_interpolator:u_cic_i|i1_out[28]                                                            ; 2       ;
; cic_interpolator:u_cic_i|i1_out[27]                                                            ; 2       ;
; cic_interpolator:u_cic_i|i1_out[26]                                                            ; 2       ;
; cic_interpolator:u_cic_i|i1_out[25]                                                            ; 2       ;
; cic_interpolator:u_cic_i|i1_out[24]                                                            ; 2       ;
; cic_interpolator:u_cic_i|i1_out[23]                                                            ; 2       ;
; cic_interpolator:u_cic_i|i1_out[0]                                                             ; 2       ;
; cic_interpolator:u_cic_i|i1_out[1]                                                             ; 2       ;
; cic_interpolator:u_cic_i|i1_out[2]                                                             ; 2       ;
; cic_interpolator:u_cic_i|i1_out[3]                                                             ; 2       ;
; cic_interpolator:u_cic_i|i1_out[4]                                                             ; 2       ;
; cic_interpolator:u_cic_i|i1_out[5]                                                             ; 2       ;
; cic_interpolator:u_cic_i|i1_out[6]                                                             ; 2       ;
; cic_interpolator:u_cic_i|i1_out[7]                                                             ; 2       ;
; cic_interpolator:u_cic_i|i1_out[8]                                                             ; 2       ;
; cic_interpolator:u_cic_i|i1_out[9]                                                             ; 2       ;
; cic_interpolator:u_cic_i|i1_out[10]                                                            ; 2       ;
; cic_interpolator:u_cic_i|i1_out[11]                                                            ; 2       ;
; cic_interpolator:u_cic_i|i1_out[12]                                                            ; 2       ;
; cic_interpolator:u_cic_i|i1_out[13]                                                            ; 2       ;
; cic_interpolator:u_cic_i|i1_out[14]                                                            ; 2       ;
; cic_interpolator:u_cic_i|i1_out[15]                                                            ; 2       ;
; cic_interpolator:u_cic_i|i1_out[16]                                                            ; 2       ;
; cic_interpolator:u_cic_i|i1_out[17]                                                            ; 2       ;
; cic_interpolator:u_cic_i|i1_out[18]                                                            ; 2       ;
; cic_interpolator:u_cic_i|i1_out[19]                                                            ; 2       ;
; cic_interpolator:u_cic_i|i1_out[20]                                                            ; 2       ;
; cic_interpolator:u_cic_i|i1_out[21]                                                            ; 2       ;
; cic_interpolator:u_cic_i|i1_out[22]                                                            ; 2       ;
; cic_interpolator:u_cic_q|i1_out[35]                                                            ; 2       ;
; cic_interpolator:u_cic_q|i1_out[34]                                                            ; 2       ;
; cic_interpolator:u_cic_q|i1_out[33]                                                            ; 2       ;
; cic_interpolator:u_cic_q|i1_out[32]                                                            ; 2       ;
; cic_interpolator:u_cic_q|i1_out[31]                                                            ; 2       ;
; cic_interpolator:u_cic_q|i1_out[30]                                                            ; 2       ;
; cic_interpolator:u_cic_q|i1_out[29]                                                            ; 2       ;
; cic_interpolator:u_cic_q|i1_out[28]                                                            ; 2       ;
; cic_interpolator:u_cic_q|i1_out[27]                                                            ; 2       ;
; cic_interpolator:u_cic_q|i1_out[26]                                                            ; 2       ;
; cic_interpolator:u_cic_q|i1_out[25]                                                            ; 2       ;
; cic_interpolator:u_cic_q|i1_out[24]                                                            ; 2       ;
; cic_interpolator:u_cic_q|i1_out[23]                                                            ; 2       ;
; cic_interpolator:u_cic_q|i1_out[0]                                                             ; 2       ;
; cic_interpolator:u_cic_q|i1_out[1]                                                             ; 2       ;
; cic_interpolator:u_cic_q|i1_out[2]                                                             ; 2       ;
; cic_interpolator:u_cic_q|i1_out[3]                                                             ; 2       ;
; cic_interpolator:u_cic_q|i1_out[4]                                                             ; 2       ;
; cic_interpolator:u_cic_q|i1_out[5]                                                             ; 2       ;
; cic_interpolator:u_cic_q|i1_out[6]                                                             ; 2       ;
; cic_interpolator:u_cic_q|i1_out[7]                                                             ; 2       ;
; cic_interpolator:u_cic_q|i1_out[8]                                                             ; 2       ;
; cic_interpolator:u_cic_q|i1_out[9]                                                             ; 2       ;
; cic_interpolator:u_cic_q|i1_out[10]                                                            ; 2       ;
; cic_interpolator:u_cic_q|i1_out[11]                                                            ; 2       ;
; cic_interpolator:u_cic_q|i1_out[12]                                                            ; 2       ;
; cic_interpolator:u_cic_q|i1_out[13]                                                            ; 2       ;
; cic_interpolator:u_cic_q|i1_out[14]                                                            ; 2       ;
; cic_interpolator:u_cic_q|i1_out[15]                                                            ; 2       ;
; cic_interpolator:u_cic_q|i1_out[16]                                                            ; 2       ;
; cic_interpolator:u_cic_q|i1_out[17]                                                            ; 2       ;
; cic_interpolator:u_cic_q|i1_out[18]                                                            ; 2       ;
; cic_interpolator:u_cic_q|i1_out[19]                                                            ; 2       ;
; cic_interpolator:u_cic_q|i1_out[20]                                                            ; 2       ;
; cic_interpolator:u_cic_q|i1_out[21]                                                            ; 2       ;
; cic_interpolator:u_cic_q|i1_out[22]                                                            ; 2       ;
; cic_interpolator:u_cic_i|i2_out[35]                                                            ; 2       ;
; cic_interpolator:u_cic_i|i2_out[34]                                                            ; 2       ;
; cic_interpolator:u_cic_i|i2_out[33]                                                            ; 2       ;
; cic_interpolator:u_cic_i|i2_out[32]                                                            ; 2       ;
; cic_interpolator:u_cic_i|i2_out[31]                                                            ; 2       ;
; cic_interpolator:u_cic_i|i2_out[30]                                                            ; 2       ;
; cic_interpolator:u_cic_i|i2_out[29]                                                            ; 2       ;
; cic_interpolator:u_cic_i|i2_out[28]                                                            ; 2       ;
; cic_interpolator:u_cic_i|i2_out[27]                                                            ; 2       ;
; cic_interpolator:u_cic_i|i2_out[26]                                                            ; 2       ;
; cic_interpolator:u_cic_i|i2_out[25]                                                            ; 2       ;
; cic_interpolator:u_cic_i|i2_out[24]                                                            ; 2       ;
; cic_interpolator:u_cic_i|i2_out[23]                                                            ; 2       ;
; cic_interpolator:u_cic_i|i2_out[0]                                                             ; 2       ;
; cic_interpolator:u_cic_i|i2_out[1]                                                             ; 2       ;
; cic_interpolator:u_cic_i|i2_out[2]                                                             ; 2       ;
; cic_interpolator:u_cic_i|i2_out[3]                                                             ; 2       ;
; cic_interpolator:u_cic_i|i2_out[4]                                                             ; 2       ;
; cic_interpolator:u_cic_i|i2_out[5]                                                             ; 2       ;
; cic_interpolator:u_cic_i|i2_out[6]                                                             ; 2       ;
; cic_interpolator:u_cic_i|i2_out[7]                                                             ; 2       ;
; cic_interpolator:u_cic_i|i2_out[8]                                                             ; 2       ;
; cic_interpolator:u_cic_i|i2_out[9]                                                             ; 2       ;
; cic_interpolator:u_cic_i|i2_out[10]                                                            ; 2       ;
; cic_interpolator:u_cic_i|i2_out[11]                                                            ; 2       ;
; cic_interpolator:u_cic_i|i2_out[12]                                                            ; 2       ;
; cic_interpolator:u_cic_i|i2_out[13]                                                            ; 2       ;
; cic_interpolator:u_cic_i|i2_out[14]                                                            ; 2       ;
; cic_interpolator:u_cic_i|i2_out[15]                                                            ; 2       ;
; cic_interpolator:u_cic_i|i2_out[16]                                                            ; 2       ;
; cic_interpolator:u_cic_i|i2_out[17]                                                            ; 2       ;
; cic_interpolator:u_cic_i|i2_out[18]                                                            ; 2       ;
; cic_interpolator:u_cic_i|i2_out[19]                                                            ; 2       ;
; cic_interpolator:u_cic_i|i2_out[20]                                                            ; 2       ;
; cic_interpolator:u_cic_i|i2_out[21]                                                            ; 2       ;
; cic_interpolator:u_cic_i|i2_out[22]                                                            ; 2       ;
; cic_interpolator:u_cic_q|i2_out[35]                                                            ; 2       ;
; cic_interpolator:u_cic_q|i2_out[34]                                                            ; 2       ;
; cic_interpolator:u_cic_q|i2_out[33]                                                            ; 2       ;
; cic_interpolator:u_cic_q|i2_out[32]                                                            ; 2       ;
; cic_interpolator:u_cic_q|i2_out[31]                                                            ; 2       ;
; cic_interpolator:u_cic_q|i2_out[30]                                                            ; 2       ;
; cic_interpolator:u_cic_q|i2_out[29]                                                            ; 2       ;
; cic_interpolator:u_cic_q|i2_out[28]                                                            ; 2       ;
; cic_interpolator:u_cic_q|i2_out[27]                                                            ; 2       ;
; cic_interpolator:u_cic_q|i2_out[26]                                                            ; 2       ;
; cic_interpolator:u_cic_q|i2_out[25]                                                            ; 2       ;
; cic_interpolator:u_cic_q|i2_out[24]                                                            ; 2       ;
; cic_interpolator:u_cic_q|i2_out[23]                                                            ; 2       ;
; cic_interpolator:u_cic_q|i2_out[0]                                                             ; 2       ;
; cic_interpolator:u_cic_q|i2_out[1]                                                             ; 2       ;
; cic_interpolator:u_cic_q|i2_out[2]                                                             ; 2       ;
; cic_interpolator:u_cic_q|i2_out[3]                                                             ; 2       ;
; cic_interpolator:u_cic_q|i2_out[4]                                                             ; 2       ;
; cic_interpolator:u_cic_q|i2_out[5]                                                             ; 2       ;
; cic_interpolator:u_cic_q|i2_out[6]                                                             ; 2       ;
; cic_interpolator:u_cic_q|i2_out[7]                                                             ; 2       ;
; cic_interpolator:u_cic_q|i2_out[8]                                                             ; 2       ;
; cic_interpolator:u_cic_q|i2_out[9]                                                             ; 2       ;
; cic_interpolator:u_cic_q|i2_out[10]                                                            ; 2       ;
; cic_interpolator:u_cic_q|i2_out[11]                                                            ; 2       ;
; cic_interpolator:u_cic_q|i2_out[12]                                                            ; 2       ;
; cic_interpolator:u_cic_q|i2_out[13]                                                            ; 2       ;
; cic_interpolator:u_cic_q|i2_out[14]                                                            ; 2       ;
; cic_interpolator:u_cic_q|i2_out[15]                                                            ; 2       ;
; cic_interpolator:u_cic_q|i2_out[16]                                                            ; 2       ;
; cic_interpolator:u_cic_q|i2_out[17]                                                            ; 2       ;
; cic_interpolator:u_cic_q|i2_out[18]                                                            ; 2       ;
; cic_interpolator:u_cic_q|i2_out[19]                                                            ; 2       ;
; cic_interpolator:u_cic_q|i2_out[20]                                                            ; 2       ;
; cic_interpolator:u_cic_q|i2_out[21]                                                            ; 2       ;
; cic_interpolator:u_cic_q|i2_out[22]                                                            ; 2       ;
; cic_interpolator:u_cic_i|i3_out[35]                                                            ; 2       ;
; cic_interpolator:u_cic_i|i3_out[34]                                                            ; 2       ;
; cic_interpolator:u_cic_i|i3_out[33]                                                            ; 2       ;
; cic_interpolator:u_cic_i|i3_out[32]                                                            ; 2       ;
; cic_interpolator:u_cic_i|i3_out[31]                                                            ; 2       ;
; cic_interpolator:u_cic_i|i3_out[30]                                                            ; 2       ;
; cic_interpolator:u_cic_i|i3_out[29]                                                            ; 2       ;
; cic_interpolator:u_cic_i|i3_out[28]                                                            ; 2       ;
; cic_interpolator:u_cic_i|i3_out[27]                                                            ; 2       ;
; cic_interpolator:u_cic_i|i3_out[26]                                                            ; 2       ;
; cic_interpolator:u_cic_i|i3_out[25]                                                            ; 2       ;
; cic_interpolator:u_cic_i|i3_out[24]                                                            ; 2       ;
; cic_interpolator:u_cic_i|i3_out[23]                                                            ; 2       ;
; cic_interpolator:u_cic_i|i3_out[22]                                                            ; 2       ;
; multi_band_modulator:u_band_mod|p_iB[11]~0                                                     ; 2       ;
; multi_band_modulator:u_band_mod|phase_acc[0]                                                   ; 2       ;
; multi_band_modulator:u_band_mod|phase_acc[1]                                                   ; 2       ;
; multi_band_modulator:u_band_mod|phase_acc[2]                                                   ; 2       ;
; multi_band_modulator:u_band_mod|phase_acc[3]                                                   ; 2       ;
; multi_band_modulator:u_band_mod|phase_acc[4]                                                   ; 2       ;
; multi_band_modulator:u_band_mod|phase_acc[5]                                                   ; 2       ;
; multi_band_modulator:u_band_mod|phase_acc[6]                                                   ; 2       ;
; multi_band_modulator:u_band_mod|phase_acc[7]                                                   ; 2       ;
; multi_band_modulator:u_band_mod|phase_acc[8]                                                   ; 2       ;
; multi_band_modulator:u_band_mod|phase_acc[9]                                                   ; 2       ;
; multi_band_modulator:u_band_mod|phase_acc[10]                                                  ; 2       ;
; multi_band_modulator:u_band_mod|phase_acc[11]                                                  ; 2       ;
; multi_band_modulator:u_band_mod|phase_acc[12]                                                  ; 2       ;
; multi_band_modulator:u_band_mod|phase_acc[13]                                                  ; 2       ;
; multi_band_modulator:u_band_mod|phase_acc[14]                                                  ; 2       ;
; multi_band_modulator:u_band_mod|phase_acc[15]                                                  ; 2       ;
; multi_band_modulator:u_band_mod|phase_acc[16]                                                  ; 2       ;
; multi_band_modulator:u_band_mod|phase_acc[17]                                                  ; 2       ;
; multi_band_modulator:u_band_mod|phase_acc[18]                                                  ; 2       ;
; multi_band_modulator:u_band_mod|phase_acc[19]                                                  ; 2       ;
; cic_interpolator:u_cic_q|i3_out[35]                                                            ; 2       ;
; cic_interpolator:u_cic_q|i3_out[34]                                                            ; 2       ;
; cic_interpolator:u_cic_q|i3_out[33]                                                            ; 2       ;
; cic_interpolator:u_cic_q|i3_out[32]                                                            ; 2       ;
; cic_interpolator:u_cic_q|i3_out[31]                                                            ; 2       ;
; cic_interpolator:u_cic_q|i3_out[30]                                                            ; 2       ;
; cic_interpolator:u_cic_q|i3_out[29]                                                            ; 2       ;
; cic_interpolator:u_cic_q|i3_out[28]                                                            ; 2       ;
; cic_interpolator:u_cic_q|i3_out[27]                                                            ; 2       ;
; cic_interpolator:u_cic_q|i3_out[26]                                                            ; 2       ;
; cic_interpolator:u_cic_q|i3_out[25]                                                            ; 2       ;
; cic_interpolator:u_cic_q|i3_out[24]                                                            ; 2       ;
; cic_interpolator:u_cic_q|i3_out[23]                                                            ; 2       ;
; cic_interpolator:u_cic_q|i3_out[22]                                                            ; 2       ;
; multi_band_modulator:u_band_mod|mix_qq_A[27]                                                   ; 2       ;
; multi_band_modulator:u_band_mod|mix_ii_A[27]                                                   ; 2       ;
; multi_band_modulator:u_band_mod|mix_ii_B[27]                                                   ; 2       ;
; multi_band_modulator:u_band_mod|mix_qq_B[27]                                                   ; 2       ;
; debounce_cnt[14]                                                                               ; 2       ;
; debounce_cnt[15]                                                                               ; 2       ;
; debounce_cnt[13]                                                                               ; 2       ;
; debounce_cnt[12]                                                                               ; 2       ;
; debounce_cnt[9]                                                                                ; 2       ;
; debounce_cnt[11]                                                                               ; 2       ;
; debounce_cnt[10]                                                                               ; 2       ;
; debounce_cnt[8]                                                                                ; 2       ;
; debounce_cnt[6]                                                                                ; 2       ;
; debounce_cnt[7]                                                                                ; 2       ;
; debounce_cnt[5]                                                                                ; 2       ;
; debounce_cnt[4]                                                                                ; 2       ;
; debounce_cnt[3]                                                                                ; 2       ;
; debounce_cnt[2]                                                                                ; 2       ;
; debounce_cnt[1]                                                                                ; 2       ;
; debounce_cnt[0]                                                                                ; 2       ;
; debounce_cnt[19]                                                                               ; 2       ;
; debounce_cnt[18]                                                                               ; 2       ;
; debounce_cnt[17]                                                                               ; 2       ;
; debounce_cnt[16]                                                                               ; 2       ;
; i2s_rx:u_i2s_rx|clk_div[5]                                                                     ; 2       ;
; i2s_rx:u_i2s_rx|clk_div[6]                                                                     ; 2       ;
; i2s_rx:u_i2s_rx|clk_div[7]                                                                     ; 2       ;
; i2s_rx:u_i2s_rx|clk_div[8]                                                                     ; 2       ;
; i2s_rx:u_i2s_rx|clk_div[9]                                                                     ; 2       ;
; i2s_rx:u_i2s_rx|clk_div[1]                                                                     ; 2       ;
; i2s_rx:u_i2s_rx|clk_div[2]                                                                     ; 2       ;
; i2s_rx:u_i2s_rx|clk_div[3]                                                                     ; 2       ;
; mic_sd~input                                                                                   ; 1       ;
; key[0]~input                                                                                   ; 1       ;
; key[2]~input                                                                                   ; 1       ;
; key[1]~input                                                                                   ; 1       ;
; key[3]~input                                                                                   ; 1       ;
; clk_50m~input                                                                                  ; 1       ;
; multi_band_modulator:u_band_mod|tx_out_B[28]~_wirecell                                         ; 1       ;
; multi_band_modulator:u_band_mod|tx_out_A[28]~_wirecell                                         ; 1       ;
; hilbert_filter:u_hilbert|wr_ptr[0]~21                                                          ; 1       ;
; key_d0[0]~3                                                                                    ; 1       ;
; i2s_rx:u_i2s_rx|clk_div[0]~30                                                                  ; 1       ;
; key_d0[2]~2                                                                                    ; 1       ;
; key_d0[1]~1                                                                                    ; 1       ;
; key_d0[3]~0                                                                                    ; 1       ;
; tx_audio_proc:u_tx_audio_proc|out_shift~12                                                     ; 1       ;
; tx_audio_proc:u_tx_audio_proc|ShiftRight0~35                                                   ; 1       ;
; tx_audio_proc:u_tx_audio_proc|sample_out[1]~48                                                 ; 1       ;
; hilbert_filter:u_hilbert|issue_en~2                                                            ; 1       ;
; hilbert_filter:u_hilbert|busy~5                                                                ; 1       ;
; i2s_rx:u_i2s_rx|shift_reg[0]                                                                   ; 1       ;
; i2s_rx:u_i2s_rx|shift_reg[1]                                                                   ; 1       ;
+------------------------------------------------------------------------------------------------+---------+


+---------------------------------------------------------------------------------------------------------------------------------------------------------------------------------------------------------------------------------------------------------------------------------------------------------------------------------------------------------------------------------------------------------------------------------------------------------------------------------------------------------------------------------------------------------------------------------------------------------------------------------------------------------------------+
; Fitter RAM Summary                                                                                                                                                                                                                                                                                                                                                                                                                                                                                                                                                                                                                                                  ;
+--------------------------------------------------------------------------------------------------------------------------------+------+------------------+--------------+--------------+--------------+--------------+--------------+------------------------+-------------------------+------------------------+-------------------------+-------+-----------------------------+-----------------------------+-----------------------------+-----------------------------+---------------------+------+------------------------------------------------+--------------------------------+----------------------+-----------------+-----------------+---------------+
; Name                                                                                                                           ; Type ; Mode             ; Clock Mode   ; Port A Depth ; Port A Width ; Port B Depth ; Port B Width ; Port A Input Registers ; Port A Output Registers ; Port B Input Registers ; Port B Output Registers ; Size  ; Implementation Port A Depth ; Implementation Port A Width ; Implementation Port B Depth ; Implementation Port B Width ; Implementation Bits ; M9Ks ; MIF                                            ; Location                       ; Mixed Width RDW Mode ; Port A RDW Mode ; Port B RDW Mode ; Fits in MLABs ;
+--------------------------------------------------------------------------------------------------------------------------------+------+------------------+--------------+--------------+--------------+--------------+--------------+------------------------+-------------------------+------------------------+-------------------------+-------+-----------------------------+-----------------------------+-----------------------------+-----------------------------+---------------------+------+------------------------------------------------+--------------------------------+----------------------+-----------------+-----------------+---------------+
; hilbert_filter:u_hilbert|altsyncram:coef_rom_rtl_0|altsyncram_ff91:auto_generated|ALTSYNCRAM                                   ; M9K  ; ROM              ; Single Clock ; 256          ; 17           ; --           ; --           ; yes                    ; no                      ; --                     ; --                      ; 4352  ; 256                         ; 17                          ; --                          ; --                          ; 4352                ; 1    ; db/HF_SDR.ram0_hilbert_filter_c6935fb5.hdl.mif ; M9K_X15_Y12_N0                 ; Don't care           ; Old data        ; Old data        ; Yes           ;
; hilbert_filter:u_hilbert|altsyncram:history_rtl_0|altsyncram_1si1:auto_generated|ALTSYNCRAM                                    ; M9K  ; Simple Dual Port ; Single Clock ; 256          ; 14           ; 256          ; 14           ; yes                    ; no                      ; yes                    ; no                      ; 3584  ; 256                         ; 14                          ; 256                         ; 14                          ; 3584                ; 1    ; None                                           ; M9K_X27_Y12_N0                 ; Old data             ; Old data        ; Old data        ; Yes           ;
; multi_band_modulator:u_band_mod|sine_rom:rom_inst_iA|altsyncram:altsyncram_component|altsyncram_4jc1:auto_generated|ALTSYNCRAM ; M9K  ; ROM              ; Single Clock ; 1024         ; 14           ; --           ; --           ; yes                    ; no                      ; --                     ; --                      ; 14336 ; 1024                        ; 14                          ; --                          ; --                          ; 14336               ; 2    ; sine_quarter.mif                               ; M9K_X15_Y13_N0, M9K_X15_Y14_N0 ; Don't care           ; Old data        ; Old data        ; Yes           ;
; multi_band_modulator:u_band_mod|sine_rom:rom_inst_iB|altsyncram:altsyncram_component|altsyncram_4jc1:auto_generated|ALTSYNCRAM ; M9K  ; ROM              ; Single Clock ; 1024         ; 14           ; --           ; --           ; yes                    ; no                      ; --                     ; --                      ; 14336 ; 1024                        ; 14                          ; --                          ; --                          ; 14336               ; 2    ; sine_quarter.mif                               ; M9K_X15_Y10_N0, M9K_X15_Y7_N0  ; Don't care           ; Old data        ; Old data        ; Yes           ;
; multi_band_modulator:u_band_mod|sine_rom:rom_inst_qA|altsyncram:altsyncram_component|altsyncram_4jc1:auto_generated|ALTSYNCRAM ; M9K  ; ROM              ; Single Clock ; 1024         ; 14           ; --           ; --           ; yes                    ; no                      ; --                     ; --                      ; 14336 ; 1024                        ; 14                          ; --                          ; --                          ; 14336               ; 2    ; sine_quarter.mif                               ; M9K_X15_Y9_N0, M9K_X15_Y11_N0  ; Don't care           ; Old data        ; Old data        ; Yes           ;
; multi_band_modulator:u_band_mod|sine_rom:rom_inst_qB|altsyncram:altsyncram_component|altsyncram_4jc1:auto_generated|ALTSYNCRAM ; M9K  ; ROM              ; Single Clock ; 1024         ; 14           ; --           ; --           ; yes                    ; no                      ; --                     ; --                      ; 14336 ; 1024                        ; 14                          ; --                          ; --                          ; 14336               ; 2    ; sine_quarter.mif                               ; M9K_X15_Y8_N0, M9K_X15_Y6_N0   ; Don't care           ; Old data        ; Old data        ; Yes           ;
+--------------------------------------------------------------------------------------------------------------------------------+------+------------------+--------------+--------------+--------------+--------------+--------------+------------------------+-------------------------+------------------------+-------------------------+-------+-----------------------------+-----------------------------+-----------------------------+-----------------------------+---------------------+------+------------------------------------------------+--------------------------------+----------------------+-----------------+-----------------+---------------+
Note: Fitter may spread logical memories into multiple blocks to improve timing. The actual required RAM blocks can be found in the Fitter Resource Usage section.


RAM content values are presented in the following format: (Binary) (Octal) (Decimal) (Hexadecimal) 
+------------------------------------------------------------------------------------------------------------------------------------------------------------------------------------------------------------------------------------------------------------------+
; |HF_SDR|multi_band_modulator:u_band_mod|sine_rom:rom_inst_qB|altsyncram:altsyncram_component|altsyncram_4jc1:auto_generated|ALTSYNCRAM                                                                                                                           ;
+------------------------------------------------------------------------------------------------------------------------------------------------------------------------------------------------------------------------------------------------------------------+
;   Addr   ;              +0              ;              +1              ;              +2              ;              +3              ;              +4              ;              +5              ;              +6              ;              +7              ;
+----------+------------------------------+------------------------------+------------------------------+------------------------------+------------------------------+------------------------------+------------------------------+------------------------------+
;0;(00000000000000) (0) (0) (00)    ;(00000000001101) (15) (13) (0D)   ;(00000000011001) (31) (25) (19)   ;(00000000100110) (46) (38) (26)   ;(00000000110010) (62) (50) (32)   ;(00000000111111) (77) (63) (3F)   ;(00000001001011) (113) (75) (4B)   ;(00000001011000) (130) (88) (58)   ;
;8;(00000001100101) (145) (101) (65)    ;(00000001110001) (161) (113) (71)   ;(00000001111110) (176) (126) (7E)   ;(00000010001010) (212) (138) (8A)   ;(00000010010111) (227) (151) (97)   ;(00000010100011) (243) (163) (A3)   ;(00000010110000) (260) (176) (B0)   ;(00000010111100) (274) (188) (BC)   ;
;16;(00000011001001) (311) (201) (C9)    ;(00000011010110) (326) (214) (D6)   ;(00000011100010) (342) (226) (E2)   ;(00000011101111) (357) (239) (EF)   ;(00000011111011) (373) (251) (FB)   ;(00000100001000) (410) (264) (108)   ;(00000100010100) (424) (276) (114)   ;(00000100100001) (441) (289) (121)   ;
;24;(00000100101101) (455) (301) (12D)    ;(00000100111010) (472) (314) (13A)   ;(00000101000111) (507) (327) (147)   ;(00000101010011) (523) (339) (153)   ;(00000101100000) (540) (352) (160)   ;(00000101101100) (554) (364) (16C)   ;(00000101111001) (571) (377) (179)   ;(00000110000101) (605) (389) (185)   ;
;32;(00000110010010) (622) (402) (192)    ;(00000110011110) (636) (414) (19E)   ;(00000110101011) (653) (427) (1AB)   ;(00000110111000) (670) (440) (1B8)   ;(00000111000100) (704) (452) (1C4)   ;(00000111010001) (721) (465) (1D1)   ;(00000111011101) (735) (477) (1DD)   ;(00000111101010) (752) (490) (1EA)   ;
;40;(00000111110110) (766) (502) (1F6)    ;(00001000000011) (1003) (515) (203)   ;(00001000001111) (1017) (527) (20F)   ;(00001000011100) (1034) (540) (21C)   ;(00001000101000) (1050) (552) (228)   ;(00001000110101) (1065) (565) (235)   ;(00001001000010) (1102) (578) (242)   ;(00001001001110) (1116) (590) (24E)   ;
;48;(00001001011011) (1133) (603) (25B)    ;(00001001100111) (1147) (615) (267)   ;(00001001110100) (1164) (628) (274)   ;(00001010000000) (1200) (640) (280)   ;(00001010001101) (1215) (653) (28D)   ;(00001010011001) (1231) (665) (299)   ;(00001010100110) (1246) (678) (2A6)   ;(00001010110010) (1262) (690) (2B2)   ;
;56;(00001010111111) (1277) (703) (2BF)    ;(00001011001011) (1313) (715) (2CB)   ;(00001011011000) (1330) (728) (2D8)   ;(00001011100100) (1344) (740) (2E4)   ;(00001011110001) (1361) (753) (2F1)   ;(00001011111101) (1375) (765) (2FD)   ;(00001100001010) (1412) (778) (30A)   ;(00001100010110) (1426) (790) (316)   ;
;64;(00001100100011) (1443) (803) (323)    ;(00001100101111) (1457) (815) (32F)   ;(00001100111100) (1474) (828) (33C)   ;(00001101001000) (1510) (840) (348)   ;(00001101010101) (1525) (853) (355)   ;(00001101100001) (1541) (865) (361)   ;(00001101101110) (1556) (878) (36E)   ;(00001101111010) (1572) (890) (37A)   ;
;72;(00001110000111) (1607) (903) (387)    ;(00001110010011) (1623) (915) (393)   ;(00001110100000) (1640) (928) (3A0)   ;(00001110101100) (1654) (940) (3AC)   ;(00001110111001) (1671) (953) (3B9)   ;(00001111000101) (1705) (965) (3C5)   ;(00001111010010) (1722) (978) (3D2)   ;(00001111011110) (1736) (990) (3DE)   ;
;80;(00001111101011) (1753) (1003) (3EB)    ;(00001111110111) (1767) (1015) (3F7)   ;(00010000000100) (2004) (1028) (404)   ;(00010000010000) (2020) (1040) (410)   ;(00010000011101) (2035) (1053) (41D)   ;(00010000101001) (2051) (1065) (429)   ;(00010000110101) (2065) (1077) (435)   ;(00010001000010) (2102) (1090) (442)   ;
;88;(00010001001110) (2116) (1102) (44E)    ;(00010001011011) (2133) (1115) (45B)   ;(00010001100111) (2147) (1127) (467)   ;(00010001110100) (2164) (1140) (474)   ;(00010010000000) (2200) (1152) (480)   ;(00010010001101) (2215) (1165) (48D)   ;(00010010011001) (2231) (1177) (499)   ;(00010010100101) (2245) (1189) (4A5)   ;
;96;(00010010110010) (2262) (1202) (4B2)    ;(00010010111110) (2276) (1214) (4BE)   ;(00010011001011) (2313) (1227) (4CB)   ;(00010011010111) (2327) (1239) (4D7)   ;(00010011100100) (2344) (1252) (4E4)   ;(00010011110000) (2360) (1264) (4F0)   ;(00010011111100) (2374) (1276) (4FC)   ;(00010100001001) (2411) (1289) (509)   ;
;104;(00010100010101) (2425) (1301) (515)    ;(00010100100010) (2442) (1314) (522)   ;(00010100101110) (2456) (1326) (52E)   ;(00010100111010) (2472) (1338) (53A)   ;(00010101000111) (2507) (1351) (547)   ;(00010101010011) (2523) (1363) (553)   ;(00010101100000) (2540) (1376) (560)   ;(00010101101100) (2554) (1388) (56C)   ;
;112;(00010101111000) (2570) (1400) (578)    ;(00010110000101) (2605) (1413) (585)   ;(00010110010001) (2621) (1425) (591)   ;(00010110011101) (2635) (1437) (59D)   ;(00010110101010) (2652) (1450) (5AA)   ;(00010110110110) (2666) (1462) (5B6)   ;(00010111000011) (2703) (1475) (5C3)   ;(00010111001111) (2717) (1487) (5CF)   ;
;120;(00010111011011) (2733) (1499) (5DB)    ;(00010111101000) (2750) (1512) (5E8)   ;(00010111110100) (2764) (1524) (5F4)   ;(00011000000000) (3000) (1536) (600)   ;(00011000001101) (3015) (1549) (60D)   ;(00011000011001) (3031) (1561) (619)   ;(00011000100101) (3045) (1573) (625)   ;(00011000110010) (3062) (1586) (632)   ;
;128;(00011000111110) (3076) (1598) (63E)    ;(00011001001010) (3112) (1610) (64A)   ;(00011001010111) (3127) (1623) (657)   ;(00011001100011) (3143) (1635) (663)   ;(00011001101111) (3157) (1647) (66F)   ;(00011001111100) (3174) (1660) (67C)   ;(00011010001000) (3210) (1672) (688)   ;(00011010010100) (3224) (1684) (694)   ;
;136;(00011010100000) (3240) (1696) (6A0)    ;(00011010101101) (3255) (1709) (6AD)   ;(00011010111001) (3271) (1721) (6B9)   ;(00011011000101) (3305) (1733) (6C5)   ;(00011011010010) (3322) (1746) (6D2)   ;(00011011011110) (3336) (1758) (6DE)   ;(00011011101010) (3352) (1770) (6EA)   ;(00011011110110) (3366) (1782) (6F6)   ;
;144;(00011100000011) (3403) (1795) (703)    ;(00011100001111) (3417) (1807) (70F)   ;(00011100011011) (3433) (1819) (71B)   ;(00011100100111) (3447) (1831) (727)   ;(00011100110100) (3464) (1844) (734)   ;(00011101000000) (3500) (1856) (740)   ;(00011101001100) (3514) (1868) (74C)   ;(00011101011000) (3530) (1880) (758)   ;
;152;(00011101100101) (3545) (1893) (765)    ;(00011101110001) (3561) (1905) (771)   ;(00011101111101) (3575) (1917) (77D)   ;(00011110001001) (3611) (1929) (789)   ;(00011110010101) (3625) (1941) (795)   ;(00011110100010) (3642) (1954) (7A2)   ;(00011110101110) (3656) (1966) (7AE)   ;(00011110111010) (3672) (1978) (7BA)   ;
;160;(00011111000110) (3706) (1990) (7C6)    ;(00011111010010) (3722) (2002) (7D2)   ;(00011111011111) (3737) (2015) (7DF)   ;(00011111101011) (3753) (2027) (7EB)   ;(00011111110111) (3767) (2039) (7F7)   ;(00100000000011) (4003) (2051) (803)   ;(00100000001111) (4017) (2063) (80F)   ;(00100000011011) (4033) (2075) (81B)   ;
;168;(00100000101000) (4050) (2088) (828)    ;(00100000110100) (4064) (2100) (834)   ;(00100001000000) (4100) (2112) (840)   ;(00100001001100) (4114) (2124) (84C)   ;(00100001011000) (4130) (2136) (858)   ;(00100001100100) (4144) (2148) (864)   ;(00100001110000) (4160) (2160) (870)   ;(00100001111101) (4175) (2173) (87D)   ;
;176;(00100010001001) (4211) (2185) (889)    ;(00100010010101) (4225) (2197) (895)   ;(00100010100001) (4241) (2209) (8A1)   ;(00100010101101) (4255) (2221) (8AD)   ;(00100010111001) (4271) (2233) (8B9)   ;(00100011000101) (4305) (2245) (8C5)   ;(00100011010001) (4321) (2257) (8D1)   ;(00100011011101) (4335) (2269) (8DD)   ;
;184;(00100011101001) (4351) (2281) (8E9)    ;(00100011110101) (4365) (2293) (8F5)   ;(00100100000001) (4401) (2305) (901)   ;(00100100001110) (4416) (2318) (90E)   ;(00100100011010) (4432) (2330) (91A)   ;(00100100100110) (4446) (2342) (926)   ;(00100100110010) (4462) (2354) (932)   ;(00100100111110) (4476) (2366) (93E)   ;
;192;(00100101001010) (4512) (2378) (94A)    ;(00100101010110) (4526) (2390) (956)   ;(00100101100010) (4542) (2402) (962)   ;(00100101101110) (4556) (2414) (96E)   ;(00100101111010) (4572) (2426) (97A)   ;(00100110000110) (4606) (2438) (986)   ;(00100110010010) (4622) (2450) (992)   ;(00100110011110) (4636) (2462) (99E)   ;
;200;(00100110101010) (4652) (2474) (9AA)    ;(00100110110110) (4666) (2486) (9B6)   ;(00100111000010) (4702) (2498) (9C2)   ;(00100111001110) (4716) (2510) (9CE)   ;(00100111011010) (4732) (2522) (9DA)   ;(00100111100110) (4746) (2534) (9E6)   ;(00100111110001) (4761) (2545) (9F1)   ;(00100111111101) (4775) (2557) (9FD)   ;
;208;(00101000001001) (5011) (2569) (A09)    ;(00101000010101) (5025) (2581) (A15)   ;(00101000100001) (5041) (2593) (A21)   ;(00101000101101) (5055) (2605) (A2D)   ;(00101000111001) (5071) (2617) (A39)   ;(00101001000101) (5105) (2629) (A45)   ;(00101001010001) (5121) (2641) (A51)   ;(00101001011101) (5135) (2653) (A5D)   ;
;216;(00101001101001) (5151) (2665) (A69)    ;(00101001110100) (5164) (2676) (A74)   ;(00101010000000) (5200) (2688) (A80)   ;(00101010001100) (5214) (2700) (A8C)   ;(00101010011000) (5230) (2712) (A98)   ;(00101010100100) (5244) (2724) (AA4)   ;(00101010110000) (5260) (2736) (AB0)   ;(00101010111100) (5274) (2748) (ABC)   ;
;224;(00101011000111) (5307) (2759) (AC7)    ;(00101011010011) (5323) (2771) (AD3)   ;(00101011011111) (5337) (2783) (ADF)   ;(00101011101011) (5353) (2795) (AEB)   ;(00101011110111) (5367) (2807) (AF7)   ;(00101100000011) (5403) (2819) (B03)   ;(00101100001110) (5416) (2830) (B0E)   ;(00101100011010) (5432) (2842) (B1A)   ;
;232;(00101100100110) (5446) (2854) (B26)    ;(00101100110010) (5462) (2866) (B32)   ;(00101100111101) (5475) (2877) (B3D)   ;(00101101001001) (5511) (2889) (B49)   ;(00101101010101) (5525) (2901) (B55)   ;(00101101100001) (5541) (2913) (B61)   ;(00101101101100) (5554) (2924) (B6C)   ;(00101101111000) (5570) (2936) (B78)   ;
;240;(00101110000100) (5604) (2948) (B84)    ;(00101110010000) (5620) (2960) (B90)   ;(00101110011011) (5633) (2971) (B9B)   ;(00101110100111) (5647) (2983) (BA7)   ;(00101110110011) (5663) (2995) (BB3)   ;(00101110111110) (5676) (3006) (BBE)   ;(00101111001010) (5712) (3018) (BCA)   ;(00101111010110) (5726) (3030) (BD6)   ;
;248;(00101111100001) (5741) (3041) (BE1)    ;(00101111101101) (5755) (3053) (BED)   ;(00101111111001) (5771) (3065) (BF9)   ;(00110000000100) (6004) (3076) (C04)   ;(00110000010000) (6020) (3088) (C10)   ;(00110000011100) (6034) (3100) (C1C)   ;(00110000100111) (6047) (3111) (C27)   ;(00110000110011) (6063) (3123) (C33)   ;
;256;(00110000111111) (6077) (3135) (C3F)    ;(00110001001010) (6112) (3146) (C4A)   ;(00110001010110) (6126) (3158) (C56)   ;(00110001100001) (6141) (3169) (C61)   ;(00110001101101) (6155) (3181) (C6D)   ;(00110001111001) (6171) (3193) (C79)   ;(00110010000100) (6204) (3204) (C84)   ;(00110010010000) (6220) (3216) (C90)   ;
;264;(00110010011011) (6233) (3227) (C9B)    ;(00110010100111) (6247) (3239) (CA7)   ;(00110010110010) (6262) (3250) (CB2)   ;(00110010111110) (6276) (3262) (CBE)   ;(00110011001001) (6311) (3273) (CC9)   ;(00110011010101) (6325) (3285) (CD5)   ;(00110011100000) (6340) (3296) (CE0)   ;(00110011101100) (6354) (3308) (CEC)   ;
;272;(00110011110111) (6367) (3319) (CF7)    ;(00110100000011) (6403) (3331) (D03)   ;(00110100001110) (6416) (3342) (D0E)   ;(00110100011010) (6432) (3354) (D1A)   ;(00110100100101) (6445) (3365) (D25)   ;(00110100110001) (6461) (3377) (D31)   ;(00110100111100) (6474) (3388) (D3C)   ;(00110101001000) (6510) (3400) (D48)   ;
;280;(00110101010011) (6523) (3411) (D53)    ;(00110101011110) (6536) (3422) (D5E)   ;(00110101101010) (6552) (3434) (D6A)   ;(00110101110101) (6565) (3445) (D75)   ;(00110110000001) (6601) (3457) (D81)   ;(00110110001100) (6614) (3468) (D8C)   ;(00110110010111) (6627) (3479) (D97)   ;(00110110100011) (6643) (3491) (DA3)   ;
;288;(00110110101110) (6656) (3502) (DAE)    ;(00110110111001) (6671) (3513) (DB9)   ;(00110111000101) (6705) (3525) (DC5)   ;(00110111010000) (6720) (3536) (DD0)   ;(00110111011011) (6733) (3547) (DDB)   ;(00110111100111) (6747) (3559) (DE7)   ;(00110111110010) (6762) (3570) (DF2)   ;(00110111111101) (6775) (3581) (DFD)   ;
;296;(00111000001001) (7011) (3593) (E09)    ;(00111000010100) (7024) (3604) (E14)   ;(00111000011111) (7037) (3615) (E1F)   ;(00111000101011) (7053) (3627) (E2B)   ;(00111000110110) (7066) (3638) (E36)   ;(00111001000001) (7101) (3649) (E41)   ;(00111001001100) (7114) (3660) (E4C)   ;(00111001011000) (7130) (3672) (E58)   ;
;304;(00111001100011) (7143) (3683) (E63)    ;(00111001101110) (7156) (3694) (E6E)   ;(00111001111001) (7171) (3705) (E79)   ;(00111010000100) (7204) (3716) (E84)   ;(00111010010000) (7220) (3728) (E90)   ;(00111010011011) (7233) (3739) (E9B)   ;(00111010100110) (7246) (3750) (EA6)   ;(00111010110001) (7261) (3761) (EB1)   ;
;312;(00111010111100) (7274) (3772) (EBC)    ;(00111011000111) (7307) (3783) (EC7)   ;(00111011010011) (7323) (3795) (ED3)   ;(00111011011110) (7336) (3806) (EDE)   ;(00111011101001) (7351) (3817) (EE9)   ;(00111011110100) (7364) (3828) (EF4)   ;(00111011111111) (7377) (3839) (EFF)   ;(00111100001010) (7412) (3850) (F0A)   ;
;320;(00111100010101) (7425) (3861) (F15)    ;(00111100100000) (7440) (3872) (F20)   ;(00111100101011) (7453) (3883) (F2B)   ;(00111100110110) (7466) (3894) (F36)   ;(00111101000001) (7501) (3905) (F41)   ;(00111101001101) (7515) (3917) (F4D)   ;(00111101011000) (7530) (3928) (F58)   ;(00111101100011) (7543) (3939) (F63)   ;
;328;(00111101101110) (7556) (3950) (F6E)    ;(00111101111001) (7571) (3961) (F79)   ;(00111110000100) (7604) (3972) (F84)   ;(00111110001111) (7617) (3983) (F8F)   ;(00111110011010) (7632) (3994) (F9A)   ;(00111110100100) (7644) (4004) (FA4)   ;(00111110101111) (7657) (4015) (FAF)   ;(00111110111010) (7672) (4026) (FBA)   ;
;336;(00111111000101) (7705) (4037) (FC5)    ;(00111111010000) (7720) (4048) (FD0)   ;(00111111011011) (7733) (4059) (FDB)   ;(00111111100110) (7746) (4070) (FE6)   ;(00111111110001) (7761) (4081) (FF1)   ;(00111111111100) (7774) (4092) (FFC)   ;(01000000000111) (10007) (4103) (1007)   ;(01000000010010) (10022) (4114) (1012)   ;
;344;(01000000011100) (10034) (4124) (101C)    ;(01000000100111) (10047) (4135) (1027)   ;(01000000110010) (10062) (4146) (1032)   ;(01000000111101) (10075) (4157) (103D)   ;(01000001001000) (10110) (4168) (1048)   ;(01000001010011) (10123) (4179) (1053)   ;(01000001011101) (10135) (4189) (105D)   ;(01000001101000) (10150) (4200) (1068)   ;
;352;(01000001110011) (10163) (4211) (1073)    ;(01000001111110) (10176) (4222) (107E)   ;(01000010001001) (10211) (4233) (1089)   ;(01000010010011) (10223) (4243) (1093)   ;(01000010011110) (10236) (4254) (109E)   ;(01000010101001) (10251) (4265) (10A9)   ;(01000010110011) (10263) (4275) (10B3)   ;(01000010111110) (10276) (4286) (10BE)   ;
;360;(01000011001001) (10311) (4297) (10C9)    ;(01000011010100) (10324) (4308) (10D4)   ;(01000011011110) (10336) (4318) (10DE)   ;(01000011101001) (10351) (4329) (10E9)   ;(01000011110100) (10364) (4340) (10F4)   ;(01000011111110) (10376) (4350) (10FE)   ;(01000100001001) (10411) (4361) (1109)   ;(01000100010100) (10424) (4372) (1114)   ;
;368;(01000100011110) (10436) (4382) (111E)    ;(01000100101001) (10451) (4393) (1129)   ;(01000100110011) (10463) (4403) (1133)   ;(01000100111110) (10476) (4414) (113E)   ;(01000101001001) (10511) (4425) (1149)   ;(01000101010011) (10523) (4435) (1153)   ;(01000101011110) (10536) (4446) (115E)   ;(01000101101000) (10550) (4456) (1168)   ;
;376;(01000101110011) (10563) (4467) (1173)    ;(01000101111101) (10575) (4477) (117D)   ;(01000110001000) (10610) (4488) (1188)   ;(01000110010010) (10622) (4498) (1192)   ;(01000110011101) (10635) (4509) (119D)   ;(01000110100111) (10647) (4519) (11A7)   ;(01000110110010) (10662) (4530) (11B2)   ;(01000110111100) (10674) (4540) (11BC)   ;
;384;(01000111000111) (10707) (4551) (11C7)    ;(01000111010001) (10721) (4561) (11D1)   ;(01000111011100) (10734) (4572) (11DC)   ;(01000111100110) (10746) (4582) (11E6)   ;(01000111110000) (10760) (4592) (11F0)   ;(01000111111011) (10773) (4603) (11FB)   ;(01001000000101) (11005) (4613) (1205)   ;(01001000010000) (11020) (4624) (1210)   ;
;392;(01001000011010) (11032) (4634) (121A)    ;(01001000100100) (11044) (4644) (1224)   ;(01001000101111) (11057) (4655) (122F)   ;(01001000111001) (11071) (4665) (1239)   ;(01001001000011) (11103) (4675) (1243)   ;(01001001001110) (11116) (4686) (124E)   ;(01001001011000) (11130) (4696) (1258)   ;(01001001100010) (11142) (4706) (1262)   ;
;400;(01001001101100) (11154) (4716) (126C)    ;(01001001110111) (11167) (4727) (1277)   ;(01001010000001) (11201) (4737) (1281)   ;(01001010001011) (11213) (4747) (128B)   ;(01001010010101) (11225) (4757) (1295)   ;(01001010100000) (11240) (4768) (12A0)   ;(01001010101010) (11252) (4778) (12AA)   ;(01001010110100) (11264) (4788) (12B4)   ;
;408;(01001010111110) (11276) (4798) (12BE)    ;(01001011001000) (11310) (4808) (12C8)   ;(01001011010011) (11323) (4819) (12D3)   ;(01001011011101) (11335) (4829) (12DD)   ;(01001011100111) (11347) (4839) (12E7)   ;(01001011110001) (11361) (4849) (12F1)   ;(01001011111011) (11373) (4859) (12FB)   ;(01001100000101) (11405) (4869) (1305)   ;
;416;(01001100001111) (11417) (4879) (130F)    ;(01001100011001) (11431) (4889) (1319)   ;(01001100100100) (11444) (4900) (1324)   ;(01001100101110) (11456) (4910) (132E)   ;(01001100111000) (11470) (4920) (1338)   ;(01001101000010) (11502) (4930) (1342)   ;(01001101001100) (11514) (4940) (134C)   ;(01001101010110) (11526) (4950) (1356)   ;
;424;(01001101100000) (11540) (4960) (1360)    ;(01001101101010) (11552) (4970) (136A)   ;(01001101110100) (11564) (4980) (1374)   ;(01001101111110) (11576) (4990) (137E)   ;(01001110001000) (11610) (5000) (1388)   ;(01001110010010) (11622) (5010) (1392)   ;(01001110011100) (11634) (5020) (139C)   ;(01001110100101) (11645) (5029) (13A5)   ;
;432;(01001110101111) (11657) (5039) (13AF)    ;(01001110111001) (11671) (5049) (13B9)   ;(01001111000011) (11703) (5059) (13C3)   ;(01001111001101) (11715) (5069) (13CD)   ;(01001111010111) (11727) (5079) (13D7)   ;(01001111100001) (11741) (5089) (13E1)   ;(01001111101011) (11753) (5099) (13EB)   ;(01001111110100) (11764) (5108) (13F4)   ;
;440;(01001111111110) (11776) (5118) (13FE)    ;(01010000001000) (12010) (5128) (1408)   ;(01010000010010) (12022) (5138) (1412)   ;(01010000011100) (12034) (5148) (141C)   ;(01010000100101) (12045) (5157) (1425)   ;(01010000101111) (12057) (5167) (142F)   ;(01010000111001) (12071) (5177) (1439)   ;(01010001000011) (12103) (5187) (1443)   ;
;448;(01010001001100) (12114) (5196) (144C)    ;(01010001010110) (12126) (5206) (1456)   ;(01010001100000) (12140) (5216) (1460)   ;(01010001101001) (12151) (5225) (1469)   ;(01010001110011) (12163) (5235) (1473)   ;(01010001111101) (12175) (5245) (147D)   ;(01010010000110) (12206) (5254) (1486)   ;(01010010010000) (12220) (5264) (1490)   ;
;456;(01010010011010) (12232) (5274) (149A)    ;(01010010100011) (12243) (5283) (14A3)   ;(01010010101101) (12255) (5293) (14AD)   ;(01010010110110) (12266) (5302) (14B6)   ;(01010011000000) (12300) (5312) (14C0)   ;(01010011001010) (12312) (5322) (14CA)   ;(01010011010011) (12323) (5331) (14D3)   ;(01010011011101) (12335) (5341) (14DD)   ;
;464;(01010011100110) (12346) (5350) (14E6)    ;(01010011110000) (12360) (5360) (14F0)   ;(01010011111001) (12371) (5369) (14F9)   ;(01010100000011) (12403) (5379) (1503)   ;(01010100001100) (12414) (5388) (150C)   ;(01010100010110) (12426) (5398) (1516)   ;(01010100011111) (12437) (5407) (151F)   ;(01010100101000) (12450) (5416) (1528)   ;
;472;(01010100110010) (12462) (5426) (1532)    ;(01010100111011) (12473) (5435) (153B)   ;(01010101000101) (12505) (5445) (1545)   ;(01010101001110) (12516) (5454) (154E)   ;(01010101010111) (12527) (5463) (1557)   ;(01010101100001) (12541) (5473) (1561)   ;(01010101101010) (12552) (5482) (156A)   ;(01010101110011) (12563) (5491) (1573)   ;
;480;(01010101111101) (12575) (5501) (157D)    ;(01010110000110) (12606) (5510) (1586)   ;(01010110001111) (12617) (5519) (158F)   ;(01010110011001) (12631) (5529) (1599)   ;(01010110100010) (12642) (5538) (15A2)   ;(01010110101011) (12653) (5547) (15AB)   ;(01010110110100) (12664) (5556) (15B4)   ;(01010110111110) (12676) (5566) (15BE)   ;
;488;(01010111000111) (12707) (5575) (15C7)    ;(01010111010000) (12720) (5584) (15D0)   ;(01010111011001) (12731) (5593) (15D9)   ;(01010111100010) (12742) (5602) (15E2)   ;(01010111101100) (12754) (5612) (15EC)   ;(01010111110101) (12765) (5621) (15F5)   ;(01010111111110) (12776) (5630) (15FE)   ;(01011000000111) (13007) (5639) (1607)   ;
;496;(01011000010000) (13020) (5648) (1610)    ;(01011000011001) (13031) (5657) (1619)   ;(01011000100010) (13042) (5666) (1622)   ;(01011000101011) (13053) (5675) (162B)   ;(01011000110100) (13064) (5684) (1634)   ;(01011000111101) (13075) (5693) (163D)   ;(01011001000110) (13106) (5702) (1646)   ;(01011001001111) (13117) (5711) (164F)   ;
;504;(01011001011000) (13130) (5720) (1658)    ;(01011001100001) (13141) (5729) (1661)   ;(01011001101010) (13152) (5738) (166A)   ;(01011001110011) (13163) (5747) (1673)   ;(01011001111100) (13174) (5756) (167C)   ;(01011010000101) (13205) (5765) (1685)   ;(01011010001110) (13216) (5774) (168E)   ;(01011010010111) (13227) (5783) (1697)   ;
;512;(01011010100000) (13240) (5792) (16A0)    ;(01011010101001) (13251) (5801) (16A9)   ;(01011010110010) (13262) (5810) (16B2)   ;(01011010111011) (13273) (5819) (16BB)   ;(01011011000011) (13303) (5827) (16C3)   ;(01011011001100) (13314) (5836) (16CC)   ;(01011011010101) (13325) (5845) (16D5)   ;(01011011011110) (13336) (5854) (16DE)   ;
;520;(01011011100111) (13347) (5863) (16E7)    ;(01011011101111) (13357) (5871) (16EF)   ;(01011011111000) (13370) (5880) (16F8)   ;(01011100000001) (13401) (5889) (1701)   ;(01011100001010) (13412) (5898) (170A)   ;(01011100010010) (13422) (5906) (1712)   ;(01011100011011) (13433) (5915) (171B)   ;(01011100100100) (13444) (5924) (1724)   ;
;528;(01011100101100) (13454) (5932) (172C)    ;(01011100110101) (13465) (5941) (1735)   ;(01011100111110) (13476) (5950) (173E)   ;(01011101000110) (13506) (5958) (1746)   ;(01011101001111) (13517) (5967) (174F)   ;(01011101010111) (13527) (5975) (1757)   ;(01011101100000) (13540) (5984) (1760)   ;(01011101101001) (13551) (5993) (1769)   ;
;536;(01011101110001) (13561) (6001) (1771)    ;(01011101111010) (13572) (6010) (177A)   ;(01011110000010) (13602) (6018) (1782)   ;(01011110001011) (13613) (6027) (178B)   ;(01011110010011) (13623) (6035) (1793)   ;(01011110011100) (13634) (6044) (179C)   ;(01011110100100) (13644) (6052) (17A4)   ;(01011110101101) (13655) (6061) (17AD)   ;
;544;(01011110110101) (13665) (6069) (17B5)    ;(01011110111110) (13676) (6078) (17BE)   ;(01011111000110) (13706) (6086) (17C6)   ;(01011111001110) (13716) (6094) (17CE)   ;(01011111010111) (13727) (6103) (17D7)   ;(01011111011111) (13737) (6111) (17DF)   ;(01011111101000) (13750) (6120) (17E8)   ;(01011111110000) (13760) (6128) (17F0)   ;
;552;(01011111111000) (13770) (6136) (17F8)    ;(01100000000000) (14000) (6144) (1800)   ;(01100000001001) (14011) (6153) (1809)   ;(01100000010001) (14021) (6161) (1811)   ;(01100000011001) (14031) (6169) (1819)   ;(01100000100010) (14042) (6178) (1822)   ;(01100000101010) (14052) (6186) (182A)   ;(01100000110010) (14062) (6194) (1832)   ;
;560;(01100000111010) (14072) (6202) (183A)    ;(01100001000010) (14102) (6210) (1842)   ;(01100001001011) (14113) (6219) (184B)   ;(01100001010011) (14123) (6227) (1853)   ;(01100001011011) (14133) (6235) (185B)   ;(01100001100011) (14143) (6243) (1863)   ;(01100001101011) (14153) (6251) (186B)   ;(01100001110011) (14163) (6259) (1873)   ;
;568;(01100001111011) (14173) (6267) (187B)    ;(01100010000100) (14204) (6276) (1884)   ;(01100010001100) (14214) (6284) (188C)   ;(01100010010100) (14224) (6292) (1894)   ;(01100010011100) (14234) (6300) (189C)   ;(01100010100100) (14244) (6308) (18A4)   ;(01100010101100) (14254) (6316) (18AC)   ;(01100010110100) (14264) (6324) (18B4)   ;
;576;(01100010111100) (14274) (6332) (18BC)    ;(01100011000100) (14304) (6340) (18C4)   ;(01100011001100) (14314) (6348) (18CC)   ;(01100011010100) (14324) (6356) (18D4)   ;(01100011011011) (14333) (6363) (18DB)   ;(01100011100011) (14343) (6371) (18E3)   ;(01100011101011) (14353) (6379) (18EB)   ;(01100011110011) (14363) (6387) (18F3)   ;
;584;(01100011111011) (14373) (6395) (18FB)    ;(01100100000011) (14403) (6403) (1903)   ;(01100100001011) (14413) (6411) (190B)   ;(01100100010011) (14423) (6419) (1913)   ;(01100100011010) (14432) (6426) (191A)   ;(01100100100010) (14442) (6434) (1922)   ;(01100100101010) (14452) (6442) (192A)   ;(01100100110010) (14462) (6450) (1932)   ;
;592;(01100100111001) (14471) (6457) (1939)    ;(01100101000001) (14501) (6465) (1941)   ;(01100101001001) (14511) (6473) (1949)   ;(01100101010000) (14520) (6480) (1950)   ;(01100101011000) (14530) (6488) (1958)   ;(01100101100000) (14540) (6496) (1960)   ;(01100101100111) (14547) (6503) (1967)   ;(01100101101111) (14557) (6511) (196F)   ;
;600;(01100101110111) (14567) (6519) (1977)    ;(01100101111110) (14576) (6526) (197E)   ;(01100110000110) (14606) (6534) (1986)   ;(01100110001101) (14615) (6541) (198D)   ;(01100110010101) (14625) (6549) (1995)   ;(01100110011101) (14635) (6557) (199D)   ;(01100110100100) (14644) (6564) (19A4)   ;(01100110101100) (14654) (6572) (19AC)   ;
;608;(01100110110011) (14663) (6579) (19B3)    ;(01100110111011) (14673) (6587) (19BB)   ;(01100111000010) (14702) (6594) (19C2)   ;(01100111001001) (14711) (6601) (19C9)   ;(01100111010001) (14721) (6609) (19D1)   ;(01100111011000) (14730) (6616) (19D8)   ;(01100111100000) (14740) (6624) (19E0)   ;(01100111100111) (14747) (6631) (19E7)   ;
;616;(01100111101110) (14756) (6638) (19EE)    ;(01100111110110) (14766) (6646) (19F6)   ;(01100111111101) (14775) (6653) (19FD)   ;(01101000000100) (15004) (6660) (1A04)   ;(01101000001100) (15014) (6668) (1A0C)   ;(01101000010011) (15023) (6675) (1A13)   ;(01101000011010) (15032) (6682) (1A1A)   ;(01101000100010) (15042) (6690) (1A22)   ;
;624;(01101000101001) (15051) (6697) (1A29)    ;(01101000110000) (15060) (6704) (1A30)   ;(01101000110111) (15067) (6711) (1A37)   ;(01101000111110) (15076) (6718) (1A3E)   ;(01101001000110) (15106) (6726) (1A46)   ;(01101001001101) (15115) (6733) (1A4D)   ;(01101001010100) (15124) (6740) (1A54)   ;(01101001011011) (15133) (6747) (1A5B)   ;
;632;(01101001100010) (15142) (6754) (1A62)    ;(01101001101001) (15151) (6761) (1A69)   ;(01101001110000) (15160) (6768) (1A70)   ;(01101001110111) (15167) (6775) (1A77)   ;(01101001111111) (15177) (6783) (1A7F)   ;(01101010000110) (15206) (6790) (1A86)   ;(01101010001101) (15215) (6797) (1A8D)   ;(01101010010100) (15224) (6804) (1A94)   ;
;640;(01101010011011) (15233) (6811) (1A9B)    ;(01101010100010) (15242) (6818) (1AA2)   ;(01101010101000) (15250) (6824) (1AA8)   ;(01101010101111) (15257) (6831) (1AAF)   ;(01101010110110) (15266) (6838) (1AB6)   ;(01101010111101) (15275) (6845) (1ABD)   ;(01101011000100) (15304) (6852) (1AC4)   ;(01101011001011) (15313) (6859) (1ACB)   ;
;648;(01101011010010) (15322) (6866) (1AD2)    ;(01101011011001) (15331) (6873) (1AD9)   ;(01101011100000) (15340) (6880) (1AE0)   ;(01101011100110) (15346) (6886) (1AE6)   ;(01101011101101) (15355) (6893) (1AED)   ;(01101011110100) (15364) (6900) (1AF4)   ;(01101011111011) (15373) (6907) (1AFB)   ;(01101100000001) (15401) (6913) (1B01)   ;
;656;(01101100001000) (15410) (6920) (1B08)    ;(01101100001111) (15417) (6927) (1B0F)   ;(01101100010110) (15426) (6934) (1B16)   ;(01101100011100) (15434) (6940) (1B1C)   ;(01101100100011) (15443) (6947) (1B23)   ;(01101100101010) (15452) (6954) (1B2A)   ;(01101100110000) (15460) (6960) (1B30)   ;(01101100110111) (15467) (6967) (1B37)   ;
;664;(01101100111101) (15475) (6973) (1B3D)    ;(01101101000100) (15504) (6980) (1B44)   ;(01101101001011) (15513) (6987) (1B4B)   ;(01101101010001) (15521) (6993) (1B51)   ;(01101101011000) (15530) (7000) (1B58)   ;(01101101011110) (15536) (7006) (1B5E)   ;(01101101100101) (15545) (7013) (1B65)   ;(01101101101011) (15553) (7019) (1B6B)   ;
;672;(01101101110010) (15562) (7026) (1B72)    ;(01101101111000) (15570) (7032) (1B78)   ;(01101101111111) (15577) (7039) (1B7F)   ;(01101110000101) (15605) (7045) (1B85)   ;(01101110001011) (15613) (7051) (1B8B)   ;(01101110010010) (15622) (7058) (1B92)   ;(01101110011000) (15630) (7064) (1B98)   ;(01101110011110) (15636) (7070) (1B9E)   ;
;680;(01101110100101) (15645) (7077) (1BA5)    ;(01101110101011) (15653) (7083) (1BAB)   ;(01101110110001) (15661) (7089) (1BB1)   ;(01101110111000) (15670) (7096) (1BB8)   ;(01101110111110) (15676) (7102) (1BBE)   ;(01101111000100) (15704) (7108) (1BC4)   ;(01101111001010) (15712) (7114) (1BCA)   ;(01101111010001) (15721) (7121) (1BD1)   ;
;688;(01101111010111) (15727) (7127) (1BD7)    ;(01101111011101) (15735) (7133) (1BDD)   ;(01101111100011) (15743) (7139) (1BE3)   ;(01101111101001) (15751) (7145) (1BE9)   ;(01101111110000) (15760) (7152) (1BF0)   ;(01101111110110) (15766) (7158) (1BF6)   ;(01101111111100) (15774) (7164) (1BFC)   ;(01110000000010) (16002) (7170) (1C02)   ;
;696;(01110000001000) (16010) (7176) (1C08)    ;(01110000001110) (16016) (7182) (1C0E)   ;(01110000010100) (16024) (7188) (1C14)   ;(01110000011010) (16032) (7194) (1C1A)   ;(01110000100000) (16040) (7200) (1C20)   ;(01110000100110) (16046) (7206) (1C26)   ;(01110000101100) (16054) (7212) (1C2C)   ;(01110000110010) (16062) (7218) (1C32)   ;
;704;(01110000111000) (16070) (7224) (1C38)    ;(01110000111110) (16076) (7230) (1C3E)   ;(01110001000100) (16104) (7236) (1C44)   ;(01110001001010) (16112) (7242) (1C4A)   ;(01110001001111) (16117) (7247) (1C4F)   ;(01110001010101) (16125) (7253) (1C55)   ;(01110001011011) (16133) (7259) (1C5B)   ;(01110001100001) (16141) (7265) (1C61)   ;
;712;(01110001100111) (16147) (7271) (1C67)    ;(01110001101100) (16154) (7276) (1C6C)   ;(01110001110010) (16162) (7282) (1C72)   ;(01110001111000) (16170) (7288) (1C78)   ;(01110001111110) (16176) (7294) (1C7E)   ;(01110010000011) (16203) (7299) (1C83)   ;(01110010001001) (16211) (7305) (1C89)   ;(01110010001111) (16217) (7311) (1C8F)   ;
;720;(01110010010100) (16224) (7316) (1C94)    ;(01110010011010) (16232) (7322) (1C9A)   ;(01110010100000) (16240) (7328) (1CA0)   ;(01110010100101) (16245) (7333) (1CA5)   ;(01110010101011) (16253) (7339) (1CAB)   ;(01110010110000) (16260) (7344) (1CB0)   ;(01110010110110) (16266) (7350) (1CB6)   ;(01110010111100) (16274) (7356) (1CBC)   ;
;728;(01110011000001) (16301) (7361) (1CC1)    ;(01110011000111) (16307) (7367) (1CC7)   ;(01110011001100) (16314) (7372) (1CCC)   ;(01110011010001) (16321) (7377) (1CD1)   ;(01110011010111) (16327) (7383) (1CD7)   ;(01110011011100) (16334) (7388) (1CDC)   ;(01110011100010) (16342) (7394) (1CE2)   ;(01110011100111) (16347) (7399) (1CE7)   ;
;736;(01110011101101) (16355) (7405) (1CED)    ;(01110011110010) (16362) (7410) (1CF2)   ;(01110011110111) (16367) (7415) (1CF7)   ;(01110011111101) (16375) (7421) (1CFD)   ;(01110100000010) (16402) (7426) (1D02)   ;(01110100000111) (16407) (7431) (1D07)   ;(01110100001100) (16414) (7436) (1D0C)   ;(01110100010010) (16422) (7442) (1D12)   ;
;744;(01110100010111) (16427) (7447) (1D17)    ;(01110100011100) (16434) (7452) (1D1C)   ;(01110100100001) (16441) (7457) (1D21)   ;(01110100100111) (16447) (7463) (1D27)   ;(01110100101100) (16454) (7468) (1D2C)   ;(01110100110001) (16461) (7473) (1D31)   ;(01110100110110) (16466) (7478) (1D36)   ;(01110100111011) (16473) (7483) (1D3B)   ;
;752;(01110101000000) (16500) (7488) (1D40)    ;(01110101000101) (16505) (7493) (1D45)   ;(01110101001010) (16512) (7498) (1D4A)   ;(01110101001111) (16517) (7503) (1D4F)   ;(01110101010101) (16525) (7509) (1D55)   ;(01110101011010) (16532) (7514) (1D5A)   ;(01110101011111) (16537) (7519) (1D5F)   ;(01110101100100) (16544) (7524) (1D64)   ;
;760;(01110101101000) (16550) (7528) (1D68)    ;(01110101101101) (16555) (7533) (1D6D)   ;(01110101110010) (16562) (7538) (1D72)   ;(01110101110111) (16567) (7543) (1D77)   ;(01110101111100) (16574) (7548) (1D7C)   ;(01110110000001) (16601) (7553) (1D81)   ;(01110110000110) (16606) (7558) (1D86)   ;(01110110001011) (16613) (7563) (1D8B)   ;
;768;(01110110001111) (16617) (7567) (1D8F)    ;(01110110010100) (16624) (7572) (1D94)   ;(01110110011001) (16631) (7577) (1D99)   ;(01110110011110) (16636) (7582) (1D9E)   ;(01110110100011) (16643) (7587) (1DA3)   ;(01110110100111) (16647) (7591) (1DA7)   ;(01110110101100) (16654) (7596) (1DAC)   ;(01110110110001) (16661) (7601) (1DB1)   ;
;776;(01110110110101) (16665) (7605) (1DB5)    ;(01110110111010) (16672) (7610) (1DBA)   ;(01110110111111) (16677) (7615) (1DBF)   ;(01110111000011) (16703) (7619) (1DC3)   ;(01110111001000) (16710) (7624) (1DC8)   ;(01110111001100) (16714) (7628) (1DCC)   ;(01110111010001) (16721) (7633) (1DD1)   ;(01110111010110) (16726) (7638) (1DD6)   ;
;784;(01110111011010) (16732) (7642) (1DDA)    ;(01110111011111) (16737) (7647) (1DDF)   ;(01110111100011) (16743) (7651) (1DE3)   ;(01110111101000) (16750) (7656) (1DE8)   ;(01110111101100) (16754) (7660) (1DEC)   ;(01110111110001) (16761) (7665) (1DF1)   ;(01110111110101) (16765) (7669) (1DF5)   ;(01110111111001) (16771) (7673) (1DF9)   ;
;792;(01110111111110) (16776) (7678) (1DFE)    ;(01111000000010) (17002) (7682) (1E02)   ;(01111000000110) (17006) (7686) (1E06)   ;(01111000001011) (17013) (7691) (1E0B)   ;(01111000001111) (17017) (7695) (1E0F)   ;(01111000010011) (17023) (7699) (1E13)   ;(01111000011000) (17030) (7704) (1E18)   ;(01111000011100) (17034) (7708) (1E1C)   ;
;800;(01111000100000) (17040) (7712) (1E20)    ;(01111000100100) (17044) (7716) (1E24)   ;(01111000101001) (17051) (7721) (1E29)   ;(01111000101101) (17055) (7725) (1E2D)   ;(01111000110001) (17061) (7729) (1E31)   ;(01111000110101) (17065) (7733) (1E35)   ;(01111000111001) (17071) (7737) (1E39)   ;(01111000111101) (17075) (7741) (1E3D)   ;
;808;(01111001000001) (17101) (7745) (1E41)    ;(01111001000110) (17106) (7750) (1E46)   ;(01111001001010) (17112) (7754) (1E4A)   ;(01111001001110) (17116) (7758) (1E4E)   ;(01111001010010) (17122) (7762) (1E52)   ;(01111001010110) (17126) (7766) (1E56)   ;(01111001011010) (17132) (7770) (1E5A)   ;(01111001011110) (17136) (7774) (1E5E)   ;
;816;(01111001100010) (17142) (7778) (1E62)    ;(01111001100110) (17146) (7782) (1E66)   ;(01111001101001) (17151) (7785) (1E69)   ;(01111001101101) (17155) (7789) (1E6D)   ;(01111001110001) (17161) (7793) (1E71)   ;(01111001110101) (17165) (7797) (1E75)   ;(01111001111001) (17171) (7801) (1E79)   ;(01111001111101) (17175) (7805) (1E7D)   ;
;824;(01111010000001) (17201) (7809) (1E81)    ;(01111010000100) (17204) (7812) (1E84)   ;(01111010001000) (17210) (7816) (1E88)   ;(01111010001100) (17214) (7820) (1E8C)   ;(01111010010000) (17220) (7824) (1E90)   ;(01111010010011) (17223) (7827) (1E93)   ;(01111010010111) (17227) (7831) (1E97)   ;(01111010011011) (17233) (7835) (1E9B)   ;
;832;(01111010011110) (17236) (7838) (1E9E)    ;(01111010100010) (17242) (7842) (1EA2)   ;(01111010100110) (17246) (7846) (1EA6)   ;(01111010101001) (17251) (7849) (1EA9)   ;(01111010101101) (17255) (7853) (1EAD)   ;(01111010110000) (17260) (7856) (1EB0)   ;(01111010110100) (17264) (7860) (1EB4)   ;(01111010110111) (17267) (7863) (1EB7)   ;
;840;(01111010111011) (17273) (7867) (1EBB)    ;(01111010111110) (17276) (7870) (1EBE)   ;(01111011000010) (17302) (7874) (1EC2)   ;(01111011000101) (17305) (7877) (1EC5)   ;(01111011001001) (17311) (7881) (1EC9)   ;(01111011001100) (17314) (7884) (1ECC)   ;(01111011010000) (17320) (7888) (1ED0)   ;(01111011010011) (17323) (7891) (1ED3)   ;
;848;(01111011010110) (17326) (7894) (1ED6)    ;(01111011011010) (17332) (7898) (1EDA)   ;(01111011011101) (17335) (7901) (1EDD)   ;(01111011100000) (17340) (7904) (1EE0)   ;(01111011100100) (17344) (7908) (1EE4)   ;(01111011100111) (17347) (7911) (1EE7)   ;(01111011101010) (17352) (7914) (1EEA)   ;(01111011101101) (17355) (7917) (1EED)   ;
;856;(01111011110001) (17361) (7921) (1EF1)    ;(01111011110100) (17364) (7924) (1EF4)   ;(01111011110111) (17367) (7927) (1EF7)   ;(01111011111010) (17372) (7930) (1EFA)   ;(01111011111101) (17375) (7933) (1EFD)   ;(01111100000000) (17400) (7936) (1F00)   ;(01111100000011) (17403) (7939) (1F03)   ;(01111100000110) (17406) (7942) (1F06)   ;
;864;(01111100001010) (17412) (7946) (1F0A)    ;(01111100001101) (17415) (7949) (1F0D)   ;(01111100010000) (17420) (7952) (1F10)   ;(01111100010011) (17423) (7955) (1F13)   ;(01111100010110) (17426) (7958) (1F16)   ;(01111100011001) (17431) (7961) (1F19)   ;(01111100011100) (17434) (7964) (1F1C)   ;(01111100011110) (17436) (7966) (1F1E)   ;
;872;(01111100100001) (17441) (7969) (1F21)    ;(01111100100100) (17444) (7972) (1F24)   ;(01111100100111) (17447) (7975) (1F27)   ;(01111100101010) (17452) (7978) (1F2A)   ;(01111100101101) (17455) (7981) (1F2D)   ;(01111100110000) (17460) (7984) (1F30)   ;(01111100110010) (17462) (7986) (1F32)   ;(01111100110101) (17465) (7989) (1F35)   ;
;880;(01111100111000) (17470) (7992) (1F38)    ;(01111100111011) (17473) (7995) (1F3B)   ;(01111100111101) (17475) (7997) (1F3D)   ;(01111101000000) (17500) (8000) (1F40)   ;(01111101000011) (17503) (8003) (1F43)   ;(01111101000110) (17506) (8006) (1F46)   ;(01111101001000) (17510) (8008) (1F48)   ;(01111101001011) (17513) (8011) (1F4B)   ;
;888;(01111101001101) (17515) (8013) (1F4D)    ;(01111101010000) (17520) (8016) (1F50)   ;(01111101010011) (17523) (8019) (1F53)   ;(01111101010101) (17525) (8021) (1F55)   ;(01111101011000) (17530) (8024) (1F58)   ;(01111101011010) (17532) (8026) (1F5A)   ;(01111101011101) (17535) (8029) (1F5D)   ;(01111101011111) (17537) (8031) (1F5F)   ;
;896;(01111101100010) (17542) (8034) (1F62)    ;(01111101100100) (17544) (8036) (1F64)   ;(01111101100110) (17546) (8038) (1F66)   ;(01111101101001) (17551) (8041) (1F69)   ;(01111101101011) (17553) (8043) (1F6B)   ;(01111101101110) (17556) (8046) (1F6E)   ;(01111101110000) (17560) (8048) (1F70)   ;(01111101110010) (17562) (8050) (1F72)   ;
;904;(01111101110101) (17565) (8053) (1F75)    ;(01111101110111) (17567) (8055) (1F77)   ;(01111101111001) (17571) (8057) (1F79)   ;(01111101111011) (17573) (8059) (1F7B)   ;(01111101111110) (17576) (8062) (1F7E)   ;(01111110000000) (17600) (8064) (1F80)   ;(01111110000010) (17602) (8066) (1F82)   ;(01111110000100) (17604) (8068) (1F84)   ;
;912;(01111110000110) (17606) (8070) (1F86)    ;(01111110001001) (17611) (8073) (1F89)   ;(01111110001011) (17613) (8075) (1F8B)   ;(01111110001101) (17615) (8077) (1F8D)   ;(01111110001111) (17617) (8079) (1F8F)   ;(01111110010001) (17621) (8081) (1F91)   ;(01111110010011) (17623) (8083) (1F93)   ;(01111110010101) (17625) (8085) (1F95)   ;
;920;(01111110010111) (17627) (8087) (1F97)    ;(01111110011001) (17631) (8089) (1F99)   ;(01111110011011) (17633) (8091) (1F9B)   ;(01111110011101) (17635) (8093) (1F9D)   ;(01111110011111) (17637) (8095) (1F9F)   ;(01111110100001) (17641) (8097) (1FA1)   ;(01111110100011) (17643) (8099) (1FA3)   ;(01111110100100) (17644) (8100) (1FA4)   ;
;928;(01111110100110) (17646) (8102) (1FA6)    ;(01111110101000) (17650) (8104) (1FA8)   ;(01111110101010) (17652) (8106) (1FAA)   ;(01111110101100) (17654) (8108) (1FAC)   ;(01111110101110) (17656) (8110) (1FAE)   ;(01111110101111) (17657) (8111) (1FAF)   ;(01111110110001) (17661) (8113) (1FB1)   ;(01111110110011) (17663) (8115) (1FB3)   ;
;936;(01111110110100) (17664) (8116) (1FB4)    ;(01111110110110) (17666) (8118) (1FB6)   ;(01111110111000) (17670) (8120) (1FB8)   ;(01111110111001) (17671) (8121) (1FB9)   ;(01111110111011) (17673) (8123) (1FBB)   ;(01111110111101) (17675) (8125) (1FBD)   ;(01111110111110) (17676) (8126) (1FBE)   ;(01111111000000) (17700) (8128) (1FC0)   ;
;944;(01111111000001) (17701) (8129) (1FC1)    ;(01111111000011) (17703) (8131) (1FC3)   ;(01111111000100) (17704) (8132) (1FC4)   ;(01111111000110) (17706) (8134) (1FC6)   ;(01111111000111) (17707) (8135) (1FC7)   ;(01111111001001) (17711) (8137) (1FC9)   ;(01111111001010) (17712) (8138) (1FCA)   ;(01111111001100) (17714) (8140) (1FCC)   ;
;952;(01111111001101) (17715) (8141) (1FCD)    ;(01111111001110) (17716) (8142) (1FCE)   ;(01111111010000) (17720) (8144) (1FD0)   ;(01111111010001) (17721) (8145) (1FD1)   ;(01111111010010) (17722) (8146) (1FD2)   ;(01111111010100) (17724) (8148) (1FD4)   ;(01111111010101) (17725) (8149) (1FD5)   ;(01111111010110) (17726) (8150) (1FD6)   ;
;960;(01111111011000) (17730) (8152) (1FD8)    ;(01111111011001) (17731) (8153) (1FD9)   ;(01111111011010) (17732) (8154) (1FDA)   ;(01111111011011) (17733) (8155) (1FDB)   ;(01111111011100) (17734) (8156) (1FDC)   ;(01111111011101) (17735) (8157) (1FDD)   ;(01111111011111) (17737) (8159) (1FDF)   ;(01111111100000) (17740) (8160) (1FE0)   ;
;968;(01111111100001) (17741) (8161) (1FE1)    ;(01111111100010) (17742) (8162) (1FE2)   ;(01111111100011) (17743) (8163) (1FE3)   ;(01111111100100) (17744) (8164) (1FE4)   ;(01111111100101) (17745) (8165) (1FE5)   ;(01111111100110) (17746) (8166) (1FE6)   ;(01111111100111) (17747) (8167) (1FE7)   ;(01111111101000) (17750) (8168) (1FE8)   ;
;976;(01111111101001) (17751) (8169) (1FE9)    ;(01111111101010) (17752) (8170) (1FEA)   ;(01111111101011) (17753) (8171) (1FEB)   ;(01111111101011) (17753) (8171) (1FEB)   ;(01111111101100) (17754) (8172) (1FEC)   ;(01111111101101) (17755) (8173) (1FED)   ;(01111111101110) (17756) (8174) (1FEE)   ;(01111111101111) (17757) (8175) (1FEF)   ;
;984;(01111111110000) (17760) (8176) (1FF0)    ;(01111111110000) (17760) (8176) (1FF0)   ;(01111111110001) (17761) (8177) (1FF1)   ;(01111111110010) (17762) (8178) (1FF2)   ;(01111111110011) (17763) (8179) (1FF3)   ;(01111111110011) (17763) (8179) (1FF3)   ;(01111111110100) (17764) (8180) (1FF4)   ;(01111111110101) (17765) (8181) (1FF5)   ;
;992;(01111111110101) (17765) (8181) (1FF5)    ;(01111111110110) (17766) (8182) (1FF6)   ;(01111111110110) (17766) (8182) (1FF6)   ;(01111111110111) (17767) (8183) (1FF7)   ;(01111111110111) (17767) (8183) (1FF7)   ;(01111111111000) (17770) (8184) (1FF8)   ;(01111111111000) (17770) (8184) (1FF8)   ;(01111111111001) (17771) (8185) (1FF9)   ;
;1000;(01111111111001) (17771) (8185) (1FF9)    ;(01111111111010) (17772) (8186) (1FFA)   ;(01111111111010) (17772) (8186) (1FFA)   ;(01111111111011) (17773) (8187) (1FFB)   ;(01111111111011) (17773) (8187) (1FFB)   ;(01111111111100) (17774) (8188) (1FFC)   ;(01111111111100) (17774) (8188) (1FFC)   ;(01111111111100) (17774) (8188) (1FFC)   ;
;1008;(01111111111101) (17775) (8189) (1FFD)    ;(01111111111101) (17775) (8189) (1FFD)   ;(01111111111101) (17775) (8189) (1FFD)   ;(01111111111101) (17775) (8189) (1FFD)   ;(01111111111110) (17776) (8190) (1FFE)   ;(01111111111110) (17776) (8190) (1FFE)   ;(01111111111110) (17776) (8190) (1FFE)   ;(01111111111110) (17776) (8190) (1FFE)   ;
;1016;(01111111111110) (17776) (8190) (1FFE)    ;(01111111111111) (17777) (8191) (1FFF)   ;(01111111111111) (17777) (8191) (1FFF)   ;(01111111111111) (17777) (8191) (1FFF)   ;(01111111111111) (17777) (8191) (1FFF)   ;(01111111111111) (17777) (8191) (1FFF)   ;(01111111111111) (17777) (8191) (1FFF)   ;(01111111111111) (17777) (8191) (1FFF)   ;


RAM content values are presented in the following format: (Binary) (Octal) (Decimal) (Hexadecimal) 
+------------------------------------------------------------------------------------------------------------------------------------------------------------------------------------------------------------------------------------------------------------------+
; |HF_SDR|multi_band_modulator:u_band_mod|sine_rom:rom_inst_iB|altsyncram:altsyncram_component|altsyncram_4jc1:auto_generated|ALTSYNCRAM                                                                                                                           ;
+------------------------------------------------------------------------------------------------------------------------------------------------------------------------------------------------------------------------------------------------------------------+
;   Addr   ;              +0              ;              +1              ;              +2              ;              +3              ;              +4              ;              +5              ;              +6              ;              +7              ;
+----------+------------------------------+------------------------------+------------------------------+------------------------------+------------------------------+------------------------------+------------------------------+------------------------------+
;0;(00000000000000) (0) (0) (00)    ;(00000000001101) (15) (13) (0D)   ;(00000000011001) (31) (25) (19)   ;(00000000100110) (46) (38) (26)   ;(00000000110010) (62) (50) (32)   ;(00000000111111) (77) (63) (3F)   ;(00000001001011) (113) (75) (4B)   ;(00000001011000) (130) (88) (58)   ;
;8;(00000001100101) (145) (101) (65)    ;(00000001110001) (161) (113) (71)   ;(00000001111110) (176) (126) (7E)   ;(00000010001010) (212) (138) (8A)   ;(00000010010111) (227) (151) (97)   ;(00000010100011) (243) (163) (A3)   ;(00000010110000) (260) (176) (B0)   ;(00000010111100) (274) (188) (BC)   ;
;16;(00000011001001) (311) (201) (C9)    ;(00000011010110) (326) (214) (D6)   ;(00000011100010) (342) (226) (E2)   ;(00000011101111) (357) (239) (EF)   ;(00000011111011) (373) (251) (FB)   ;(00000100001000) (410) (264) (108)   ;(00000100010100) (424) (276) (114)   ;(00000100100001) (441) (289) (121)   ;
;24;(00000100101101) (455) (301) (12D)    ;(00000100111010) (472) (314) (13A)   ;(00000101000111) (507) (327) (147)   ;(00000101010011) (523) (339) (153)   ;(00000101100000) (540) (352) (160)   ;(00000101101100) (554) (364) (16C)   ;(00000101111001) (571) (377) (179)   ;(00000110000101) (605) (389) (185)   ;
;32;(00000110010010) (622) (402) (192)    ;(00000110011110) (636) (414) (19E)   ;(00000110101011) (653) (427) (1AB)   ;(00000110111000) (670) (440) (1B8)   ;(00000111000100) (704) (452) (1C4)   ;(00000111010001) (721) (465) (1D1)   ;(00000111011101) (735) (477) (1DD)   ;(00000111101010) (752) (490) (1EA)   ;
;40;(00000111110110) (766) (502) (1F6)    ;(00001000000011) (1003) (515) (203)   ;(00001000001111) (1017) (527) (20F)   ;(00001000011100) (1034) (540) (21C)   ;(00001000101000) (1050) (552) (228)   ;(00001000110101) (1065) (565) (235)   ;(00001001000010) (1102) (578) (242)   ;(00001001001110) (1116) (590) (24E)   ;
;48;(00001001011011) (1133) (603) (25B)    ;(00001001100111) (1147) (615) (267)   ;(00001001110100) (1164) (628) (274)   ;(00001010000000) (1200) (640) (280)   ;(00001010001101) (1215) (653) (28D)   ;(00001010011001) (1231) (665) (299)   ;(00001010100110) (1246) (678) (2A6)   ;(00001010110010) (1262) (690) (2B2)   ;
;56;(00001010111111) (1277) (703) (2BF)    ;(00001011001011) (1313) (715) (2CB)   ;(00001011011000) (1330) (728) (2D8)   ;(00001011100100) (1344) (740) (2E4)   ;(00001011110001) (1361) (753) (2F1)   ;(00001011111101) (1375) (765) (2FD)   ;(00001100001010) (1412) (778) (30A)   ;(00001100010110) (1426) (790) (316)   ;
;64;(00001100100011) (1443) (803) (323)    ;(00001100101111) (1457) (815) (32F)   ;(00001100111100) (1474) (828) (33C)   ;(00001101001000) (1510) (840) (348)   ;(00001101010101) (1525) (853) (355)   ;(00001101100001) (1541) (865) (361)   ;(00001101101110) (1556) (878) (36E)   ;(00001101111010) (1572) (890) (37A)   ;
;72;(00001110000111) (1607) (903) (387)    ;(00001110010011) (1623) (915) (393)   ;(00001110100000) (1640) (928) (3A0)   ;(00001110101100) (1654) (940) (3AC)   ;(00001110111001) (1671) (953) (3B9)   ;(00001111000101) (1705) (965) (3C5)   ;(00001111010010) (1722) (978) (3D2)   ;(00001111011110) (1736) (990) (3DE)   ;
;80;(00001111101011) (1753) (1003) (3EB)    ;(00001111110111) (1767) (1015) (3F7)   ;(00010000000100) (2004) (1028) (404)   ;(00010000010000) (2020) (1040) (410)   ;(00010000011101) (2035) (1053) (41D)   ;(00010000101001) (2051) (1065) (429)   ;(00010000110101) (2065) (1077) (435)   ;(00010001000010) (2102) (1090) (442)   ;
;88;(00010001001110) (2116) (1102) (44E)    ;(00010001011011) (2133) (1115) (45B)   ;(00010001100111) (2147) (1127) (467)   ;(00010001110100) (2164) (1140) (474)   ;(00010010000000) (2200) (1152) (480)   ;(00010010001101) (2215) (1165) (48D)   ;(00010010011001) (2231) (1177) (499)   ;(00010010100101) (2245) (1189) (4A5)   ;
;96;(00010010110010) (2262) (1202) (4B2)    ;(00010010111110) (2276) (1214) (4BE)   ;(00010011001011) (2313) (1227) (4CB)   ;(00010011010111) (2327) (1239) (4D7)   ;(00010011100100) (2344) (1252) (4E4)   ;(00010011110000) (2360) (1264) (4F0)   ;(00010011111100) (2374) (1276) (4FC)   ;(00010100001001) (2411) (1289) (509)   ;
;104;(00010100010101) (2425) (1301) (515)    ;(00010100100010) (2442) (1314) (522)   ;(00010100101110) (2456) (1326) (52E)   ;(00010100111010) (2472) (1338) (53A)   ;(00010101000111) (2507) (1351) (547)   ;(00010101010011) (2523) (1363) (553)   ;(00010101100000) (2540) (1376) (560)   ;(00010101101100) (2554) (1388) (56C)   ;
;112;(00010101111000) (2570) (1400) (578)    ;(00010110000101) (2605) (1413) (585)   ;(00010110010001) (2621) (1425) (591)   ;(00010110011101) (2635) (1437) (59D)   ;(00010110101010) (2652) (1450) (5AA)   ;(00010110110110) (2666) (1462) (5B6)   ;(00010111000011) (2703) (1475) (5C3)   ;(00010111001111) (2717) (1487) (5CF)   ;
;120;(00010111011011) (2733) (1499) (5DB)    ;(00010111101000) (2750) (1512) (5E8)   ;(00010111110100) (2764) (1524) (5F4)   ;(00011000000000) (3000) (1536) (600)   ;(00011000001101) (3015) (1549) (60D)   ;(00011000011001) (3031) (1561) (619)   ;(00011000100101) (3045) (1573) (625)   ;(00011000110010) (3062) (1586) (632)   ;
;128;(00011000111110) (3076) (1598) (63E)    ;(00011001001010) (3112) (1610) (64A)   ;(00011001010111) (3127) (1623) (657)   ;(00011001100011) (3143) (1635) (663)   ;(00011001101111) (3157) (1647) (66F)   ;(00011001111100) (3174) (1660) (67C)   ;(00011010001000) (3210) (1672) (688)   ;(00011010010100) (3224) (1684) (694)   ;
;136;(00011010100000) (3240) (1696) (6A0)    ;(00011010101101) (3255) (1709) (6AD)   ;(00011010111001) (3271) (1721) (6B9)   ;(00011011000101) (3305) (1733) (6C5)   ;(00011011010010) (3322) (1746) (6D2)   ;(00011011011110) (3336) (1758) (6DE)   ;(00011011101010) (3352) (1770) (6EA)   ;(00011011110110) (3366) (1782) (6F6)   ;
;144;(00011100000011) (3403) (1795) (703)    ;(00011100001111) (3417) (1807) (70F)   ;(00011100011011) (3433) (1819) (71B)   ;(00011100100111) (3447) (1831) (727)   ;(00011100110100) (3464) (1844) (734)   ;(00011101000000) (3500) (1856) (740)   ;(00011101001100) (3514) (1868) (74C)   ;(00011101011000) (3530) (1880) (758)   ;
;152;(00011101100101) (3545) (1893) (765)    ;(00011101110001) (3561) (1905) (771)   ;(00011101111101) (3575) (1917) (77D)   ;(00011110001001) (3611) (1929) (789)   ;(00011110010101) (3625) (1941) (795)   ;(00011110100010) (3642) (1954) (7A2)   ;(00011110101110) (3656) (1966) (7AE)   ;(00011110111010) (3672) (1978) (7BA)   ;
;160;(00011111000110) (3706) (1990) (7C6)    ;(00011111010010) (3722) (2002) (7D2)   ;(00011111011111) (3737) (2015) (7DF)   ;(00011111101011) (3753) (2027) (7EB)   ;(00011111110111) (3767) (2039) (7F7)   ;(00100000000011) (4003) (2051) (803)   ;(00100000001111) (4017) (2063) (80F)   ;(00100000011011) (4033) (2075) (81B)   ;
;168;(00100000101000) (4050) (2088) (828)    ;(00100000110100) (4064) (2100) (834)   ;(00100001000000) (4100) (2112) (840)   ;(00100001001100) (4114) (2124) (84C)   ;(00100001011000) (4130) (2136) (858)   ;(00100001100100) (4144) (2148) (864)   ;(00100001110000) (4160) (2160) (870)   ;(00100001111101) (4175) (2173) (87D)   ;
;176;(00100010001001) (4211) (2185) (889)    ;(00100010010101) (4225) (2197) (895)   ;(00100010100001) (4241) (2209) (8A1)   ;(00100010101101) (4255) (2221) (8AD)   ;(00100010111001) (4271) (2233) (8B9)   ;(00100011000101) (4305) (2245) (8C5)   ;(00100011010001) (4321) (2257) (8D1)   ;(00100011011101) (4335) (2269) (8DD)   ;
;184;(00100011101001) (4351) (2281) (8E9)    ;(00100011110101) (4365) (2293) (8F5)   ;(00100100000001) (4401) (2305) (901)   ;(00100100001110) (4416) (2318) (90E)   ;(00100100011010) (4432) (2330) (91A)   ;(00100100100110) (4446) (2342) (926)   ;(00100100110010) (4462) (2354) (932)   ;(00100100111110) (4476) (2366) (93E)   ;
;192;(00100101001010) (4512) (2378) (94A)    ;(00100101010110) (4526) (2390) (956)   ;(00100101100010) (4542) (2402) (962)   ;(00100101101110) (4556) (2414) (96E)   ;(00100101111010) (4572) (2426) (97A)   ;(00100110000110) (4606) (2438) (986)   ;(00100110010010) (4622) (2450) (992)   ;(00100110011110) (4636) (2462) (99E)   ;
;200;(00100110101010) (4652) (2474) (9AA)    ;(00100110110110) (4666) (2486) (9B6)   ;(00100111000010) (4702) (2498) (9C2)   ;(00100111001110) (4716) (2510) (9CE)   ;(00100111011010) (4732) (2522) (9DA)   ;(00100111100110) (4746) (2534) (9E6)   ;(00100111110001) (4761) (2545) (9F1)   ;(00100111111101) (4775) (2557) (9FD)   ;
;208;(00101000001001) (5011) (2569) (A09)    ;(00101000010101) (5025) (2581) (A15)   ;(00101000100001) (5041) (2593) (A21)   ;(00101000101101) (5055) (2605) (A2D)   ;(00101000111001) (5071) (2617) (A39)   ;(00101001000101) (5105) (2629) (A45)   ;(00101001010001) (5121) (2641) (A51)   ;(00101001011101) (5135) (2653) (A5D)   ;
;216;(00101001101001) (5151) (2665) (A69)    ;(00101001110100) (5164) (2676) (A74)   ;(00101010000000) (5200) (2688) (A80)   ;(00101010001100) (5214) (2700) (A8C)   ;(00101010011000) (5230) (2712) (A98)   ;(00101010100100) (5244) (2724) (AA4)   ;(00101010110000) (5260) (2736) (AB0)   ;(00101010111100) (5274) (2748) (ABC)   ;
;224;(00101011000111) (5307) (2759) (AC7)    ;(00101011010011) (5323) (2771) (AD3)   ;(00101011011111) (5337) (2783) (ADF)   ;(00101011101011) (5353) (2795) (AEB)   ;(00101011110111) (5367) (2807) (AF7)   ;(00101100000011) (5403) (2819) (B03)   ;(00101100001110) (5416) (2830) (B0E)   ;(00101100011010) (5432) (2842) (B1A)   ;
;232;(00101100100110) (5446) (2854) (B26)    ;(00101100110010) (5462) (2866) (B32)   ;(00101100111101) (5475) (2877) (B3D)   ;(00101101001001) (5511) (2889) (B49)   ;(00101101010101) (5525) (2901) (B55)   ;(00101101100001) (5541) (2913) (B61)   ;(00101101101100) (5554) (2924) (B6C)   ;(00101101111000) (5570) (2936) (B78)   ;
;240;(00101110000100) (5604) (2948) (B84)    ;(00101110010000) (5620) (2960) (B90)   ;(00101110011011) (5633) (2971) (B9B)   ;(00101110100111) (5647) (2983) (BA7)   ;(00101110110011) (5663) (2995) (BB3)   ;(00101110111110) (5676) (3006) (BBE)   ;(00101111001010) (5712) (3018) (BCA)   ;(00101111010110) (5726) (3030) (BD6)   ;
;248;(00101111100001) (5741) (3041) (BE1)    ;(00101111101101) (5755) (3053) (BED)   ;(00101111111001) (5771) (3065) (BF9)   ;(00110000000100) (6004) (3076) (C04)   ;(00110000010000) (6020) (3088) (C10)   ;(00110000011100) (6034) (3100) (C1C)   ;(00110000100111) (6047) (3111) (C27)   ;(00110000110011) (6063) (3123) (C33)   ;
;256;(00110000111111) (6077) (3135) (C3F)    ;(00110001001010) (6112) (3146) (C4A)   ;(00110001010110) (6126) (3158) (C56)   ;(00110001100001) (6141) (3169) (C61)   ;(00110001101101) (6155) (3181) (C6D)   ;(00110001111001) (6171) (3193) (C79)   ;(00110010000100) (6204) (3204) (C84)   ;(00110010010000) (6220) (3216) (C90)   ;
;264;(00110010011011) (6233) (3227) (C9B)    ;(00110010100111) (6247) (3239) (CA7)   ;(00110010110010) (6262) (3250) (CB2)   ;(00110010111110) (6276) (3262) (CBE)   ;(00110011001001) (6311) (3273) (CC9)   ;(00110011010101) (6325) (3285) (CD5)   ;(00110011100000) (6340) (3296) (CE0)   ;(00110011101100) (6354) (3308) (CEC)   ;
;272;(00110011110111) (6367) (3319) (CF7)    ;(00110100000011) (6403) (3331) (D03)   ;(00110100001110) (6416) (3342) (D0E)   ;(00110100011010) (6432) (3354) (D1A)   ;(00110100100101) (6445) (3365) (D25)   ;(00110100110001) (6461) (3377) (D31)   ;(00110100111100) (6474) (3388) (D3C)   ;(00110101001000) (6510) (3400) (D48)   ;
;280;(00110101010011) (6523) (3411) (D53)    ;(00110101011110) (6536) (3422) (D5E)   ;(00110101101010) (6552) (3434) (D6A)   ;(00110101110101) (6565) (3445) (D75)   ;(00110110000001) (6601) (3457) (D81)   ;(00110110001100) (6614) (3468) (D8C)   ;(00110110010111) (6627) (3479) (D97)   ;(00110110100011) (6643) (3491) (DA3)   ;
;288;(00110110101110) (6656) (3502) (DAE)    ;(00110110111001) (6671) (3513) (DB9)   ;(00110111000101) (6705) (3525) (DC5)   ;(00110111010000) (6720) (3536) (DD0)   ;(00110111011011) (6733) (3547) (DDB)   ;(00110111100111) (6747) (3559) (DE7)   ;(00110111110010) (6762) (3570) (DF2)   ;(00110111111101) (6775) (3581) (DFD)   ;
;296;(00111000001001) (7011) (3593) (E09)    ;(00111000010100) (7024) (3604) (E14)   ;(00111000011111) (7037) (3615) (E1F)   ;(00111000101011) (7053) (3627) (E2B)   ;(00111000110110) (7066) (3638) (E36)   ;(00111001000001) (7101) (3649) (E41)   ;(00111001001100) (7114) (3660) (E4C)   ;(00111001011000) (7130) (3672) (E58)   ;
;304;(00111001100011) (7143) (3683) (E63)    ;(00111001101110) (7156) (3694) (E6E)   ;(00111001111001) (7171) (3705) (E79)   ;(00111010000100) (7204) (3716) (E84)   ;(00111010010000) (7220) (3728) (E90)   ;(00111010011011) (7233) (3739) (E9B)   ;(00111010100110) (7246) (3750) (EA6)   ;(00111010110001) (7261) (3761) (EB1)   ;
;312;(00111010111100) (7274) (3772) (EBC)    ;(00111011000111) (7307) (3783) (EC7)   ;(00111011010011) (7323) (3795) (ED3)   ;(00111011011110) (7336) (3806) (EDE)   ;(00111011101001) (7351) (3817) (EE9)   ;(00111011110100) (7364) (3828) (EF4)   ;(00111011111111) (7377) (3839) (EFF)   ;(00111100001010) (7412) (3850) (F0A)   ;
;320;(00111100010101) (7425) (3861) (F15)    ;(00111100100000) (7440) (3872) (F20)   ;(00111100101011) (7453) (3883) (F2B)   ;(00111100110110) (7466) (3894) (F36)   ;(00111101000001) (7501) (3905) (F41)   ;(00111101001101) (7515) (3917) (F4D)   ;(00111101011000) (7530) (3928) (F58)   ;(00111101100011) (7543) (3939) (F63)   ;
;328;(00111101101110) (7556) (3950) (F6E)    ;(00111101111001) (7571) (3961) (F79)   ;(00111110000100) (7604) (3972) (F84)   ;(00111110001111) (7617) (3983) (F8F)   ;(00111110011010) (7632) (3994) (F9A)   ;(00111110100100) (7644) (4004) (FA4)   ;(00111110101111) (7657) (4015) (FAF)   ;(00111110111010) (7672) (4026) (FBA)   ;
;336;(00111111000101) (7705) (4037) (FC5)    ;(00111111010000) (7720) (4048) (FD0)   ;(00111111011011) (7733) (4059) (FDB)   ;(00111111100110) (7746) (4070) (FE6)   ;(00111111110001) (7761) (4081) (FF1)   ;(00111111111100) (7774) (4092) (FFC)   ;(01000000000111) (10007) (4103) (1007)   ;(01000000010010) (10022) (4114) (1012)   ;
;344;(01000000011100) (10034) (4124) (101C)    ;(01000000100111) (10047) (4135) (1027)   ;(01000000110010) (10062) (4146) (1032)   ;(01000000111101) (10075) (4157) (103D)   ;(01000001001000) (10110) (4168) (1048)   ;(01000001010011) (10123) (4179) (1053)   ;(01000001011101) (10135) (4189) (105D)   ;(01000001101000) (10150) (4200) (1068)   ;
;352;(01000001110011) (10163) (4211) (1073)    ;(01000001111110) (10176) (4222) (107E)   ;(01000010001001) (10211) (4233) (1089)   ;(01000010010011) (10223) (4243) (1093)   ;(01000010011110) (10236) (4254) (109E)   ;(01000010101001) (10251) (4265) (10A9)   ;(01000010110011) (10263) (4275) (10B3)   ;(01000010111110) (10276) (4286) (10BE)   ;
;360;(01000011001001) (10311) (4297) (10C9)    ;(01000011010100) (10324) (4308) (10D4)   ;(01000011011110) (10336) (4318) (10DE)   ;(01000011101001) (10351) (4329) (10E9)   ;(01000011110100) (10364) (4340) (10F4)   ;(01000011111110) (10376) (4350) (10FE)   ;(01000100001001) (10411) (4361) (1109)   ;(01000100010100) (10424) (4372) (1114)   ;
;368;(01000100011110) (10436) (4382) (111E)    ;(01000100101001) (10451) (4393) (1129)   ;(01000100110011) (10463) (4403) (1133)   ;(01000100111110) (10476) (4414) (113E)   ;(01000101001001) (10511) (4425) (1149)   ;(01000101010011) (10523) (4435) (1153)   ;(01000101011110) (10536) (4446) (115E)   ;(01000101101000) (10550) (4456) (1168)   ;
;376;(01000101110011) (10563) (4467) (1173)    ;(01000101111101) (10575) (4477) (117D)   ;(01000110001000) (10610) (4488) (1188)   ;(01000110010010) (10622) (4498) (1192)   ;(01000110011101) (10635) (4509) (119D)   ;(01000110100111) (10647) (4519) (11A7)   ;(01000110110010) (10662) (4530) (11B2)   ;(01000110111100) (10674) (4540) (11BC)   ;
;384;(01000111000111) (10707) (4551) (11C7)    ;(01000111010001) (10721) (4561) (11D1)   ;(01000111011100) (10734) (4572) (11DC)   ;(01000111100110) (10746) (4582) (11E6)   ;(01000111110000) (10760) (4592) (11F0)   ;(01000111111011) (10773) (4603) (11FB)   ;(01001000000101) (11005) (4613) (1205)   ;(01001000010000) (11020) (4624) (1210)   ;
;392;(01001000011010) (11032) (4634) (121A)    ;(01001000100100) (11044) (4644) (1224)   ;(01001000101111) (11057) (4655) (122F)   ;(01001000111001) (11071) (4665) (1239)   ;(01001001000011) (11103) (4675) (1243)   ;(01001001001110) (11116) (4686) (124E)   ;(01001001011000) (11130) (4696) (1258)   ;(01001001100010) (11142) (4706) (1262)   ;
;400;(01001001101100) (11154) (4716) (126C)    ;(01001001110111) (11167) (4727) (1277)   ;(01001010000001) (11201) (4737) (1281)   ;(01001010001011) (11213) (4747) (128B)   ;(01001010010101) (11225) (4757) (1295)   ;(01001010100000) (11240) (4768) (12A0)   ;(01001010101010) (11252) (4778) (12AA)   ;(01001010110100) (11264) (4788) (12B4)   ;
;408;(01001010111110) (11276) (4798) (12BE)    ;(01001011001000) (11310) (4808) (12C8)   ;(01001011010011) (11323) (4819) (12D3)   ;(01001011011101) (11335) (4829) (12DD)   ;(01001011100111) (11347) (4839) (12E7)   ;(01001011110001) (11361) (4849) (12F1)   ;(01001011111011) (11373) (4859) (12FB)   ;(01001100000101) (11405) (4869) (1305)   ;
;416;(01001100001111) (11417) (4879) (130F)    ;(01001100011001) (11431) (4889) (1319)   ;(01001100100100) (11444) (4900) (1324)   ;(01001100101110) (11456) (4910) (132E)   ;(01001100111000) (11470) (4920) (1338)   ;(01001101000010) (11502) (4930) (1342)   ;(01001101001100) (11514) (4940) (134C)   ;(01001101010110) (11526) (4950) (1356)   ;
;424;(01001101100000) (11540) (4960) (1360)    ;(01001101101010) (11552) (4970) (136A)   ;(01001101110100) (11564) (4980) (1374)   ;(01001101111110) (11576) (4990) (137E)   ;(01001110001000) (11610) (5000) (1388)   ;(01001110010010) (11622) (5010) (1392)   ;(01001110011100) (11634) (5020) (139C)   ;(01001110100101) (11645) (5029) (13A5)   ;
;432;(01001110101111) (11657) (5039) (13AF)    ;(01001110111001) (11671) (5049) (13B9)   ;(01001111000011) (11703) (5059) (13C3)   ;(01001111001101) (11715) (5069) (13CD)   ;(01001111010111) (11727) (5079) (13D7)   ;(01001111100001) (11741) (5089) (13E1)   ;(01001111101011) (11753) (5099) (13EB)   ;(01001111110100) (11764) (5108) (13F4)   ;
;440;(01001111111110) (11776) (5118) (13FE)    ;(01010000001000) (12010) (5128) (1408)   ;(01010000010010) (12022) (5138) (1412)   ;(01010000011100) (12034) (5148) (141C)   ;(01010000100101) (12045) (5157) (1425)   ;(01010000101111) (12057) (5167) (142F)   ;(01010000111001) (12071) (5177) (1439)   ;(01010001000011) (12103) (5187) (1443)   ;
;448;(01010001001100) (12114) (5196) (144C)    ;(01010001010110) (12126) (5206) (1456)   ;(01010001100000) (12140) (5216) (1460)   ;(01010001101001) (12151) (5225) (1469)   ;(01010001110011) (12163) (5235) (1473)   ;(01010001111101) (12175) (5245) (147D)   ;(01010010000110) (12206) (5254) (1486)   ;(01010010010000) (12220) (5264) (1490)   ;
;456;(01010010011010) (12232) (5274) (149A)    ;(01010010100011) (12243) (5283) (14A3)   ;(01010010101101) (12255) (5293) (14AD)   ;(01010010110110) (12266) (5302) (14B6)   ;(01010011000000) (12300) (5312) (14C0)   ;(01010011001010) (12312) (5322) (14CA)   ;(01010011010011) (12323) (5331) (14D3)   ;(01010011011101) (12335) (5341) (14DD)   ;
;464;(01010011100110) (12346) (5350) (14E6)    ;(01010011110000) (12360) (5360) (14F0)   ;(01010011111001) (12371) (5369) (14F9)   ;(01010100000011) (12403) (5379) (1503)   ;(01010100001100) (12414) (5388) (150C)   ;(01010100010110) (12426) (5398) (1516)   ;(01010100011111) (12437) (5407) (151F)   ;(01010100101000) (12450) (5416) (1528)   ;
;472;(01010100110010) (12462) (5426) (1532)    ;(01010100111011) (12473) (5435) (153B)   ;(01010101000101) (12505) (5445) (1545)   ;(01010101001110) (12516) (5454) (154E)   ;(01010101010111) (12527) (5463) (1557)   ;(01010101100001) (12541) (5473) (1561)   ;(01010101101010) (12552) (5482) (156A)   ;(01010101110011) (12563) (5491) (1573)   ;
;480;(01010101111101) (12575) (5501) (157D)    ;(01010110000110) (12606) (5510) (1586)   ;(01010110001111) (12617) (5519) (158F)   ;(01010110011001) (12631) (5529) (1599)   ;(01010110100010) (12642) (5538) (15A2)   ;(01010110101011) (12653) (5547) (15AB)   ;(01010110110100) (12664) (5556) (15B4)   ;(01010110111110) (12676) (5566) (15BE)   ;
;488;(01010111000111) (12707) (5575) (15C7)    ;(01010111010000) (12720) (5584) (15D0)   ;(01010111011001) (12731) (5593) (15D9)   ;(01010111100010) (12742) (5602) (15E2)   ;(01010111101100) (12754) (5612) (15EC)   ;(01010111110101) (12765) (5621) (15F5)   ;(01010111111110) (12776) (5630) (15FE)   ;(01011000000111) (13007) (5639) (1607)   ;
;496;(01011000010000) (13020) (5648) (1610)    ;(01011000011001) (13031) (5657) (1619)   ;(01011000100010) (13042) (5666) (1622)   ;(01011000101011) (13053) (5675) (162B)   ;(01011000110100) (13064) (5684) (1634)   ;(01011000111101) (13075) (5693) (163D)   ;(01011001000110) (13106) (5702) (1646)   ;(01011001001111) (13117) (5711) (164F)   ;
;504;(01011001011000) (13130) (5720) (1658)    ;(01011001100001) (13141) (5729) (1661)   ;(01011001101010) (13152) (5738) (166A)   ;(01011001110011) (13163) (5747) (1673)   ;(01011001111100) (13174) (5756) (167C)   ;(01011010000101) (13205) (5765) (1685)   ;(01011010001110) (13216) (5774) (168E)   ;(01011010010111) (13227) (5783) (1697)   ;
;512;(01011010100000) (13240) (5792) (16A0)    ;(01011010101001) (13251) (5801) (16A9)   ;(01011010110010) (13262) (5810) (16B2)   ;(01011010111011) (13273) (5819) (16BB)   ;(01011011000011) (13303) (5827) (16C3)   ;(01011011001100) (13314) (5836) (16CC)   ;(01011011010101) (13325) (5845) (16D5)   ;(01011011011110) (13336) (5854) (16DE)   ;
;520;(01011011100111) (13347) (5863) (16E7)    ;(01011011101111) (13357) (5871) (16EF)   ;(01011011111000) (13370) (5880) (16F8)   ;(01011100000001) (13401) (5889) (1701)   ;(01011100001010) (13412) (5898) (170A)   ;(01011100010010) (13422) (5906) (1712)   ;(01011100011011) (13433) (5915) (171B)   ;(01011100100100) (13444) (5924) (1724)   ;
;528;(01011100101100) (13454) (5932) (172C)    ;(01011100110101) (13465) (5941) (1735)   ;(01011100111110) (13476) (5950) (173E)   ;(01011101000110) (13506) (5958) (1746)   ;(01011101001111) (13517) (5967) (174F)   ;(01011101010111) (13527) (5975) (1757)   ;(01011101100000) (13540) (5984) (1760)   ;(01011101101001) (13551) (5993) (1769)   ;
;536;(01011101110001) (13561) (6001) (1771)    ;(01011101111010) (13572) (6010) (177A)   ;(01011110000010) (13602) (6018) (1782)   ;(01011110001011) (13613) (6027) (178B)   ;(01011110010011) (13623) (6035) (1793)   ;(01011110011100) (13634) (6044) (179C)   ;(01011110100100) (13644) (6052) (17A4)   ;(01011110101101) (13655) (6061) (17AD)   ;
;544;(01011110110101) (13665) (6069) (17B5)    ;(01011110111110) (13676) (6078) (17BE)   ;(01011111000110) (13706) (6086) (17C6)   ;(01011111001110) (13716) (6094) (17CE)   ;(01011111010111) (13727) (6103) (17D7)   ;(01011111011111) (13737) (6111) (17DF)   ;(01011111101000) (13750) (6120) (17E8)   ;(01011111110000) (13760) (6128) (17F0)   ;
;552;(01011111111000) (13770) (6136) (17F8)    ;(01100000000000) (14000) (6144) (1800)   ;(01100000001001) (14011) (6153) (1809)   ;(01100000010001) (14021) (6161) (1811)   ;(01100000011001) (14031) (6169) (1819)   ;(01100000100010) (14042) (6178) (1822)   ;(01100000101010) (14052) (6186) (182A)   ;(01100000110010) (14062) (6194) (1832)   ;
;560;(01100000111010) (14072) (6202) (183A)    ;(01100001000010) (14102) (6210) (1842)   ;(01100001001011) (14113) (6219) (184B)   ;(01100001010011) (14123) (6227) (1853)   ;(01100001011011) (14133) (6235) (185B)   ;(01100001100011) (14143) (6243) (1863)   ;(01100001101011) (14153) (6251) (186B)   ;(01100001110011) (14163) (6259) (1873)   ;
;568;(01100001111011) (14173) (6267) (187B)    ;(01100010000100) (14204) (6276) (1884)   ;(01100010001100) (14214) (6284) (188C)   ;(01100010010100) (14224) (6292) (1894)   ;(01100010011100) (14234) (6300) (189C)   ;(01100010100100) (14244) (6308) (18A4)   ;(01100010101100) (14254) (6316) (18AC)   ;(01100010110100) (14264) (6324) (18B4)   ;
;576;(01100010111100) (14274) (6332) (18BC)    ;(01100011000100) (14304) (6340) (18C4)   ;(01100011001100) (14314) (6348) (18CC)   ;(01100011010100) (14324) (6356) (18D4)   ;(01100011011011) (14333) (6363) (18DB)   ;(01100011100011) (14343) (6371) (18E3)   ;(01100011101011) (14353) (6379) (18EB)   ;(01100011110011) (14363) (6387) (18F3)   ;
;584;(01100011111011) (14373) (6395) (18FB)    ;(01100100000011) (14403) (6403) (1903)   ;(01100100001011) (14413) (6411) (190B)   ;(01100100010011) (14423) (6419) (1913)   ;(01100100011010) (14432) (6426) (191A)   ;(01100100100010) (14442) (6434) (1922)   ;(01100100101010) (14452) (6442) (192A)   ;(01100100110010) (14462) (6450) (1932)   ;
;592;(01100100111001) (14471) (6457) (1939)    ;(01100101000001) (14501) (6465) (1941)   ;(01100101001001) (14511) (6473) (1949)   ;(01100101010000) (14520) (6480) (1950)   ;(01100101011000) (14530) (6488) (1958)   ;(01100101100000) (14540) (6496) (1960)   ;(01100101100111) (14547) (6503) (1967)   ;(01100101101111) (14557) (6511) (196F)   ;
;600;(01100101110111) (14567) (6519) (1977)    ;(01100101111110) (14576) (6526) (197E)   ;(01100110000110) (14606) (6534) (1986)   ;(01100110001101) (14615) (6541) (198D)   ;(01100110010101) (14625) (6549) (1995)   ;(01100110011101) (14635) (6557) (199D)   ;(01100110100100) (14644) (6564) (19A4)   ;(01100110101100) (14654) (6572) (19AC)   ;
;608;(01100110110011) (14663) (6579) (19B3)    ;(01100110111011) (14673) (6587) (19BB)   ;(01100111000010) (14702) (6594) (19C2)   ;(01100111001001) (14711) (6601) (19C9)   ;(01100111010001) (14721) (6609) (19D1)   ;(01100111011000) (14730) (6616) (19D8)   ;(01100111100000) (14740) (6624) (19E0)   ;(01100111100111) (14747) (6631) (19E7)   ;
;616;(01100111101110) (14756) (6638) (19EE)    ;(01100111110110) (14766) (6646) (19F6)   ;(01100111111101) (14775) (6653) (19FD)   ;(01101000000100) (15004) (6660) (1A04)   ;(01101000001100) (15014) (6668) (1A0C)   ;(01101000010011) (15023) (6675) (1A13)   ;(01101000011010) (15032) (6682) (1A1A)   ;(01101000100010) (15042) (6690) (1A22)   ;
;624;(01101000101001) (15051) (6697) (1A29)    ;(01101000110000) (15060) (6704) (1A30)   ;(01101000110111) (15067) (6711) (1A37)   ;(01101000111110) (15076) (6718) (1A3E)   ;(01101001000110) (15106) (6726) (1A46)   ;(01101001001101) (15115) (6733) (1A4D)   ;(01101001010100) (15124) (6740) (1A54)   ;(01101001011011) (15133) (6747) (1A5B)   ;
;632;(01101001100010) (15142) (6754) (1A62)    ;(01101001101001) (15151) (6761) (1A69)   ;(01101001110000) (15160) (6768) (1A70)   ;(01101001110111) (15167) (6775) (1A77)   ;(01101001111111) (15177) (6783) (1A7F)   ;(01101010000110) (15206) (6790) (1A86)   ;(01101010001101) (15215) (6797) (1A8D)   ;(01101010010100) (15224) (6804) (1A94)   ;
;640;(01101010011011) (15233) (6811) (1A9B)    ;(01101010100010) (15242) (6818) (1AA2)   ;(01101010101000) (15250) (6824) (1AA8)   ;(01101010101111) (15257) (6831) (1AAF)   ;(01101010110110) (15266) (6838) (1AB6)   ;(01101010111101) (15275) (6845) (1ABD)   ;(01101011000100) (15304) (6852) (1AC4)   ;(01101011001011) (15313) (6859) (1ACB)   ;
;648;(01101011010010) (15322) (6866) (1AD2)    ;(01101011011001) (15331) (6873) (1AD9)   ;(01101011100000) (15340) (6880) (1AE0)   ;(01101011100110) (15346) (6886) (1AE6)   ;(01101011101101) (15355) (6893) (1AED)   ;(01101011110100) (15364) (6900) (1AF4)   ;(01101011111011) (15373) (6907) (1AFB)   ;(01101100000001) (15401) (6913) (1B01)   ;
;656;(01101100001000) (15410) (6920) (1B08)    ;(01101100001111) (15417) (6927) (1B0F)   ;(01101100010110) (15426) (6934) (1B16)   ;(01101100011100) (15434) (6940) (1B1C)   ;(01101100100011) (15443) (6947) (1B23)   ;(01101100101010) (15452) (6954) (1B2A)   ;(01101100110000) (15460) (6960) (1B30)   ;(01101100110111) (15467) (6967) (1B37)   ;
;664;(01101100111101) (15475) (6973) (1B3D)    ;(01101101000100) (15504) (6980) (1B44)   ;(01101101001011) (15513) (6987) (1B4B)   ;(01101101010001) (15521) (6993) (1B51)   ;(01101101011000) (15530) (7000) (1B58)   ;(01101101011110) (15536) (7006) (1B5E)   ;(01101101100101) (15545) (7013) (1B65)   ;(01101101101011) (15553) (7019) (1B6B)   ;
;672;(01101101110010) (15562) (7026) (1B72)    ;(01101101111000) (15570) (7032) (1B78)   ;(01101101111111) (15577) (7039) (1B7F)   ;(01101110000101) (15605) (7045) (1B85)   ;(01101110001011) (15613) (7051) (1B8B)   ;(01101110010010) (15622) (7058) (1B92)   ;(01101110011000) (15630) (7064) (1B98)   ;(01101110011110) (15636) (7070) (1B9E)   ;
;680;(01101110100101) (15645) (7077) (1BA5)    ;(01101110101011) (15653) (7083) (1BAB)   ;(01101110110001) (15661) (7089) (1BB1)   ;(01101110111000) (15670) (7096) (1BB8)   ;(01101110111110) (15676) (7102) (1BBE)   ;(01101111000100) (15704) (7108) (1BC4)   ;(01101111001010) (15712) (7114) (1BCA)   ;(01101111010001) (15721) (7121) (1BD1)   ;
;688;(01101111010111) (15727) (7127) (1BD7)    ;(01101111011101) (15735) (7133) (1BDD)   ;(01101111100011) (15743) (7139) (1BE3)   ;(01101111101001) (15751) (7145) (1BE9)   ;(01101111110000) (15760) (7152) (1BF0)   ;(01101111110110) (15766) (7158) (1BF6)   ;(01101111111100) (15774) (7164) (1BFC)   ;(01110000000010) (16002) (7170) (1C02)   ;
;696;(01110000001000) (16010) (7176) (1C08)    ;(01110000001110) (16016) (7182) (1C0E)   ;(01110000010100) (16024) (7188) (1C14)   ;(01110000011010) (16032) (7194) (1C1A)   ;(01110000100000) (16040) (7200) (1C20)   ;(01110000100110) (16046) (7206) (1C26)   ;(01110000101100) (16054) (7212) (1C2C)   ;(01110000110010) (16062) (7218) (1C32)   ;
;704;(01110000111000) (16070) (7224) (1C38)    ;(01110000111110) (16076) (7230) (1C3E)   ;(01110001000100) (16104) (7236) (1C44)   ;(01110001001010) (16112) (7242) (1C4A)   ;(01110001001111) (16117) (7247) (1C4F)   ;(01110001010101) (16125) (7253) (1C55)   ;(01110001011011) (16133) (7259) (1C5B)   ;(01110001100001) (16141) (7265) (1C61)   ;
;712;(01110001100111) (16147) (7271) (1C67)    ;(01110001101100) (16154) (7276) (1C6C)   ;(01110001110010) (16162) (7282) (1C72)   ;(01110001111000) (16170) (7288) (1C78)   ;(01110001111110) (16176) (7294) (1C7E)   ;(01110010000011) (16203) (7299) (1C83)   ;(01110010001001) (16211) (7305) (1C89)   ;(01110010001111) (16217) (7311) (1C8F)   ;
;720;(01110010010100) (16224) (7316) (1C94)    ;(01110010011010) (16232) (7322) (1C9A)   ;(01110010100000) (16240) (7328) (1CA0)   ;(01110010100101) (16245) (7333) (1CA5)   ;(01110010101011) (16253) (7339) (1CAB)   ;(01110010110000) (16260) (7344) (1CB0)   ;(01110010110110) (16266) (7350) (1CB6)   ;(01110010111100) (16274) (7356) (1CBC)   ;
;728;(01110011000001) (16301) (7361) (1CC1)    ;(01110011000111) (16307) (7367) (1CC7)   ;(01110011001100) (16314) (7372) (1CCC)   ;(01110011010001) (16321) (7377) (1CD1)   ;(01110011010111) (16327) (7383) (1CD7)   ;(01110011011100) (16334) (7388) (1CDC)   ;(01110011100010) (16342) (7394) (1CE2)   ;(01110011100111) (16347) (7399) (1CE7)   ;
;736;(01110011101101) (16355) (7405) (1CED)    ;(01110011110010) (16362) (7410) (1CF2)   ;(01110011110111) (16367) (7415) (1CF7)   ;(01110011111101) (16375) (7421) (1CFD)   ;(01110100000010) (16402) (7426) (1D02)   ;(01110100000111) (16407) (7431) (1D07)   ;(01110100001100) (16414) (7436) (1D0C)   ;(01110100010010) (16422) (7442) (1D12)   ;
;744;(01110100010111) (16427) (7447) (1D17)    ;(01110100011100) (16434) (7452) (1D1C)   ;(01110100100001) (16441) (7457) (1D21)   ;(01110100100111) (16447) (7463) (1D27)   ;(01110100101100) (16454) (7468) (1D2C)   ;(01110100110001) (16461) (7473) (1D31)   ;(01110100110110) (16466) (7478) (1D36)   ;(01110100111011) (16473) (7483) (1D3B)   ;
;752;(01110101000000) (16500) (7488) (1D40)    ;(01110101000101) (16505) (7493) (1D45)   ;(01110101001010) (16512) (7498) (1D4A)   ;(01110101001111) (16517) (7503) (1D4F)   ;(01110101010101) (16525) (7509) (1D55)   ;(01110101011010) (16532) (7514) (1D5A)   ;(01110101011111) (16537) (7519) (1D5F)   ;(01110101100100) (16544) (7524) (1D64)   ;
;760;(01110101101000) (16550) (7528) (1D68)    ;(01110101101101) (16555) (7533) (1D6D)   ;(01110101110010) (16562) (7538) (1D72)   ;(01110101110111) (16567) (7543) (1D77)   ;(01110101111100) (16574) (7548) (1D7C)   ;(01110110000001) (16601) (7553) (1D81)   ;(01110110000110) (16606) (7558) (1D86)   ;(01110110001011) (16613) (7563) (1D8B)   ;
;768;(01110110001111) (16617) (7567) (1D8F)    ;(01110110010100) (16624) (7572) (1D94)   ;(01110110011001) (16631) (7577) (1D99)   ;(01110110011110) (16636) (7582) (1D9E)   ;(01110110100011) (16643) (7587) (1DA3)   ;(01110110100111) (16647) (7591) (1DA7)   ;(01110110101100) (16654) (7596) (1DAC)   ;(01110110110001) (16661) (7601) (1DB1)   ;
;776;(01110110110101) (16665) (7605) (1DB5)    ;(01110110111010) (16672) (7610) (1DBA)   ;(01110110111111) (16677) (7615) (1DBF)   ;(01110111000011) (16703) (7619) (1DC3)   ;(01110111001000) (16710) (7624) (1DC8)   ;(01110111001100) (16714) (7628) (1DCC)   ;(01110111010001) (16721) (7633) (1DD1)   ;(01110111010110) (16726) (7638) (1DD6)   ;
;784;(01110111011010) (16732) (7642) (1DDA)    ;(01110111011111) (16737) (7647) (1DDF)   ;(01110111100011) (16743) (7651) (1DE3)   ;(01110111101000) (16750) (7656) (1DE8)   ;(01110111101100) (16754) (7660) (1DEC)   ;(01110111110001) (16761) (7665) (1DF1)   ;(01110111110101) (16765) (7669) (1DF5)   ;(01110111111001) (16771) (7673) (1DF9)   ;
;792;(01110111111110) (16776) (7678) (1DFE)    ;(01111000000010) (17002) (7682) (1E02)   ;(01111000000110) (17006) (7686) (1E06)   ;(01111000001011) (17013) (7691) (1E0B)   ;(01111000001111) (17017) (7695) (1E0F)   ;(01111000010011) (17023) (7699) (1E13)   ;(01111000011000) (17030) (7704) (1E18)   ;(01111000011100) (17034) (7708) (1E1C)   ;
;800;(01111000100000) (17040) (7712) (1E20)    ;(01111000100100) (17044) (7716) (1E24)   ;(01111000101001) (17051) (7721) (1E29)   ;(01111000101101) (17055) (7725) (1E2D)   ;(01111000110001) (17061) (7729) (1E31)   ;(01111000110101) (17065) (7733) (1E35)   ;(01111000111001) (17071) (7737) (1E39)   ;(01111000111101) (17075) (7741) (1E3D)   ;
;808;(01111001000001) (17101) (7745) (1E41)    ;(01111001000110) (17106) (7750) (1E46)   ;(01111001001010) (17112) (7754) (1E4A)   ;(01111001001110) (17116) (7758) (1E4E)   ;(01111001010010) (17122) (7762) (1E52)   ;(01111001010110) (17126) (7766) (1E56)   ;(01111001011010) (17132) (7770) (1E5A)   ;(01111001011110) (17136) (7774) (1E5E)   ;
;816;(01111001100010) (17142) (7778) (1E62)    ;(01111001100110) (17146) (7782) (1E66)   ;(01111001101001) (17151) (7785) (1E69)   ;(01111001101101) (17155) (7789) (1E6D)   ;(01111001110001) (17161) (7793) (1E71)   ;(01111001110101) (17165) (7797) (1E75)   ;(01111001111001) (17171) (7801) (1E79)   ;(01111001111101) (17175) (7805) (1E7D)   ;
;824;(01111010000001) (17201) (7809) (1E81)    ;(01111010000100) (17204) (7812) (1E84)   ;(01111010001000) (17210) (7816) (1E88)   ;(01111010001100) (17214) (7820) (1E8C)   ;(01111010010000) (17220) (7824) (1E90)   ;(01111010010011) (17223) (7827) (1E93)   ;(01111010010111) (17227) (7831) (1E97)   ;(01111010011011) (17233) (7835) (1E9B)   ;
;832;(01111010011110) (17236) (7838) (1E9E)    ;(01111010100010) (17242) (7842) (1EA2)   ;(01111010100110) (17246) (7846) (1EA6)   ;(01111010101001) (17251) (7849) (1EA9)   ;(01111010101101) (17255) (7853) (1EAD)   ;(01111010110000) (17260) (7856) (1EB0)   ;(01111010110100) (17264) (7860) (1EB4)   ;(01111010110111) (17267) (7863) (1EB7)   ;
;840;(01111010111011) (17273) (7867) (1EBB)    ;(01111010111110) (17276) (7870) (1EBE)   ;(01111011000010) (17302) (7874) (1EC2)   ;(01111011000101) (17305) (7877) (1EC5)   ;(01111011001001) (17311) (7881) (1EC9)   ;(01111011001100) (17314) (7884) (1ECC)   ;(01111011010000) (17320) (7888) (1ED0)   ;(01111011010011) (17323) (7891) (1ED3)   ;
;848;(01111011010110) (17326) (7894) (1ED6)    ;(01111011011010) (17332) (7898) (1EDA)   ;(01111011011101) (17335) (7901) (1EDD)   ;(01111011100000) (17340) (7904) (1EE0)   ;(01111011100100) (17344) (7908) (1EE4)   ;(01111011100111) (17347) (7911) (1EE7)   ;(01111011101010) (17352) (7914) (1EEA)   ;(01111011101101) (17355) (7917) (1EED)   ;
;856;(01111011110001) (17361) (7921) (1EF1)    ;(01111011110100) (17364) (7924) (1EF4)   ;(01111011110111) (17367) (7927) (1EF7)   ;(01111011111010) (17372) (7930) (1EFA)   ;(01111011111101) (17375) (7933) (1EFD)   ;(01111100000000) (17400) (7936) (1F00)   ;(01111100000011) (17403) (7939) (1F03)   ;(01111100000110) (17406) (7942) (1F06)   ;
;864;(01111100001010) (17412) (7946) (1F0A)    ;(01111100001101) (17415) (7949) (1F0D)   ;(01111100010000) (17420) (7952) (1F10)   ;(01111100010011) (17423) (7955) (1F13)   ;(01111100010110) (17426) (7958) (1F16)   ;(01111100011001) (17431) (7961) (1F19)   ;(01111100011100) (17434) (7964) (1F1C)   ;(01111100011110) (17436) (7966) (1F1E)   ;
;872;(01111100100001) (17441) (7969) (1F21)    ;(01111100100100) (17444) (7972) (1F24)   ;(01111100100111) (17447) (7975) (1F27)   ;(01111100101010) (17452) (7978) (1F2A)   ;(01111100101101) (17455) (7981) (1F2D)   ;(01111100110000) (17460) (7984) (1F30)   ;(01111100110010) (17462) (7986) (1F32)   ;(01111100110101) (17465) (7989) (1F35)   ;
;880;(01111100111000) (17470) (7992) (1F38)    ;(01111100111011) (17473) (7995) (1F3B)   ;(01111100111101) (17475) (7997) (1F3D)   ;(01111101000000) (17500) (8000) (1F40)   ;(01111101000011) (17503) (8003) (1F43)   ;(01111101000110) (17506) (8006) (1F46)   ;(01111101001000) (17510) (8008) (1F48)   ;(01111101001011) (17513) (8011) (1F4B)   ;
;888;(01111101001101) (17515) (8013) (1F4D)    ;(01111101010000) (17520) (8016) (1F50)   ;(01111101010011) (17523) (8019) (1F53)   ;(01111101010101) (17525) (8021) (1F55)   ;(01111101011000) (17530) (8024) (1F58)   ;(01111101011010) (17532) (8026) (1F5A)   ;(01111101011101) (17535) (8029) (1F5D)   ;(01111101011111) (17537) (8031) (1F5F)   ;
;896;(01111101100010) (17542) (8034) (1F62)    ;(01111101100100) (17544) (8036) (1F64)   ;(01111101100110) (17546) (8038) (1F66)   ;(01111101101001) (17551) (8041) (1F69)   ;(01111101101011) (17553) (8043) (1F6B)   ;(01111101101110) (17556) (8046) (1F6E)   ;(01111101110000) (17560) (8048) (1F70)   ;(01111101110010) (17562) (8050) (1F72)   ;
;904;(01111101110101) (17565) (8053) (1F75)    ;(01111101110111) (17567) (8055) (1F77)   ;(01111101111001) (17571) (8057) (1F79)   ;(01111101111011) (17573) (8059) (1F7B)   ;(01111101111110) (17576) (8062) (1F7E)   ;(01111110000000) (17600) (8064) (1F80)   ;(01111110000010) (17602) (8066) (1F82)   ;(01111110000100) (17604) (8068) (1F84)   ;
;912;(01111110000110) (17606) (8070) (1F86)    ;(01111110001001) (17611) (8073) (1F89)   ;(01111110001011) (17613) (8075) (1F8B)   ;(01111110001101) (17615) (8077) (1F8D)   ;(01111110001111) (17617) (8079) (1F8F)   ;(01111110010001) (17621) (8081) (1F91)   ;(01111110010011) (17623) (8083) (1F93)   ;(01111110010101) (17625) (8085) (1F95)   ;
;920;(01111110010111) (17627) (8087) (1F97)    ;(01111110011001) (17631) (8089) (1F99)   ;(01111110011011) (17633) (8091) (1F9B)   ;(01111110011101) (17635) (8093) (1F9D)   ;(01111110011111) (17637) (8095) (1F9F)   ;(01111110100001) (17641) (8097) (1FA1)   ;(01111110100011) (17643) (8099) (1FA3)   ;(01111110100100) (17644) (8100) (1FA4)   ;
;928;(01111110100110) (17646) (8102) (1FA6)    ;(01111110101000) (17650) (8104) (1FA8)   ;(01111110101010) (17652) (8106) (1FAA)   ;(01111110101100) (17654) (8108) (1FAC)   ;(01111110101110) (17656) (8110) (1FAE)   ;(01111110101111) (17657) (8111) (1FAF)   ;(01111110110001) (17661) (8113) (1FB1)   ;(01111110110011) (17663) (8115) (1FB3)   ;
;936;(01111110110100) (17664) (8116) (1FB4)    ;(01111110110110) (17666) (8118) (1FB6)   ;(01111110111000) (17670) (8120) (1FB8)   ;(01111110111001) (17671) (8121) (1FB9)   ;(01111110111011) (17673) (8123) (1FBB)   ;(01111110111101) (17675) (8125) (1FBD)   ;(01111110111110) (17676) (8126) (1FBE)   ;(01111111000000) (17700) (8128) (1FC0)   ;
;944;(01111111000001) (17701) (8129) (1FC1)    ;(01111111000011) (17703) (8131) (1FC3)   ;(01111111000100) (17704) (8132) (1FC4)   ;(01111111000110) (17706) (8134) (1FC6)   ;(01111111000111) (17707) (8135) (1FC7)   ;(01111111001001) (17711) (8137) (1FC9)   ;(01111111001010) (17712) (8138) (1FCA)   ;(01111111001100) (17714) (8140) (1FCC)   ;
;952;(01111111001101) (17715) (8141) (1FCD)    ;(01111111001110) (17716) (8142) (1FCE)   ;(01111111010000) (17720) (8144) (1FD0)   ;(01111111010001) (17721) (8145) (1FD1)   ;(01111111010010) (17722) (8146) (1FD2)   ;(01111111010100) (17724) (8148) (1FD4)   ;(01111111010101) (17725) (8149) (1FD5)   ;(01111111010110) (17726) (8150) (1FD6)   ;
;960;(01111111011000) (17730) (8152) (1FD8)    ;(01111111011001) (17731) (8153) (1FD9)   ;(01111111011010) (17732) (8154) (1FDA)   ;(01111111011011) (17733) (8155) (1FDB)   ;(01111111011100) (17734) (8156) (1FDC)   ;(01111111011101) (17735) (8157) (1FDD)   ;(01111111011111) (17737) (8159) (1FDF)   ;(01111111100000) (17740) (8160) (1FE0)   ;
;968;(01111111100001) (17741) (8161) (1FE1)    ;(01111111100010) (17742) (8162) (1FE2)   ;(01111111100011) (17743) (8163) (1FE3)   ;(01111111100100) (17744) (8164) (1FE4)   ;(01111111100101) (17745) (8165) (1FE5)   ;(01111111100110) (17746) (8166) (1FE6)   ;(01111111100111) (17747) (8167) (1FE7)   ;(01111111101000) (17750) (8168) (1FE8)   ;
;976;(01111111101001) (17751) (8169) (1FE9)    ;(01111111101010) (17752) (8170) (1FEA)   ;(01111111101011) (17753) (8171) (1FEB)   ;(01111111101011) (17753) (8171) (1FEB)   ;(01111111101100) (17754) (8172) (1FEC)   ;(01111111101101) (17755) (8173) (1FED)   ;(01111111101110) (17756) (8174) (1FEE)   ;(01111111101111) (17757) (8175) (1FEF)   ;
;984;(01111111110000) (17760) (8176) (1FF0)    ;(01111111110000) (17760) (8176) (1FF0)   ;(01111111110001) (17761) (8177) (1FF1)   ;(01111111110010) (17762) (8178) (1FF2)   ;(01111111110011) (17763) (8179) (1FF3)   ;(01111111110011) (17763) (8179) (1FF3)   ;(01111111110100) (17764) (8180) (1FF4)   ;(01111111110101) (17765) (8181) (1FF5)   ;
;992;(01111111110101) (17765) (8181) (1FF5)    ;(01111111110110) (17766) (8182) (1FF6)   ;(01111111110110) (17766) (8182) (1FF6)   ;(01111111110111) (17767) (8183) (1FF7)   ;(01111111110111) (17767) (8183) (1FF7)   ;(01111111111000) (17770) (8184) (1FF8)   ;(01111111111000) (17770) (8184) (1FF8)   ;(01111111111001) (17771) (8185) (1FF9)   ;
;1000;(01111111111001) (17771) (8185) (1FF9)    ;(01111111111010) (17772) (8186) (1FFA)   ;(01111111111010) (17772) (8186) (1FFA)   ;(01111111111011) (17773) (8187) (1FFB)   ;(01111111111011) (17773) (8187) (1FFB)   ;(01111111111100) (17774) (8188) (1FFC)   ;(01111111111100) (17774) (8188) (1FFC)   ;(01111111111100) (17774) (8188) (1FFC)   ;
;1008;(01111111111101) (17775) (8189) (1FFD)    ;(01111111111101) (17775) (8189) (1FFD)   ;(01111111111101) (17775) (8189) (1FFD)   ;(01111111111101) (17775) (8189) (1FFD)   ;(01111111111110) (17776) (8190) (1FFE)   ;(01111111111110) (17776) (8190) (1FFE)   ;(01111111111110) (17776) (8190) (1FFE)   ;(01111111111110) (17776) (8190) (1FFE)   ;
;1016;(01111111111110) (17776) (8190) (1FFE)    ;(01111111111111) (17777) (8191) (1FFF)   ;(01111111111111) (17777) (8191) (1FFF)   ;(01111111111111) (17777) (8191) (1FFF)   ;(01111111111111) (17777) (8191) (1FFF)   ;(01111111111111) (17777) (8191) (1FFF)   ;(01111111111111) (17777) (8191) (1FFF)   ;(01111111111111) (17777) (8191) (1FFF)   ;


RAM content values are presented in the following format: (Binary) (Octal) (Decimal) (Hexadecimal) 
+------------------------------------------------------------------------------------------------------------------------------------------------------------------------------------------------------------------------------------------------------------------+
; |HF_SDR|multi_band_modulator:u_band_mod|sine_rom:rom_inst_iA|altsyncram:altsyncram_component|altsyncram_4jc1:auto_generated|ALTSYNCRAM                                                                                                                           ;
+------------------------------------------------------------------------------------------------------------------------------------------------------------------------------------------------------------------------------------------------------------------+
;   Addr   ;              +0              ;              +1              ;              +2              ;              +3              ;              +4              ;              +5              ;              +6              ;              +7              ;
+----------+------------------------------+------------------------------+------------------------------+------------------------------+------------------------------+------------------------------+------------------------------+------------------------------+
;0;(00000000000000) (0) (0) (00)    ;(00000000001101) (15) (13) (0D)   ;(00000000011001) (31) (25) (19)   ;(00000000100110) (46) (38) (26)   ;(00000000110010) (62) (50) (32)   ;(00000000111111) (77) (63) (3F)   ;(00000001001011) (113) (75) (4B)   ;(00000001011000) (130) (88) (58)   ;
;8;(00000001100101) (145) (101) (65)    ;(00000001110001) (161) (113) (71)   ;(00000001111110) (176) (126) (7E)   ;(00000010001010) (212) (138) (8A)   ;(00000010010111) (227) (151) (97)   ;(00000010100011) (243) (163) (A3)   ;(00000010110000) (260) (176) (B0)   ;(00000010111100) (274) (188) (BC)   ;
;16;(00000011001001) (311) (201) (C9)    ;(00000011010110) (326) (214) (D6)   ;(00000011100010) (342) (226) (E2)   ;(00000011101111) (357) (239) (EF)   ;(00000011111011) (373) (251) (FB)   ;(00000100001000) (410) (264) (108)   ;(00000100010100) (424) (276) (114)   ;(00000100100001) (441) (289) (121)   ;
;24;(00000100101101) (455) (301) (12D)    ;(00000100111010) (472) (314) (13A)   ;(00000101000111) (507) (327) (147)   ;(00000101010011) (523) (339) (153)   ;(00000101100000) (540) (352) (160)   ;(00000101101100) (554) (364) (16C)   ;(00000101111001) (571) (377) (179)   ;(00000110000101) (605) (389) (185)   ;
;32;(00000110010010) (622) (402) (192)    ;(00000110011110) (636) (414) (19E)   ;(00000110101011) (653) (427) (1AB)   ;(00000110111000) (670) (440) (1B8)   ;(00000111000100) (704) (452) (1C4)   ;(00000111010001) (721) (465) (1D1)   ;(00000111011101) (735) (477) (1DD)   ;(00000111101010) (752) (490) (1EA)   ;
;40;(00000111110110) (766) (502) (1F6)    ;(00001000000011) (1003) (515) (203)   ;(00001000001111) (1017) (527) (20F)   ;(00001000011100) (1034) (540) (21C)   ;(00001000101000) (1050) (552) (228)   ;(00001000110101) (1065) (565) (235)   ;(00001001000010) (1102) (578) (242)   ;(00001001001110) (1116) (590) (24E)   ;
;48;(00001001011011) (1133) (603) (25B)    ;(00001001100111) (1147) (615) (267)   ;(00001001110100) (1164) (628) (274)   ;(00001010000000) (1200) (640) (280)   ;(00001010001101) (1215) (653) (28D)   ;(00001010011001) (1231) (665) (299)   ;(00001010100110) (1246) (678) (2A6)   ;(00001010110010) (1262) (690) (2B2)   ;
;56;(00001010111111) (1277) (703) (2BF)    ;(00001011001011) (1313) (715) (2CB)   ;(00001011011000) (1330) (728) (2D8)   ;(00001011100100) (1344) (740) (2E4)   ;(00001011110001) (1361) (753) (2F1)   ;(00001011111101) (1375) (765) (2FD)   ;(00001100001010) (1412) (778) (30A)   ;(00001100010110) (1426) (790) (316)   ;
;64;(00001100100011) (1443) (803) (323)    ;(00001100101111) (1457) (815) (32F)   ;(00001100111100) (1474) (828) (33C)   ;(00001101001000) (1510) (840) (348)   ;(00001101010101) (1525) (853) (355)   ;(00001101100001) (1541) (865) (361)   ;(00001101101110) (1556) (878) (36E)   ;(00001101111010) (1572) (890) (37A)   ;
;72;(00001110000111) (1607) (903) (387)    ;(00001110010011) (1623) (915) (393)   ;(00001110100000) (1640) (928) (3A0)   ;(00001110101100) (1654) (940) (3AC)   ;(00001110111001) (1671) (953) (3B9)   ;(00001111000101) (1705) (965) (3C5)   ;(00001111010010) (1722) (978) (3D2)   ;(00001111011110) (1736) (990) (3DE)   ;
;80;(00001111101011) (1753) (1003) (3EB)    ;(00001111110111) (1767) (1015) (3F7)   ;(00010000000100) (2004) (1028) (404)   ;(00010000010000) (2020) (1040) (410)   ;(00010000011101) (2035) (1053) (41D)   ;(00010000101001) (2051) (1065) (429)   ;(00010000110101) (2065) (1077) (435)   ;(00010001000010) (2102) (1090) (442)   ;
;88;(00010001001110) (2116) (1102) (44E)    ;(00010001011011) (2133) (1115) (45B)   ;(00010001100111) (2147) (1127) (467)   ;(00010001110100) (2164) (1140) (474)   ;(00010010000000) (2200) (1152) (480)   ;(00010010001101) (2215) (1165) (48D)   ;(00010010011001) (2231) (1177) (499)   ;(00010010100101) (2245) (1189) (4A5)   ;
;96;(00010010110010) (2262) (1202) (4B2)    ;(00010010111110) (2276) (1214) (4BE)   ;(00010011001011) (2313) (1227) (4CB)   ;(00010011010111) (2327) (1239) (4D7)   ;(00010011100100) (2344) (1252) (4E4)   ;(00010011110000) (2360) (1264) (4F0)   ;(00010011111100) (2374) (1276) (4FC)   ;(00010100001001) (2411) (1289) (509)   ;
;104;(00010100010101) (2425) (1301) (515)    ;(00010100100010) (2442) (1314) (522)   ;(00010100101110) (2456) (1326) (52E)   ;(00010100111010) (2472) (1338) (53A)   ;(00010101000111) (2507) (1351) (547)   ;(00010101010011) (2523) (1363) (553)   ;(00010101100000) (2540) (1376) (560)   ;(00010101101100) (2554) (1388) (56C)   ;
;112;(00010101111000) (2570) (1400) (578)    ;(00010110000101) (2605) (1413) (585)   ;(00010110010001) (2621) (1425) (591)   ;(00010110011101) (2635) (1437) (59D)   ;(00010110101010) (2652) (1450) (5AA)   ;(00010110110110) (2666) (1462) (5B6)   ;(00010111000011) (2703) (1475) (5C3)   ;(00010111001111) (2717) (1487) (5CF)   ;
;120;(00010111011011) (2733) (1499) (5DB)    ;(00010111101000) (2750) (1512) (5E8)   ;(00010111110100) (2764) (1524) (5F4)   ;(00011000000000) (3000) (1536) (600)   ;(00011000001101) (3015) (1549) (60D)   ;(00011000011001) (3031) (1561) (619)   ;(00011000100101) (3045) (1573) (625)   ;(00011000110010) (3062) (1586) (632)   ;
;128;(00011000111110) (3076) (1598) (63E)    ;(00011001001010) (3112) (1610) (64A)   ;(00011001010111) (3127) (1623) (657)   ;(00011001100011) (3143) (1635) (663)   ;(00011001101111) (3157) (1647) (66F)   ;(00011001111100) (3174) (1660) (67C)   ;(00011010001000) (3210) (1672) (688)   ;(00011010010100) (3224) (1684) (694)   ;
;136;(00011010100000) (3240) (1696) (6A0)    ;(00011010101101) (3255) (1709) (6AD)   ;(00011010111001) (3271) (1721) (6B9)   ;(00011011000101) (3305) (1733) (6C5)   ;(00011011010010) (3322) (1746) (6D2)   ;(00011011011110) (3336) (1758) (6DE)   ;(00011011101010) (3352) (1770) (6EA)   ;(00011011110110) (3366) (1782) (6F6)   ;
;144;(00011100000011) (3403) (1795) (703)    ;(00011100001111) (3417) (1807) (70F)   ;(00011100011011) (3433) (1819) (71B)   ;(00011100100111) (3447) (1831) (727)   ;(00011100110100) (3464) (1844) (734)   ;(00011101000000) (3500) (1856) (740)   ;(00011101001100) (3514) (1868) (74C)   ;(00011101011000) (3530) (1880) (758)   ;
;152;(00011101100101) (3545) (1893) (765)    ;(00011101110001) (3561) (1905) (771)   ;(00011101111101) (3575) (1917) (77D)   ;(00011110001001) (3611) (1929) (789)   ;(00011110010101) (3625) (1941) (795)   ;(00011110100010) (3642) (1954) (7A2)   ;(00011110101110) (3656) (1966) (7AE)   ;(00011110111010) (3672) (1978) (7BA)   ;
;160;(00011111000110) (3706) (1990) (7C6)    ;(00011111010010) (3722) (2002) (7D2)   ;(00011111011111) (3737) (2015) (7DF)   ;(00011111101011) (3753) (2027) (7EB)   ;(00011111110111) (3767) (2039) (7F7)   ;(00100000000011) (4003) (2051) (803)   ;(00100000001111) (4017) (2063) (80F)   ;(00100000011011) (4033) (2075) (81B)   ;
;168;(00100000101000) (4050) (2088) (828)    ;(00100000110100) (4064) (2100) (834)   ;(00100001000000) (4100) (2112) (840)   ;(00100001001100) (4114) (2124) (84C)   ;(00100001011000) (4130) (2136) (858)   ;(00100001100100) (4144) (2148) (864)   ;(00100001110000) (4160) (2160) (870)   ;(00100001111101) (4175) (2173) (87D)   ;
;176;(00100010001001) (4211) (2185) (889)    ;(00100010010101) (4225) (2197) (895)   ;(00100010100001) (4241) (2209) (8A1)   ;(00100010101101) (4255) (2221) (8AD)   ;(00100010111001) (4271) (2233) (8B9)   ;(00100011000101) (4305) (2245) (8C5)   ;(00100011010001) (4321) (2257) (8D1)   ;(00100011011101) (4335) (2269) (8DD)   ;
;184;(00100011101001) (4351) (2281) (8E9)    ;(00100011110101) (4365) (2293) (8F5)   ;(00100100000001) (4401) (2305) (901)   ;(00100100001110) (4416) (2318) (90E)   ;(00100100011010) (4432) (2330) (91A)   ;(00100100100110) (4446) (2342) (926)   ;(00100100110010) (4462) (2354) (932)   ;(00100100111110) (4476) (2366) (93E)   ;
;192;(00100101001010) (4512) (2378) (94A)    ;(00100101010110) (4526) (2390) (956)   ;(00100101100010) (4542) (2402) (962)   ;(00100101101110) (4556) (2414) (96E)   ;(00100101111010) (4572) (2426) (97A)   ;(00100110000110) (4606) (2438) (986)   ;(00100110010010) (4622) (2450) (992)   ;(00100110011110) (4636) (2462) (99E)   ;
;200;(00100110101010) (4652) (2474) (9AA)    ;(00100110110110) (4666) (2486) (9B6)   ;(00100111000010) (4702) (2498) (9C2)   ;(00100111001110) (4716) (2510) (9CE)   ;(00100111011010) (4732) (2522) (9DA)   ;(00100111100110) (4746) (2534) (9E6)   ;(00100111110001) (4761) (2545) (9F1)   ;(00100111111101) (4775) (2557) (9FD)   ;
;208;(00101000001001) (5011) (2569) (A09)    ;(00101000010101) (5025) (2581) (A15)   ;(00101000100001) (5041) (2593) (A21)   ;(00101000101101) (5055) (2605) (A2D)   ;(00101000111001) (5071) (2617) (A39)   ;(00101001000101) (5105) (2629) (A45)   ;(00101001010001) (5121) (2641) (A51)   ;(00101001011101) (5135) (2653) (A5D)   ;
;216;(00101001101001) (5151) (2665) (A69)    ;(00101001110100) (5164) (2676) (A74)   ;(00101010000000) (5200) (2688) (A80)   ;(00101010001100) (5214) (2700) (A8C)   ;(00101010011000) (5230) (2712) (A98)   ;(00101010100100) (5244) (2724) (AA4)   ;(00101010110000) (5260) (2736) (AB0)   ;(00101010111100) (5274) (2748) (ABC)   ;
;224;(00101011000111) (5307) (2759) (AC7)    ;(00101011010011) (5323) (2771) (AD3)   ;(00101011011111) (5337) (2783) (ADF)   ;(00101011101011) (5353) (2795) (AEB)   ;(00101011110111) (5367) (2807) (AF7)   ;(00101100000011) (5403) (2819) (B03)   ;(00101100001110) (5416) (2830) (B0E)   ;(00101100011010) (5432) (2842) (B1A)   ;
;232;(00101100100110) (5446) (2854) (B26)    ;(00101100110010) (5462) (2866) (B32)   ;(00101100111101) (5475) (2877) (B3D)   ;(00101101001001) (5511) (2889) (B49)   ;(00101101010101) (5525) (2901) (B55)   ;(00101101100001) (5541) (2913) (B61)   ;(00101101101100) (5554) (2924) (B6C)   ;(00101101111000) (5570) (2936) (B78)   ;
;240;(00101110000100) (5604) (2948) (B84)    ;(00101110010000) (5620) (2960) (B90)   ;(00101110011011) (5633) (2971) (B9B)   ;(00101110100111) (5647) (2983) (BA7)   ;(00101110110011) (5663) (2995) (BB3)   ;(00101110111110) (5676) (3006) (BBE)   ;(00101111001010) (5712) (3018) (BCA)   ;(00101111010110) (5726) (3030) (BD6)   ;
;248;(00101111100001) (5741) (3041) (BE1)    ;(00101111101101) (5755) (3053) (BED)   ;(00101111111001) (5771) (3065) (BF9)   ;(00110000000100) (6004) (3076) (C04)   ;(00110000010000) (6020) (3088) (C10)   ;(00110000011100) (6034) (3100) (C1C)   ;(00110000100111) (6047) (3111) (C27)   ;(00110000110011) (6063) (3123) (C33)   ;
;256;(00110000111111) (6077) (3135) (C3F)    ;(00110001001010) (6112) (3146) (C4A)   ;(00110001010110) (6126) (3158) (C56)   ;(00110001100001) (6141) (3169) (C61)   ;(00110001101101) (6155) (3181) (C6D)   ;(00110001111001) (6171) (3193) (C79)   ;(00110010000100) (6204) (3204) (C84)   ;(00110010010000) (6220) (3216) (C90)   ;
;264;(00110010011011) (6233) (3227) (C9B)    ;(00110010100111) (6247) (3239) (CA7)   ;(00110010110010) (6262) (3250) (CB2)   ;(00110010111110) (6276) (3262) (CBE)   ;(00110011001001) (6311) (3273) (CC9)   ;(00110011010101) (6325) (3285) (CD5)   ;(00110011100000) (6340) (3296) (CE0)   ;(00110011101100) (6354) (3308) (CEC)   ;
;272;(00110011110111) (6367) (3319) (CF7)    ;(00110100000011) (6403) (3331) (D03)   ;(00110100001110) (6416) (3342) (D0E)   ;(00110100011010) (6432) (3354) (D1A)   ;(00110100100101) (6445) (3365) (D25)   ;(00110100110001) (6461) (3377) (D31)   ;(00110100111100) (6474) (3388) (D3C)   ;(00110101001000) (6510) (3400) (D48)   ;
;280;(00110101010011) (6523) (3411) (D53)    ;(00110101011110) (6536) (3422) (D5E)   ;(00110101101010) (6552) (3434) (D6A)   ;(00110101110101) (6565) (3445) (D75)   ;(00110110000001) (6601) (3457) (D81)   ;(00110110001100) (6614) (3468) (D8C)   ;(00110110010111) (6627) (3479) (D97)   ;(00110110100011) (6643) (3491) (DA3)   ;
;288;(00110110101110) (6656) (3502) (DAE)    ;(00110110111001) (6671) (3513) (DB9)   ;(00110111000101) (6705) (3525) (DC5)   ;(00110111010000) (6720) (3536) (DD0)   ;(00110111011011) (6733) (3547) (DDB)   ;(00110111100111) (6747) (3559) (DE7)   ;(00110111110010) (6762) (3570) (DF2)   ;(00110111111101) (6775) (3581) (DFD)   ;
;296;(00111000001001) (7011) (3593) (E09)    ;(00111000010100) (7024) (3604) (E14)   ;(00111000011111) (7037) (3615) (E1F)   ;(00111000101011) (7053) (3627) (E2B)   ;(00111000110110) (7066) (3638) (E36)   ;(00111001000001) (7101) (3649) (E41)   ;(00111001001100) (7114) (3660) (E4C)   ;(00111001011000) (7130) (3672) (E58)   ;
;304;(00111001100011) (7143) (3683) (E63)    ;(00111001101110) (7156) (3694) (E6E)   ;(00111001111001) (7171) (3705) (E79)   ;(00111010000100) (7204) (3716) (E84)   ;(00111010010000) (7220) (3728) (E90)   ;(00111010011011) (7233) (3739) (E9B)   ;(00111010100110) (7246) (3750) (EA6)   ;(00111010110001) (7261) (3761) (EB1)   ;
;312;(00111010111100) (7274) (3772) (EBC)    ;(00111011000111) (7307) (3783) (EC7)   ;(00111011010011) (7323) (3795) (ED3)   ;(00111011011110) (7336) (3806) (EDE)   ;(00111011101001) (7351) (3817) (EE9)   ;(00111011110100) (7364) (3828) (EF4)   ;(00111011111111) (7377) (3839) (EFF)   ;(00111100001010) (7412) (3850) (F0A)   ;
;320;(00111100010101) (7425) (3861) (F15)    ;(00111100100000) (7440) (3872) (F20)   ;(00111100101011) (7453) (3883) (F2B)   ;(00111100110110) (7466) (3894) (F36)   ;(00111101000001) (7501) (3905) (F41)   ;(00111101001101) (7515) (3917) (F4D)   ;(00111101011000) (7530) (3928) (F58)   ;(00111101100011) (7543) (3939) (F63)   ;
;328;(00111101101110) (7556) (3950) (F6E)    ;(00111101111001) (7571) (3961) (F79)   ;(00111110000100) (7604) (3972) (F84)   ;(00111110001111) (7617) (3983) (F8F)   ;(00111110011010) (7632) (3994) (F9A)   ;(00111110100100) (7644) (4004) (FA4)   ;(00111110101111) (7657) (4015) (FAF)   ;(00111110111010) (7672) (4026) (FBA)   ;
;336;(00111111000101) (7705) (4037) (FC5)    ;(00111111010000) (7720) (4048) (FD0)   ;(00111111011011) (7733) (4059) (FDB)   ;(00111111100110) (7746) (4070) (FE6)   ;(00111111110001) (7761) (4081) (FF1)   ;(00111111111100) (7774) (4092) (FFC)   ;(01000000000111) (10007) (4103) (1007)   ;(01000000010010) (10022) (4114) (1012)   ;
;344;(01000000011100) (10034) (4124) (101C)    ;(01000000100111) (10047) (4135) (1027)   ;(01000000110010) (10062) (4146) (1032)   ;(01000000111101) (10075) (4157) (103D)   ;(01000001001000) (10110) (4168) (1048)   ;(01000001010011) (10123) (4179) (1053)   ;(01000001011101) (10135) (4189) (105D)   ;(01000001101000) (10150) (4200) (1068)   ;
;352;(01000001110011) (10163) (4211) (1073)    ;(01000001111110) (10176) (4222) (107E)   ;(01000010001001) (10211) (4233) (1089)   ;(01000010010011) (10223) (4243) (1093)   ;(01000010011110) (10236) (4254) (109E)   ;(01000010101001) (10251) (4265) (10A9)   ;(01000010110011) (10263) (4275) (10B3)   ;(01000010111110) (10276) (4286) (10BE)   ;
;360;(01000011001001) (10311) (4297) (10C9)    ;(01000011010100) (10324) (4308) (10D4)   ;(01000011011110) (10336) (4318) (10DE)   ;(01000011101001) (10351) (4329) (10E9)   ;(01000011110100) (10364) (4340) (10F4)   ;(01000011111110) (10376) (4350) (10FE)   ;(01000100001001) (10411) (4361) (1109)   ;(01000100010100) (10424) (4372) (1114)   ;
;368;(01000100011110) (10436) (4382) (111E)    ;(01000100101001) (10451) (4393) (1129)   ;(01000100110011) (10463) (4403) (1133)   ;(01000100111110) (10476) (4414) (113E)   ;(01000101001001) (10511) (4425) (1149)   ;(01000101010011) (10523) (4435) (1153)   ;(01000101011110) (10536) (4446) (115E)   ;(01000101101000) (10550) (4456) (1168)   ;
;376;(01000101110011) (10563) (4467) (1173)    ;(01000101111101) (10575) (4477) (117D)   ;(01000110001000) (10610) (4488) (1188)   ;(01000110010010) (10622) (4498) (1192)   ;(01000110011101) (10635) (4509) (119D)   ;(01000110100111) (10647) (4519) (11A7)   ;(01000110110010) (10662) (4530) (11B2)   ;(01000110111100) (10674) (4540) (11BC)   ;
;384;(01000111000111) (10707) (4551) (11C7)    ;(01000111010001) (10721) (4561) (11D1)   ;(01000111011100) (10734) (4572) (11DC)   ;(01000111100110) (10746) (4582) (11E6)   ;(01000111110000) (10760) (4592) (11F0)   ;(01000111111011) (10773) (4603) (11FB)   ;(01001000000101) (11005) (4613) (1205)   ;(01001000010000) (11020) (4624) (1210)   ;
;392;(01001000011010) (11032) (4634) (121A)    ;(01001000100100) (11044) (4644) (1224)   ;(01001000101111) (11057) (4655) (122F)   ;(01001000111001) (11071) (4665) (1239)   ;(01001001000011) (11103) (4675) (1243)   ;(01001001001110) (11116) (4686) (124E)   ;(01001001011000) (11130) (4696) (1258)   ;(01001001100010) (11142) (4706) (1262)   ;
;400;(01001001101100) (11154) (4716) (126C)    ;(01001001110111) (11167) (4727) (1277)   ;(01001010000001) (11201) (4737) (1281)   ;(01001010001011) (11213) (4747) (128B)   ;(01001010010101) (11225) (4757) (1295)   ;(01001010100000) (11240) (4768) (12A0)   ;(01001010101010) (11252) (4778) (12AA)   ;(01001010110100) (11264) (4788) (12B4)   ;
;408;(01001010111110) (11276) (4798) (12BE)    ;(01001011001000) (11310) (4808) (12C8)   ;(01001011010011) (11323) (4819) (12D3)   ;(01001011011101) (11335) (4829) (12DD)   ;(01001011100111) (11347) (4839) (12E7)   ;(01001011110001) (11361) (4849) (12F1)   ;(01001011111011) (11373) (4859) (12FB)   ;(01001100000101) (11405) (4869) (1305)   ;
;416;(01001100001111) (11417) (4879) (130F)    ;(01001100011001) (11431) (4889) (1319)   ;(01001100100100) (11444) (4900) (1324)   ;(01001100101110) (11456) (4910) (132E)   ;(01001100111000) (11470) (4920) (1338)   ;(01001101000010) (11502) (4930) (1342)   ;(01001101001100) (11514) (4940) (134C)   ;(01001101010110) (11526) (4950) (1356)   ;
;424;(01001101100000) (11540) (4960) (1360)    ;(01001101101010) (11552) (4970) (136A)   ;(01001101110100) (11564) (4980) (1374)   ;(01001101111110) (11576) (4990) (137E)   ;(01001110001000) (11610) (5000) (1388)   ;(01001110010010) (11622) (5010) (1392)   ;(01001110011100) (11634) (5020) (139C)   ;(01001110100101) (11645) (5029) (13A5)   ;
;432;(01001110101111) (11657) (5039) (13AF)    ;(01001110111001) (11671) (5049) (13B9)   ;(01001111000011) (11703) (5059) (13C3)   ;(01001111001101) (11715) (5069) (13CD)   ;(01001111010111) (11727) (5079) (13D7)   ;(01001111100001) (11741) (5089) (13E1)   ;(01001111101011) (11753) (5099) (13EB)   ;(01001111110100) (11764) (5108) (13F4)   ;
;440;(01001111111110) (11776) (5118) (13FE)    ;(01010000001000) (12010) (5128) (1408)   ;(01010000010010) (12022) (5138) (1412)   ;(01010000011100) (12034) (5148) (141C)   ;(01010000100101) (12045) (5157) (1425)   ;(01010000101111) (12057) (5167) (142F)   ;(01010000111001) (12071) (5177) (1439)   ;(01010001000011) (12103) (5187) (1443)   ;
;448;(01010001001100) (12114) (5196) (144C)    ;(01010001010110) (12126) (5206) (1456)   ;(01010001100000) (12140) (5216) (1460)   ;(01010001101001) (12151) (5225) (1469)   ;(01010001110011) (12163) (5235) (1473)   ;(01010001111101) (12175) (5245) (147D)   ;(01010010000110) (12206) (5254) (1486)   ;(01010010010000) (12220) (5264) (1490)   ;
;456;(01010010011010) (12232) (5274) (149A)    ;(01010010100011) (12243) (5283) (14A3)   ;(01010010101101) (12255) (5293) (14AD)   ;(01010010110110) (12266) (5302) (14B6)   ;(01010011000000) (12300) (5312) (14C0)   ;(01010011001010) (12312) (5322) (14CA)   ;(01010011010011) (12323) (5331) (14D3)   ;(01010011011101) (12335) (5341) (14DD)   ;
;464;(01010011100110) (12346) (5350) (14E6)    ;(01010011110000) (12360) (5360) (14F0)   ;(01010011111001) (12371) (5369) (14F9)   ;(01010100000011) (12403) (5379) (1503)   ;(01010100001100) (12414) (5388) (150C)   ;(01010100010110) (12426) (5398) (1516)   ;(01010100011111) (12437) (5407) (151F)   ;(01010100101000) (12450) (5416) (1528)   ;
;472;(01010100110010) (12462) (5426) (1532)    ;(01010100111011) (12473) (5435) (153B)   ;(01010101000101) (12505) (5445) (1545)   ;(01010101001110) (12516) (5454) (154E)   ;(01010101010111) (12527) (5463) (1557)   ;(01010101100001) (12541) (5473) (1561)   ;(01010101101010) (12552) (5482) (156A)   ;(01010101110011) (12563) (5491) (1573)   ;
;480;(01010101111101) (12575) (5501) (157D)    ;(01010110000110) (12606) (5510) (1586)   ;(01010110001111) (12617) (5519) (158F)   ;(01010110011001) (12631) (5529) (1599)   ;(01010110100010) (12642) (5538) (15A2)   ;(01010110101011) (12653) (5547) (15AB)   ;(01010110110100) (12664) (5556) (15B4)   ;(01010110111110) (12676) (5566) (15BE)   ;
;488;(01010111000111) (12707) (5575) (15C7)    ;(01010111010000) (12720) (5584) (15D0)   ;(01010111011001) (12731) (5593) (15D9)   ;(01010111100010) (12742) (5602) (15E2)   ;(01010111101100) (12754) (5612) (15EC)   ;(01010111110101) (12765) (5621) (15F5)   ;(01010111111110) (12776) (5630) (15FE)   ;(01011000000111) (13007) (5639) (1607)   ;
;496;(01011000010000) (13020) (5648) (1610)    ;(01011000011001) (13031) (5657) (1619)   ;(01011000100010) (13042) (5666) (1622)   ;(01011000101011) (13053) (5675) (162B)   ;(01011000110100) (13064) (5684) (1634)   ;(01011000111101) (13075) (5693) (163D)   ;(01011001000110) (13106) (5702) (1646)   ;(01011001001111) (13117) (5711) (164F)   ;
;504;(01011001011000) (13130) (5720) (1658)    ;(01011001100001) (13141) (5729) (1661)   ;(01011001101010) (13152) (5738) (166A)   ;(01011001110011) (13163) (5747) (1673)   ;(01011001111100) (13174) (5756) (167C)   ;(01011010000101) (13205) (5765) (1685)   ;(01011010001110) (13216) (5774) (168E)   ;(01011010010111) (13227) (5783) (1697)   ;
;512;(01011010100000) (13240) (5792) (16A0)    ;(01011010101001) (13251) (5801) (16A9)   ;(01011010110010) (13262) (5810) (16B2)   ;(01011010111011) (13273) (5819) (16BB)   ;(01011011000011) (13303) (5827) (16C3)   ;(01011011001100) (13314) (5836) (16CC)   ;(01011011010101) (13325) (5845) (16D5)   ;(01011011011110) (13336) (5854) (16DE)   ;
;520;(01011011100111) (13347) (5863) (16E7)    ;(01011011101111) (13357) (5871) (16EF)   ;(01011011111000) (13370) (5880) (16F8)   ;(01011100000001) (13401) (5889) (1701)   ;(01011100001010) (13412) (5898) (170A)   ;(01011100010010) (13422) (5906) (1712)   ;(01011100011011) (13433) (5915) (171B)   ;(01011100100100) (13444) (5924) (1724)   ;
;528;(01011100101100) (13454) (5932) (172C)    ;(01011100110101) (13465) (5941) (1735)   ;(01011100111110) (13476) (5950) (173E)   ;(01011101000110) (13506) (5958) (1746)   ;(01011101001111) (13517) (5967) (174F)   ;(01011101010111) (13527) (5975) (1757)   ;(01011101100000) (13540) (5984) (1760)   ;(01011101101001) (13551) (5993) (1769)   ;
;536;(01011101110001) (13561) (6001) (1771)    ;(01011101111010) (13572) (6010) (177A)   ;(01011110000010) (13602) (6018) (1782)   ;(01011110001011) (13613) (6027) (178B)   ;(01011110010011) (13623) (6035) (1793)   ;(01011110011100) (13634) (6044) (179C)   ;(01011110100100) (13644) (6052) (17A4)   ;(01011110101101) (13655) (6061) (17AD)   ;
;544;(01011110110101) (13665) (6069) (17B5)    ;(01011110111110) (13676) (6078) (17BE)   ;(01011111000110) (13706) (6086) (17C6)   ;(01011111001110) (13716) (6094) (17CE)   ;(01011111010111) (13727) (6103) (17D7)   ;(01011111011111) (13737) (6111) (17DF)   ;(01011111101000) (13750) (6120) (17E8)   ;(01011111110000) (13760) (6128) (17F0)   ;
;552;(01011111111000) (13770) (6136) (17F8)    ;(01100000000000) (14000) (6144) (1800)   ;(01100000001001) (14011) (6153) (1809)   ;(01100000010001) (14021) (6161) (1811)   ;(01100000011001) (14031) (6169) (1819)   ;(01100000100010) (14042) (6178) (1822)   ;(01100000101010) (14052) (6186) (182A)   ;(01100000110010) (14062) (6194) (1832)   ;
;560;(01100000111010) (14072) (6202) (183A)    ;(01100001000010) (14102) (6210) (1842)   ;(01100001001011) (14113) (6219) (184B)   ;(01100001010011) (14123) (6227) (1853)   ;(01100001011011) (14133) (6235) (185B)   ;(01100001100011) (14143) (6243) (1863)   ;(01100001101011) (14153) (6251) (186B)   ;(01100001110011) (14163) (6259) (1873)   ;
;568;(01100001111011) (14173) (6267) (187B)    ;(01100010000100) (14204) (6276) (1884)   ;(01100010001100) (14214) (6284) (188C)   ;(01100010010100) (14224) (6292) (1894)   ;(01100010011100) (14234) (6300) (189C)   ;(01100010100100) (14244) (6308) (18A4)   ;(01100010101100) (14254) (6316) (18AC)   ;(01100010110100) (14264) (6324) (18B4)   ;
;576;(01100010111100) (14274) (6332) (18BC)    ;(01100011000100) (14304) (6340) (18C4)   ;(01100011001100) (14314) (6348) (18CC)   ;(01100011010100) (14324) (6356) (18D4)   ;(01100011011011) (14333) (6363) (18DB)   ;(01100011100011) (14343) (6371) (18E3)   ;(01100011101011) (14353) (6379) (18EB)   ;(01100011110011) (14363) (6387) (18F3)   ;
;584;(01100011111011) (14373) (6395) (18FB)    ;(01100100000011) (14403) (6403) (1903)   ;(01100100001011) (14413) (6411) (190B)   ;(01100100010011) (14423) (6419) (1913)   ;(01100100011010) (14432) (6426) (191A)   ;(01100100100010) (14442) (6434) (1922)   ;(01100100101010) (14452) (6442) (192A)   ;(01100100110010) (14462) (6450) (1932)   ;
;592;(01100100111001) (14471) (6457) (1939)    ;(01100101000001) (14501) (6465) (1941)   ;(01100101001001) (14511) (6473) (1949)   ;(01100101010000) (14520) (6480) (1950)   ;(01100101011000) (14530) (6488) (1958)   ;(01100101100000) (14540) (6496) (1960)   ;(01100101100111) (14547) (6503) (1967)   ;(01100101101111) (14557) (6511) (196F)   ;
;600;(01100101110111) (14567) (6519) (1977)    ;(01100101111110) (14576) (6526) (197E)   ;(01100110000110) (14606) (6534) (1986)   ;(01100110001101) (14615) (6541) (198D)   ;(01100110010101) (14625) (6549) (1995)   ;(01100110011101) (14635) (6557) (199D)   ;(01100110100100) (14644) (6564) (19A4)   ;(01100110101100) (14654) (6572) (19AC)   ;
;608;(01100110110011) (14663) (6579) (19B3)    ;(01100110111011) (14673) (6587) (19BB)   ;(01100111000010) (14702) (6594) (19C2)   ;(01100111001001) (14711) (6601) (19C9)   ;(01100111010001) (14721) (6609) (19D1)   ;(01100111011000) (14730) (6616) (19D8)   ;(01100111100000) (14740) (6624) (19E0)   ;(01100111100111) (14747) (6631) (19E7)   ;
;616;(01100111101110) (14756) (6638) (19EE)    ;(01100111110110) (14766) (6646) (19F6)   ;(01100111111101) (14775) (6653) (19FD)   ;(01101000000100) (15004) (6660) (1A04)   ;(01101000001100) (15014) (6668) (1A0C)   ;(01101000010011) (15023) (6675) (1A13)   ;(01101000011010) (15032) (6682) (1A1A)   ;(01101000100010) (15042) (6690) (1A22)   ;
;624;(01101000101001) (15051) (6697) (1A29)    ;(01101000110000) (15060) (6704) (1A30)   ;(01101000110111) (15067) (6711) (1A37)   ;(01101000111110) (15076) (6718) (1A3E)   ;(01101001000110) (15106) (6726) (1A46)   ;(01101001001101) (15115) (6733) (1A4D)   ;(01101001010100) (15124) (6740) (1A54)   ;(01101001011011) (15133) (6747) (1A5B)   ;
;632;(01101001100010) (15142) (6754) (1A62)    ;(01101001101001) (15151) (6761) (1A69)   ;(01101001110000) (15160) (6768) (1A70)   ;(01101001110111) (15167) (6775) (1A77)   ;(01101001111111) (15177) (6783) (1A7F)   ;(01101010000110) (15206) (6790) (1A86)   ;(01101010001101) (15215) (6797) (1A8D)   ;(01101010010100) (15224) (6804) (1A94)   ;
;640;(01101010011011) (15233) (6811) (1A9B)    ;(01101010100010) (15242) (6818) (1AA2)   ;(01101010101000) (15250) (6824) (1AA8)   ;(01101010101111) (15257) (6831) (1AAF)   ;(01101010110110) (15266) (6838) (1AB6)   ;(01101010111101) (15275) (6845) (1ABD)   ;(01101011000100) (15304) (6852) (1AC4)   ;(01101011001011) (15313) (6859) (1ACB)   ;
;648;(01101011010010) (15322) (6866) (1AD2)    ;(01101011011001) (15331) (6873) (1AD9)   ;(01101011100000) (15340) (6880) (1AE0)   ;(01101011100110) (15346) (6886) (1AE6)   ;(01101011101101) (15355) (6893) (1AED)   ;(01101011110100) (15364) (6900) (1AF4)   ;(01101011111011) (15373) (6907) (1AFB)   ;(01101100000001) (15401) (6913) (1B01)   ;
;656;(01101100001000) (15410) (6920) (1B08)    ;(01101100001111) (15417) (6927) (1B0F)   ;(01101100010110) (15426) (6934) (1B16)   ;(01101100011100) (15434) (6940) (1B1C)   ;(01101100100011) (15443) (6947) (1B23)   ;(01101100101010) (15452) (6954) (1B2A)   ;(01101100110000) (15460) (6960) (1B30)   ;(01101100110111) (15467) (6967) (1B37)   ;
;664;(01101100111101) (15475) (6973) (1B3D)    ;(01101101000100) (15504) (6980) (1B44)   ;(01101101001011) (15513) (6987) (1B4B)   ;(01101101010001) (15521) (6993) (1B51)   ;(01101101011000) (15530) (7000) (1B58)   ;(01101101011110) (15536) (7006) (1B5E)   ;(01101101100101) (15545) (7013) (1B65)   ;(01101101101011) (15553) (7019) (1B6B)   ;
;672;(01101101110010) (15562) (7026) (1B72)    ;(01101101111000) (15570) (7032) (1B78)   ;(01101101111111) (15577) (7039) (1B7F)   ;(01101110000101) (15605) (7045) (1B85)   ;(01101110001011) (15613) (7051) (1B8B)   ;(01101110010010) (15622) (7058) (1B92)   ;(01101110011000) (15630) (7064) (1B98)   ;(01101110011110) (15636) (7070) (1B9E)   ;
;680;(01101110100101) (15645) (7077) (1BA5)    ;(01101110101011) (15653) (7083) (1BAB)   ;(01101110110001) (15661) (7089) (1BB1)   ;(01101110111000) (15670) (7096) (1BB8)   ;(01101110111110) (15676) (7102) (1BBE)   ;(01101111000100) (15704) (7108) (1BC4)   ;(01101111001010) (15712) (7114) (1BCA)   ;(01101111010001) (15721) (7121) (1BD1)   ;
;688;(01101111010111) (15727) (7127) (1BD7)    ;(01101111011101) (15735) (7133) (1BDD)   ;(01101111100011) (15743) (7139) (1BE3)   ;(01101111101001) (15751) (7145) (1BE9)   ;(01101111110000) (15760) (7152) (1BF0)   ;(01101111110110) (15766) (7158) (1BF6)   ;(01101111111100) (15774) (7164) (1BFC)   ;(01110000000010) (16002) (7170) (1C02)   ;
;696;(01110000001000) (16010) (7176) (1C08)    ;(01110000001110) (16016) (7182) (1C0E)   ;(01110000010100) (16024) (7188) (1C14)   ;(01110000011010) (16032) (7194) (1C1A)   ;(01110000100000) (16040) (7200) (1C20)   ;(01110000100110) (16046) (7206) (1C26)   ;(01110000101100) (16054) (7212) (1C2C)   ;(01110000110010) (16062) (7218) (1C32)   ;
;704;(01110000111000) (16070) (7224) (1C38)    ;(01110000111110) (16076) (7230) (1C3E)   ;(01110001000100) (16104) (7236) (1C44)   ;(01110001001010) (16112) (7242) (1C4A)   ;(01110001001111) (16117) (7247) (1C4F)   ;(01110001010101) (16125) (7253) (1C55)   ;(01110001011011) (16133) (7259) (1C5B)   ;(01110001100001) (16141) (7265) (1C61)   ;
;712;(01110001100111) (16147) (7271) (1C67)    ;(01110001101100) (16154) (7276) (1C6C)   ;(01110001110010) (16162) (7282) (1C72)   ;(01110001111000) (16170) (7288) (1C78)   ;(01110001111110) (16176) (7294) (1C7E)   ;(01110010000011) (16203) (7299) (1C83)   ;(01110010001001) (16211) (7305) (1C89)   ;(01110010001111) (16217) (7311) (1C8F)   ;
;720;(01110010010100) (16224) (7316) (1C94)    ;(01110010011010) (16232) (7322) (1C9A)   ;(01110010100000) (16240) (7328) (1CA0)   ;(01110010100101) (16245) (7333) (1CA5)   ;(01110010101011) (16253) (7339) (1CAB)   ;(01110010110000) (16260) (7344) (1CB0)   ;(01110010110110) (16266) (7350) (1CB6)   ;(01110010111100) (16274) (7356) (1CBC)   ;
;728;(01110011000001) (16301) (7361) (1CC1)    ;(01110011000111) (16307) (7367) (1CC7)   ;(01110011001100) (16314) (7372) (1CCC)   ;(01110011010001) (16321) (7377) (1CD1)   ;(01110011010111) (16327) (7383) (1CD7)   ;(01110011011100) (16334) (7388) (1CDC)   ;(01110011100010) (16342) (7394) (1CE2)   ;(01110011100111) (16347) (7399) (1CE7)   ;
;736;(01110011101101) (16355) (7405) (1CED)    ;(01110011110010) (16362) (7410) (1CF2)   ;(01110011110111) (16367) (7415) (1CF7)   ;(01110011111101) (16375) (7421) (1CFD)   ;(01110100000010) (16402) (7426) (1D02)   ;(01110100000111) (16407) (7431) (1D07)   ;(01110100001100) (16414) (7436) (1D0C)   ;(01110100010010) (16422) (7442) (1D12)   ;
;744;(01110100010111) (16427) (7447) (1D17)    ;(01110100011100) (16434) (7452) (1D1C)   ;(01110100100001) (16441) (7457) (1D21)   ;(01110100100111) (16447) (7463) (1D27)   ;(01110100101100) (16454) (7468) (1D2C)   ;(01110100110001) (16461) (7473) (1D31)   ;(01110100110110) (16466) (7478) (1D36)   ;(01110100111011) (16473) (7483) (1D3B)   ;
;752;(01110101000000) (16500) (7488) (1D40)    ;(01110101000101) (16505) (7493) (1D45)   ;(01110101001010) (16512) (7498) (1D4A)   ;(01110101001111) (16517) (7503) (1D4F)   ;(01110101010101) (16525) (7509) (1D55)   ;(01110101011010) (16532) (7514) (1D5A)   ;(01110101011111) (16537) (7519) (1D5F)   ;(01110101100100) (16544) (7524) (1D64)   ;
;760;(01110101101000) (16550) (7528) (1D68)    ;(01110101101101) (16555) (7533) (1D6D)   ;(01110101110010) (16562) (7538) (1D72)   ;(01110101110111) (16567) (7543) (1D77)   ;(01110101111100) (16574) (7548) (1D7C)   ;(01110110000001) (16601) (7553) (1D81)   ;(01110110000110) (16606) (7558) (1D86)   ;(01110110001011) (16613) (7563) (1D8B)   ;
;768;(01110110001111) (16617) (7567) (1D8F)    ;(01110110010100) (16624) (7572) (1D94)   ;(01110110011001) (16631) (7577) (1D99)   ;(01110110011110) (16636) (7582) (1D9E)   ;(01110110100011) (16643) (7587) (1DA3)   ;(01110110100111) (16647) (7591) (1DA7)   ;(01110110101100) (16654) (7596) (1DAC)   ;(01110110110001) (16661) (7601) (1DB1)   ;
;776;(01110110110101) (16665) (7605) (1DB5)    ;(01110110111010) (16672) (7610) (1DBA)   ;(01110110111111) (16677) (7615) (1DBF)   ;(01110111000011) (16703) (7619) (1DC3)   ;(01110111001000) (16710) (7624) (1DC8)   ;(01110111001100) (16714) (7628) (1DCC)   ;(01110111010001) (16721) (7633) (1DD1)   ;(01110111010110) (16726) (7638) (1DD6)   ;
;784;(01110111011010) (16732) (7642) (1DDA)    ;(01110111011111) (16737) (7647) (1DDF)   ;(01110111100011) (16743) (7651) (1DE3)   ;(01110111101000) (16750) (7656) (1DE8)   ;(01110111101100) (16754) (7660) (1DEC)   ;(01110111110001) (16761) (7665) (1DF1)   ;(01110111110101) (16765) (7669) (1DF5)   ;(01110111111001) (16771) (7673) (1DF9)   ;
;792;(01110111111110) (16776) (7678) (1DFE)    ;(01111000000010) (17002) (7682) (1E02)   ;(01111000000110) (17006) (7686) (1E06)   ;(01111000001011) (17013) (7691) (1E0B)   ;(01111000001111) (17017) (7695) (1E0F)   ;(01111000010011) (17023) (7699) (1E13)   ;(01111000011000) (17030) (7704) (1E18)   ;(01111000011100) (17034) (7708) (1E1C)   ;
;800;(01111000100000) (17040) (7712) (1E20)    ;(01111000100100) (17044) (7716) (1E24)   ;(01111000101001) (17051) (7721) (1E29)   ;(01111000101101) (17055) (7725) (1E2D)   ;(01111000110001) (17061) (7729) (1E31)   ;(01111000110101) (17065) (7733) (1E35)   ;(01111000111001) (17071) (7737) (1E39)   ;(01111000111101) (17075) (7741) (1E3D)   ;
;808;(01111001000001) (17101) (7745) (1E41)    ;(01111001000110) (17106) (7750) (1E46)   ;(01111001001010) (17112) (7754) (1E4A)   ;(01111001001110) (17116) (7758) (1E4E)   ;(01111001010010) (17122) (7762) (1E52)   ;(01111001010110) (17126) (7766) (1E56)   ;(01111001011010) (17132) (7770) (1E5A)   ;(01111001011110) (17136) (7774) (1E5E)   ;
;816;(01111001100010) (17142) (7778) (1E62)    ;(01111001100110) (17146) (7782) (1E66)   ;(01111001101001) (17151) (7785) (1E69)   ;(01111001101101) (17155) (7789) (1E6D)   ;(01111001110001) (17161) (7793) (1E71)   ;(01111001110101) (17165) (7797) (1E75)   ;(01111001111001) (17171) (7801) (1E79)   ;(01111001111101) (17175) (7805) (1E7D)   ;
;824;(01111010000001) (17201) (7809) (1E81)    ;(01111010000100) (17204) (7812) (1E84)   ;(01111010001000) (17210) (7816) (1E88)   ;(01111010001100) (17214) (7820) (1E8C)   ;(01111010010000) (17220) (7824) (1E90)   ;(01111010010011) (17223) (7827) (1E93)   ;(01111010010111) (17227) (7831) (1E97)   ;(01111010011011) (17233) (7835) (1E9B)   ;
;832;(01111010011110) (17236) (7838) (1E9E)    ;(01111010100010) (17242) (7842) (1EA2)   ;(01111010100110) (17246) (7846) (1EA6)   ;(01111010101001) (17251) (7849) (1EA9)   ;(01111010101101) (17255) (7853) (1EAD)   ;(01111010110000) (17260) (7856) (1EB0)   ;(01111010110100) (17264) (7860) (1EB4)   ;(01111010110111) (17267) (7863) (1EB7)   ;
;840;(01111010111011) (17273) (7867) (1EBB)    ;(01111010111110) (17276) (7870) (1EBE)   ;(01111011000010) (17302) (7874) (1EC2)   ;(01111011000101) (17305) (7877) (1EC5)   ;(01111011001001) (17311) (7881) (1EC9)   ;(01111011001100) (17314) (7884) (1ECC)   ;(01111011010000) (17320) (7888) (1ED0)   ;(01111011010011) (17323) (7891) (1ED3)   ;
;848;(01111011010110) (17326) (7894) (1ED6)    ;(01111011011010) (17332) (7898) (1EDA)   ;(01111011011101) (17335) (7901) (1EDD)   ;(01111011100000) (17340) (7904) (1EE0)   ;(01111011100100) (17344) (7908) (1EE4)   ;(01111011100111) (17347) (7911) (1EE7)   ;(01111011101010) (17352) (7914) (1EEA)   ;(01111011101101) (17355) (7917) (1EED)   ;
;856;(01111011110001) (17361) (7921) (1EF1)    ;(01111011110100) (17364) (7924) (1EF4)   ;(01111011110111) (17367) (7927) (1EF7)   ;(01111011111010) (17372) (7930) (1EFA)   ;(01111011111101) (17375) (7933) (1EFD)   ;(01111100000000) (17400) (7936) (1F00)   ;(01111100000011) (17403) (7939) (1F03)   ;(01111100000110) (17406) (7942) (1F06)   ;
;864;(01111100001010) (17412) (7946) (1F0A)    ;(01111100001101) (17415) (7949) (1F0D)   ;(01111100010000) (17420) (7952) (1F10)   ;(01111100010011) (17423) (7955) (1F13)   ;(01111100010110) (17426) (7958) (1F16)   ;(01111100011001) (17431) (7961) (1F19)   ;(01111100011100) (17434) (7964) (1F1C)   ;(01111100011110) (17436) (7966) (1F1E)   ;
;872;(01111100100001) (17441) (7969) (1F21)    ;(01111100100100) (17444) (7972) (1F24)   ;(01111100100111) (17447) (7975) (1F27)   ;(01111100101010) (17452) (7978) (1F2A)   ;(01111100101101) (17455) (7981) (1F2D)   ;(01111100110000) (17460) (7984) (1F30)   ;(01111100110010) (17462) (7986) (1F32)   ;(01111100110101) (17465) (7989) (1F35)   ;
;880;(01111100111000) (17470) (7992) (1F38)    ;(01111100111011) (17473) (7995) (1F3B)   ;(01111100111101) (17475) (7997) (1F3D)   ;(01111101000000) (17500) (8000) (1F40)   ;(01111101000011) (17503) (8003) (1F43)   ;(01111101000110) (17506) (8006) (1F46)   ;(01111101001000) (17510) (8008) (1F48)   ;(01111101001011) (17513) (8011) (1F4B)   ;
;888;(01111101001101) (17515) (8013) (1F4D)    ;(01111101010000) (17520) (8016) (1F50)   ;(01111101010011) (17523) (8019) (1F53)   ;(01111101010101) (17525) (8021) (1F55)   ;(01111101011000) (17530) (8024) (1F58)   ;(01111101011010) (17532) (8026) (1F5A)   ;(01111101011101) (17535) (8029) (1F5D)   ;(01111101011111) (17537) (8031) (1F5F)   ;
;896;(01111101100010) (17542) (8034) (1F62)    ;(01111101100100) (17544) (8036) (1F64)   ;(01111101100110) (17546) (8038) (1F66)   ;(01111101101001) (17551) (8041) (1F69)   ;(01111101101011) (17553) (8043) (1F6B)   ;(01111101101110) (17556) (8046) (1F6E)   ;(01111101110000) (17560) (8048) (1F70)   ;(01111101110010) (17562) (8050) (1F72)   ;
;904;(01111101110101) (17565) (8053) (1F75)    ;(01111101110111) (17567) (8055) (1F77)   ;(01111101111001) (17571) (8057) (1F79)   ;(01111101111011) (17573) (8059) (1F7B)   ;(01111101111110) (17576) (8062) (1F7E)   ;(01111110000000) (17600) (8064) (1F80)   ;(01111110000010) (17602) (8066) (1F82)   ;(01111110000100) (17604) (8068) (1F84)   ;
;912;(01111110000110) (17606) (8070) (1F86)    ;(01111110001001) (17611) (8073) (1F89)   ;(01111110001011) (17613) (8075) (1F8B)   ;(01111110001101) (17615) (8077) (1F8D)   ;(01111110001111) (17617) (8079) (1F8F)   ;(01111110010001) (17621) (8081) (1F91)   ;(01111110010011) (17623) (8083) (1F93)   ;(01111110010101) (17625) (8085) (1F95)   ;
;920;(01111110010111) (17627) (8087) (1F97)    ;(01111110011001) (17631) (8089) (1F99)   ;(01111110011011) (17633) (8091) (1F9B)   ;(01111110011101) (17635) (8093) (1F9D)   ;(01111110011111) (17637) (8095) (1F9F)   ;(01111110100001) (17641) (8097) (1FA1)   ;(01111110100011) (17643) (8099) (1FA3)   ;(01111110100100) (17644) (8100) (1FA4)   ;
;928;(01111110100110) (17646) (8102) (1FA6)    ;(01111110101000) (17650) (8104) (1FA8)   ;(01111110101010) (17652) (8106) (1FAA)   ;(01111110101100) (17654) (8108) (1FAC)   ;(01111110101110) (17656) (8110) (1FAE)   ;(01111110101111) (17657) (8111) (1FAF)   ;(01111110110001) (17661) (8113) (1FB1)   ;(01111110110011) (17663) (8115) (1FB3)   ;
;936;(01111110110100) (17664) (8116) (1FB4)    ;(01111110110110) (17666) (8118) (1FB6)   ;(01111110111000) (17670) (8120) (1FB8)   ;(01111110111001) (17671) (8121) (1FB9)   ;(01111110111011) (17673) (8123) (1FBB)   ;(01111110111101) (17675) (8125) (1FBD)   ;(01111110111110) (17676) (8126) (1FBE)   ;(01111111000000) (17700) (8128) (1FC0)   ;
;944;(01111111000001) (17701) (8129) (1FC1)    ;(01111111000011) (17703) (8131) (1FC3)   ;(01111111000100) (17704) (8132) (1FC4)   ;(01111111000110) (17706) (8134) (1FC6)   ;(01111111000111) (17707) (8135) (1FC7)   ;(01111111001001) (17711) (8137) (1FC9)   ;(01111111001010) (17712) (8138) (1FCA)   ;(01111111001100) (17714) (8140) (1FCC)   ;
;952;(01111111001101) (17715) (8141) (1FCD)    ;(01111111001110) (17716) (8142) (1FCE)   ;(01111111010000) (17720) (8144) (1FD0)   ;(01111111010001) (17721) (8145) (1FD1)   ;(01111111010010) (17722) (8146) (1FD2)   ;(01111111010100) (17724) (8148) (1FD4)   ;(01111111010101) (17725) (8149) (1FD5)   ;(01111111010110) (17726) (8150) (1FD6)   ;
;960;(01111111011000) (17730) (8152) (1FD8)    ;(01111111011001) (17731) (8153) (1FD9)   ;(01111111011010) (17732) (8154) (1FDA)   ;(01111111011011) (17733) (8155) (1FDB)   ;(01111111011100) (17734) (8156) (1FDC)   ;(01111111011101) (17735) (8157) (1FDD)   ;(01111111011111) (17737) (8159) (1FDF)   ;(01111111100000) (17740) (8160) (1FE0)   ;
;968;(01111111100001) (17741) (8161) (1FE1)    ;(01111111100010) (17742) (8162) (1FE2)   ;(01111111100011) (17743) (8163) (1FE3)   ;(01111111100100) (17744) (8164) (1FE4)   ;(01111111100101) (17745) (8165) (1FE5)   ;(01111111100110) (17746) (8166) (1FE6)   ;(01111111100111) (17747) (8167) (1FE7)   ;(01111111101000) (17750) (8168) (1FE8)   ;
;976;(01111111101001) (17751) (8169) (1FE9)    ;(01111111101010) (17752) (8170) (1FEA)   ;(01111111101011) (17753) (8171) (1FEB)   ;(01111111101011) (17753) (8171) (1FEB)   ;(01111111101100) (17754) (8172) (1FEC)   ;(01111111101101) (17755) (8173) (1FED)   ;(01111111101110) (17756) (8174) (1FEE)   ;(01111111101111) (17757) (8175) (1FEF)   ;
;984;(01111111110000) (17760) (8176) (1FF0)    ;(01111111110000) (17760) (8176) (1FF0)   ;(01111111110001) (17761) (8177) (1FF1)   ;(01111111110010) (17762) (8178) (1FF2)   ;(01111111110011) (17763) (8179) (1FF3)   ;(01111111110011) (17763) (8179) (1FF3)   ;(01111111110100) (17764) (8180) (1FF4)   ;(01111111110101) (17765) (8181) (1FF5)   ;
;992;(01111111110101) (17765) (8181) (1FF5)    ;(01111111110110) (17766) (8182) (1FF6)   ;(01111111110110) (17766) (8182) (1FF6)   ;(01111111110111) (17767) (8183) (1FF7)   ;(01111111110111) (17767) (8183) (1FF7)   ;(01111111111000) (17770) (8184) (1FF8)   ;(01111111111000) (17770) (8184) (1FF8)   ;(01111111111001) (17771) (8185) (1FF9)   ;
;1000;(01111111111001) (17771) (8185) (1FF9)    ;(01111111111010) (17772) (8186) (1FFA)   ;(01111111111010) (17772) (8186) (1FFA)   ;(01111111111011) (17773) (8187) (1FFB)   ;(01111111111011) (17773) (8187) (1FFB)   ;(01111111111100) (17774) (8188) (1FFC)   ;(01111111111100) (17774) (8188) (1FFC)   ;(01111111111100) (17774) (8188) (1FFC)   ;
;1008;(01111111111101) (17775) (8189) (1FFD)    ;(01111111111101) (17775) (8189) (1FFD)   ;(01111111111101) (17775) (8189) (1FFD)   ;(01111111111101) (17775) (8189) (1FFD)   ;(01111111111110) (17776) (8190) (1FFE)   ;(01111111111110) (17776) (8190) (1FFE)   ;(01111111111110) (17776) (8190) (1FFE)   ;(01111111111110) (17776) (8190) (1FFE)   ;
;1016;(01111111111110) (17776) (8190) (1FFE)    ;(01111111111111) (17777) (8191) (1FFF)   ;(01111111111111) (17777) (8191) (1FFF)   ;(01111111111111) (17777) (8191) (1FFF)   ;(01111111111111) (17777) (8191) (1FFF)   ;(01111111111111) (17777) (8191) (1FFF)   ;(01111111111111) (17777) (8191) (1FFF)   ;(01111111111111) (17777) (8191) (1FFF)   ;


RAM content values are presented in the following format: (Binary) (Octal) (Decimal) (Hexadecimal) 
+------------------------------------------------------------------------------------------------------------------------------------------------------------------------------------------------------------------------------------------------------------------+
; |HF_SDR|multi_band_modulator:u_band_mod|sine_rom:rom_inst_qA|altsyncram:altsyncram_component|altsyncram_4jc1:auto_generated|ALTSYNCRAM                                                                                                                           ;
+------------------------------------------------------------------------------------------------------------------------------------------------------------------------------------------------------------------------------------------------------------------+
;   Addr   ;              +0              ;              +1              ;              +2              ;              +3              ;              +4              ;              +5              ;              +6              ;              +7              ;
+----------+------------------------------+------------------------------+------------------------------+------------------------------+------------------------------+------------------------------+------------------------------+------------------------------+
;0;(00000000000000) (0) (0) (00)    ;(00000000001101) (15) (13) (0D)   ;(00000000011001) (31) (25) (19)   ;(00000000100110) (46) (38) (26)   ;(00000000110010) (62) (50) (32)   ;(00000000111111) (77) (63) (3F)   ;(00000001001011) (113) (75) (4B)   ;(00000001011000) (130) (88) (58)   ;
;8;(00000001100101) (145) (101) (65)    ;(00000001110001) (161) (113) (71)   ;(00000001111110) (176) (126) (7E)   ;(00000010001010) (212) (138) (8A)   ;(00000010010111) (227) (151) (97)   ;(00000010100011) (243) (163) (A3)   ;(00000010110000) (260) (176) (B0)   ;(00000010111100) (274) (188) (BC)   ;
;16;(00000011001001) (311) (201) (C9)    ;(00000011010110) (326) (214) (D6)   ;(00000011100010) (342) (226) (E2)   ;(00000011101111) (357) (239) (EF)   ;(00000011111011) (373) (251) (FB)   ;(00000100001000) (410) (264) (108)   ;(00000100010100) (424) (276) (114)   ;(00000100100001) (441) (289) (121)   ;
;24;(00000100101101) (455) (301) (12D)    ;(00000100111010) (472) (314) (13A)   ;(00000101000111) (507) (327) (147)   ;(00000101010011) (523) (339) (153)   ;(00000101100000) (540) (352) (160)   ;(00000101101100) (554) (364) (16C)   ;(00000101111001) (571) (377) (179)   ;(00000110000101) (605) (389) (185)   ;
;32;(00000110010010) (622) (402) (192)    ;(00000110011110) (636) (414) (19E)   ;(00000110101011) (653) (427) (1AB)   ;(00000110111000) (670) (440) (1B8)   ;(00000111000100) (704) (452) (1C4)   ;(00000111010001) (721) (465) (1D1)   ;(00000111011101) (735) (477) (1DD)   ;(00000111101010) (752) (490) (1EA)   ;
;40;(00000111110110) (766) (502) (1F6)    ;(00001000000011) (1003) (515) (203)   ;(00001000001111) (1017) (527) (20F)   ;(00001000011100) (1034) (540) (21C)   ;(00001000101000) (1050) (552) (228)   ;(00001000110101) (1065) (565) (235)   ;(00001001000010) (1102) (578) (242)   ;(00001001001110) (1116) (590) (24E)   ;
;48;(00001001011011) (1133) (603) (25B)    ;(00001001100111) (1147) (615) (267)   ;(00001001110100) (1164) (628) (274)   ;(00001010000000) (1200) (640) (280)   ;(00001010001101) (1215) (653) (28D)   ;(00001010011001) (1231) (665) (299)   ;(00001010100110) (1246) (678) (2A6)   ;(00001010110010) (1262) (690) (2B2)   ;
;56;(00001010111111) (1277) (703) (2BF)    ;(00001011001011) (1313) (715) (2CB)   ;(00001011011000) (1330) (728) (2D8)   ;(00001011100100) (1344) (740) (2E4)   ;(00001011110001) (1361) (753) (2F1)   ;(00001011111101) (1375) (765) (2FD)   ;(00001100001010) (1412) (778) (30A)   ;(00001100010110) (1426) (790) (316)   ;
;64;(00001100100011) (1443) (803) (323)    ;(00001100101111) (1457) (815) (32F)   ;(00001100111100) (1474) (828) (33C)   ;(00001101001000) (1510) (840) (348)   ;(00001101010101) (1525) (853) (355)   ;(00001101100001) (1541) (865) (361)   ;(00001101101110) (1556) (878) (36E)   ;(00001101111010) (1572) (890) (37A)   ;
;72;(00001110000111) (1607) (903) (387)    ;(00001110010011) (1623) (915) (393)   ;(00001110100000) (1640) (928) (3A0)   ;(00001110101100) (1654) (940) (3AC)   ;(00001110111001) (1671) (953) (3B9)   ;(00001111000101) (1705) (965) (3C5)   ;(00001111010010) (1722) (978) (3D2)   ;(00001111011110) (1736) (990) (3DE)   ;
;80;(00001111101011) (1753) (1003) (3EB)    ;(00001111110111) (1767) (1015) (3F7)   ;(00010000000100) (2004) (1028) (404)   ;(00010000010000) (2020) (1040) (410)   ;(00010000011101) (2035) (1053) (41D)   ;(00010000101001) (2051) (1065) (429)   ;(00010000110101) (2065) (1077) (435)   ;(00010001000010) (2102) (1090) (442)   ;
;88;(00010001001110) (2116) (1102) (44E)    ;(00010001011011) (2133) (1115) (45B)   ;(00010001100111) (2147) (1127) (467)   ;(00010001110100) (2164) (1140) (474)   ;(00010010000000) (2200) (1152) (480)   ;(00010010001101) (2215) (1165) (48D)   ;(00010010011001) (2231) (1177) (499)   ;(00010010100101) (2245) (1189) (4A5)   ;
;96;(00010010110010) (2262) (1202) (4B2)    ;(00010010111110) (2276) (1214) (4BE)   ;(00010011001011) (2313) (1227) (4CB)   ;(00010011010111) (2327) (1239) (4D7)   ;(00010011100100) (2344) (1252) (4E4)   ;(00010011110000) (2360) (1264) (4F0)   ;(00010011111100) (2374) (1276) (4FC)   ;(00010100001001) (2411) (1289) (509)   ;
;104;(00010100010101) (2425) (1301) (515)    ;(00010100100010) (2442) (1314) (522)   ;(00010100101110) (2456) (1326) (52E)   ;(00010100111010) (2472) (1338) (53A)   ;(00010101000111) (2507) (1351) (547)   ;(00010101010011) (2523) (1363) (553)   ;(00010101100000) (2540) (1376) (560)   ;(00010101101100) (2554) (1388) (56C)   ;
;112;(00010101111000) (2570) (1400) (578)    ;(00010110000101) (2605) (1413) (585)   ;(00010110010001) (2621) (1425) (591)   ;(00010110011101) (2635) (1437) (59D)   ;(00010110101010) (2652) (1450) (5AA)   ;(00010110110110) (2666) (1462) (5B6)   ;(00010111000011) (2703) (1475) (5C3)   ;(00010111001111) (2717) (1487) (5CF)   ;
;120;(00010111011011) (2733) (1499) (5DB)    ;(00010111101000) (2750) (1512) (5E8)   ;(00010111110100) (2764) (1524) (5F4)   ;(00011000000000) (3000) (1536) (600)   ;(00011000001101) (3015) (1549) (60D)   ;(00011000011001) (3031) (1561) (619)   ;(00011000100101) (3045) (1573) (625)   ;(00011000110010) (3062) (1586) (632)   ;
;128;(00011000111110) (3076) (1598) (63E)    ;(00011001001010) (3112) (1610) (64A)   ;(00011001010111) (3127) (1623) (657)   ;(00011001100011) (3143) (1635) (663)   ;(00011001101111) (3157) (1647) (66F)   ;(00011001111100) (3174) (1660) (67C)   ;(00011010001000) (3210) (1672) (688)   ;(00011010010100) (3224) (1684) (694)   ;
;136;(00011010100000) (3240) (1696) (6A0)    ;(00011010101101) (3255) (1709) (6AD)   ;(00011010111001) (3271) (1721) (6B9)   ;(00011011000101) (3305) (1733) (6C5)   ;(00011011010010) (3322) (1746) (6D2)   ;(00011011011110) (3336) (1758) (6DE)   ;(00011011101010) (3352) (1770) (6EA)   ;(00011011110110) (3366) (1782) (6F6)   ;
;144;(00011100000011) (3403) (1795) (703)    ;(00011100001111) (3417) (1807) (70F)   ;(00011100011011) (3433) (1819) (71B)   ;(00011100100111) (3447) (1831) (727)   ;(00011100110100) (3464) (1844) (734)   ;(00011101000000) (3500) (1856) (740)   ;(00011101001100) (3514) (1868) (74C)   ;(00011101011000) (3530) (1880) (758)   ;
;152;(00011101100101) (3545) (1893) (765)    ;(00011101110001) (3561) (1905) (771)   ;(00011101111101) (3575) (1917) (77D)   ;(00011110001001) (3611) (1929) (789)   ;(00011110010101) (3625) (1941) (795)   ;(00011110100010) (3642) (1954) (7A2)   ;(00011110101110) (3656) (1966) (7AE)   ;(00011110111010) (3672) (1978) (7BA)   ;
;160;(00011111000110) (3706) (1990) (7C6)    ;(00011111010010) (3722) (2002) (7D2)   ;(00011111011111) (3737) (2015) (7DF)   ;(00011111101011) (3753) (2027) (7EB)   ;(00011111110111) (3767) (2039) (7F7)   ;(00100000000011) (4003) (2051) (803)   ;(00100000001111) (4017) (2063) (80F)   ;(00100000011011) (4033) (2075) (81B)   ;
;168;(00100000101000) (4050) (2088) (828)    ;(00100000110100) (4064) (2100) (834)   ;(00100001000000) (4100) (2112) (840)   ;(00100001001100) (4114) (2124) (84C)   ;(00100001011000) (4130) (2136) (858)   ;(00100001100100) (4144) (2148) (864)   ;(00100001110000) (4160) (2160) (870)   ;(00100001111101) (4175) (2173) (87D)   ;
;176;(00100010001001) (4211) (2185) (889)    ;(00100010010101) (4225) (2197) (895)   ;(00100010100001) (4241) (2209) (8A1)   ;(00100010101101) (4255) (2221) (8AD)   ;(00100010111001) (4271) (2233) (8B9)   ;(00100011000101) (4305) (2245) (8C5)   ;(00100011010001) (4321) (2257) (8D1)   ;(00100011011101) (4335) (2269) (8DD)   ;
;184;(00100011101001) (4351) (2281) (8E9)    ;(00100011110101) (4365) (2293) (8F5)   ;(00100100000001) (4401) (2305) (901)   ;(00100100001110) (4416) (2318) (90E)   ;(00100100011010) (4432) (2330) (91A)   ;(00100100100110) (4446) (2342) (926)   ;(00100100110010) (4462) (2354) (932)   ;(00100100111110) (4476) (2366) (93E)   ;
;192;(00100101001010) (4512) (2378) (94A)    ;(00100101010110) (4526) (2390) (956)   ;(00100101100010) (4542) (2402) (962)   ;(00100101101110) (4556) (2414) (96E)   ;(00100101111010) (4572) (2426) (97A)   ;(00100110000110) (4606) (2438) (986)   ;(00100110010010) (4622) (2450) (992)   ;(00100110011110) (4636) (2462) (99E)   ;
;200;(00100110101010) (4652) (2474) (9AA)    ;(00100110110110) (4666) (2486) (9B6)   ;(00100111000010) (4702) (2498) (9C2)   ;(00100111001110) (4716) (2510) (9CE)   ;(00100111011010) (4732) (2522) (9DA)   ;(00100111100110) (4746) (2534) (9E6)   ;(00100111110001) (4761) (2545) (9F1)   ;(00100111111101) (4775) (2557) (9FD)   ;
;208;(00101000001001) (5011) (2569) (A09)    ;(00101000010101) (5025) (2581) (A15)   ;(00101000100001) (5041) (2593) (A21)   ;(00101000101101) (5055) (2605) (A2D)   ;(00101000111001) (5071) (2617) (A39)   ;(00101001000101) (5105) (2629) (A45)   ;(00101001010001) (5121) (2641) (A51)   ;(00101001011101) (5135) (2653) (A5D)   ;
;216;(00101001101001) (5151) (2665) (A69)    ;(00101001110100) (5164) (2676) (A74)   ;(00101010000000) (5200) (2688) (A80)   ;(00101010001100) (5214) (2700) (A8C)   ;(00101010011000) (5230) (2712) (A98)   ;(00101010100100) (5244) (2724) (AA4)   ;(00101010110000) (5260) (2736) (AB0)   ;(00101010111100) (5274) (2748) (ABC)   ;
;224;(00101011000111) (5307) (2759) (AC7)    ;(00101011010011) (5323) (2771) (AD3)   ;(00101011011111) (5337) (2783) (ADF)   ;(00101011101011) (5353) (2795) (AEB)   ;(00101011110111) (5367) (2807) (AF7)   ;(00101100000011) (5403) (2819) (B03)   ;(00101100001110) (5416) (2830) (B0E)   ;(00101100011010) (5432) (2842) (B1A)   ;
;232;(00101100100110) (5446) (2854) (B26)    ;(00101100110010) (5462) (2866) (B32)   ;(00101100111101) (5475) (2877) (B3D)   ;(00101101001001) (5511) (2889) (B49)   ;(00101101010101) (5525) (2901) (B55)   ;(00101101100001) (5541) (2913) (B61)   ;(00101101101100) (5554) (2924) (B6C)   ;(00101101111000) (5570) (2936) (B78)   ;
;240;(00101110000100) (5604) (2948) (B84)    ;(00101110010000) (5620) (2960) (B90)   ;(00101110011011) (5633) (2971) (B9B)   ;(00101110100111) (5647) (2983) (BA7)   ;(00101110110011) (5663) (2995) (BB3)   ;(00101110111110) (5676) (3006) (BBE)   ;(00101111001010) (5712) (3018) (BCA)   ;(00101111010110) (5726) (3030) (BD6)   ;
;248;(00101111100001) (5741) (3041) (BE1)    ;(00101111101101) (5755) (3053) (BED)   ;(00101111111001) (5771) (3065) (BF9)   ;(00110000000100) (6004) (3076) (C04)   ;(00110000010000) (6020) (3088) (C10)   ;(00110000011100) (6034) (3100) (C1C)   ;(00110000100111) (6047) (3111) (C27)   ;(00110000110011) (6063) (3123) (C33)   ;
;256;(00110000111111) (6077) (3135) (C3F)    ;(00110001001010) (6112) (3146) (C4A)   ;(00110001010110) (6126) (3158) (C56)   ;(00110001100001) (6141) (3169) (C61)   ;(00110001101101) (6155) (3181) (C6D)   ;(00110001111001) (6171) (3193) (C79)   ;(00110010000100) (6204) (3204) (C84)   ;(00110010010000) (6220) (3216) (C90)   ;
;264;(00110010011011) (6233) (3227) (C9B)    ;(00110010100111) (6247) (3239) (CA7)   ;(00110010110010) (6262) (3250) (CB2)   ;(00110010111110) (6276) (3262) (CBE)   ;(00110011001001) (6311) (3273) (CC9)   ;(00110011010101) (6325) (3285) (CD5)   ;(00110011100000) (6340) (3296) (CE0)   ;(00110011101100) (6354) (3308) (CEC)   ;
;272;(00110011110111) (6367) (3319) (CF7)    ;(00110100000011) (6403) (3331) (D03)   ;(00110100001110) (6416) (3342) (D0E)   ;(00110100011010) (6432) (3354) (D1A)   ;(00110100100101) (6445) (3365) (D25)   ;(00110100110001) (6461) (3377) (D31)   ;(00110100111100) (6474) (3388) (D3C)   ;(00110101001000) (6510) (3400) (D48)   ;
;280;(00110101010011) (6523) (3411) (D53)    ;(00110101011110) (6536) (3422) (D5E)   ;(00110101101010) (6552) (3434) (D6A)   ;(00110101110101) (6565) (3445) (D75)   ;(00110110000001) (6601) (3457) (D81)   ;(00110110001100) (6614) (3468) (D8C)   ;(00110110010111) (6627) (3479) (D97)   ;(00110110100011) (6643) (3491) (DA3)   ;
;288;(00110110101110) (6656) (3502) (DAE)    ;(00110110111001) (6671) (3513) (DB9)   ;(00110111000101) (6705) (3525) (DC5)   ;(00110111010000) (6720) (3536) (DD0)   ;(00110111011011) (6733) (3547) (DDB)   ;(00110111100111) (6747) (3559) (DE7)   ;(00110111110010) (6762) (3570) (DF2)   ;(00110111111101) (6775) (3581) (DFD)   ;
;296;(00111000001001) (7011) (3593) (E09)    ;(00111000010100) (7024) (3604) (E14)   ;(00111000011111) (7037) (3615) (E1F)   ;(00111000101011) (7053) (3627) (E2B)   ;(00111000110110) (7066) (3638) (E36)   ;(00111001000001) (7101) (3649) (E41)   ;(00111001001100) (7114) (3660) (E4C)   ;(00111001011000) (7130) (3672) (E58)   ;
;304;(00111001100011) (7143) (3683) (E63)    ;(00111001101110) (7156) (3694) (E6E)   ;(00111001111001) (7171) (3705) (E79)   ;(00111010000100) (7204) (3716) (E84)   ;(00111010010000) (7220) (3728) (E90)   ;(00111010011011) (7233) (3739) (E9B)   ;(00111010100110) (7246) (3750) (EA6)   ;(00111010110001) (7261) (3761) (EB1)   ;
;312;(00111010111100) (7274) (3772) (EBC)    ;(00111011000111) (7307) (3783) (EC7)   ;(00111011010011) (7323) (3795) (ED3)   ;(00111011011110) (7336) (3806) (EDE)   ;(00111011101001) (7351) (3817) (EE9)   ;(00111011110100) (7364) (3828) (EF4)   ;(00111011111111) (7377) (3839) (EFF)   ;(00111100001010) (7412) (3850) (F0A)   ;
;320;(00111100010101) (7425) (3861) (F15)    ;(00111100100000) (7440) (3872) (F20)   ;(00111100101011) (7453) (3883) (F2B)   ;(00111100110110) (7466) (3894) (F36)   ;(00111101000001) (7501) (3905) (F41)   ;(00111101001101) (7515) (3917) (F4D)   ;(00111101011000) (7530) (3928) (F58)   ;(00111101100011) (7543) (3939) (F63)   ;
;328;(00111101101110) (7556) (3950) (F6E)    ;(00111101111001) (7571) (3961) (F79)   ;(00111110000100) (7604) (3972) (F84)   ;(00111110001111) (7617) (3983) (F8F)   ;(00111110011010) (7632) (3994) (F9A)   ;(00111110100100) (7644) (4004) (FA4)   ;(00111110101111) (7657) (4015) (FAF)   ;(00111110111010) (7672) (4026) (FBA)   ;
;336;(00111111000101) (7705) (4037) (FC5)    ;(00111111010000) (7720) (4048) (FD0)   ;(00111111011011) (7733) (4059) (FDB)   ;(00111111100110) (7746) (4070) (FE6)   ;(00111111110001) (7761) (4081) (FF1)   ;(00111111111100) (7774) (4092) (FFC)   ;(01000000000111) (10007) (4103) (1007)   ;(01000000010010) (10022) (4114) (1012)   ;
;344;(01000000011100) (10034) (4124) (101C)    ;(01000000100111) (10047) (4135) (1027)   ;(01000000110010) (10062) (4146) (1032)   ;(01000000111101) (10075) (4157) (103D)   ;(01000001001000) (10110) (4168) (1048)   ;(01000001010011) (10123) (4179) (1053)   ;(01000001011101) (10135) (4189) (105D)   ;(01000001101000) (10150) (4200) (1068)   ;
;352;(01000001110011) (10163) (4211) (1073)    ;(01000001111110) (10176) (4222) (107E)   ;(01000010001001) (10211) (4233) (1089)   ;(01000010010011) (10223) (4243) (1093)   ;(01000010011110) (10236) (4254) (109E)   ;(01000010101001) (10251) (4265) (10A9)   ;(01000010110011) (10263) (4275) (10B3)   ;(01000010111110) (10276) (4286) (10BE)   ;
;360;(01000011001001) (10311) (4297) (10C9)    ;(01000011010100) (10324) (4308) (10D4)   ;(01000011011110) (10336) (4318) (10DE)   ;(01000011101001) (10351) (4329) (10E9)   ;(01000011110100) (10364) (4340) (10F4)   ;(01000011111110) (10376) (4350) (10FE)   ;(01000100001001) (10411) (4361) (1109)   ;(01000100010100) (10424) (4372) (1114)   ;
;368;(01000100011110) (10436) (4382) (111E)    ;(01000100101001) (10451) (4393) (1129)   ;(01000100110011) (10463) (4403) (1133)   ;(01000100111110) (10476) (4414) (113E)   ;(01000101001001) (10511) (4425) (1149)   ;(01000101010011) (10523) (4435) (1153)   ;(01000101011110) (10536) (4446) (115E)   ;(01000101101000) (10550) (4456) (1168)   ;
;376;(01000101110011) (10563) (4467) (1173)    ;(01000101111101) (10575) (4477) (117D)   ;(01000110001000) (10610) (4488) (1188)   ;(01000110010010) (10622) (4498) (1192)   ;(01000110011101) (10635) (4509) (119D)   ;(01000110100111) (10647) (4519) (11A7)   ;(01000110110010) (10662) (4530) (11B2)   ;(01000110111100) (10674) (4540) (11BC)   ;
;384;(01000111000111) (10707) (4551) (11C7)    ;(01000111010001) (10721) (4561) (11D1)   ;(01000111011100) (10734) (4572) (11DC)   ;(01000111100110) (10746) (4582) (11E6)   ;(01000111110000) (10760) (4592) (11F0)   ;(01000111111011) (10773) (4603) (11FB)   ;(01001000000101) (11005) (4613) (1205)   ;(01001000010000) (11020) (4624) (1210)   ;
;392;(01001000011010) (11032) (4634) (121A)    ;(01001000100100) (11044) (4644) (1224)   ;(01001000101111) (11057) (4655) (122F)   ;(01001000111001) (11071) (4665) (1239)   ;(01001001000011) (11103) (4675) (1243)   ;(01001001001110) (11116) (4686) (124E)   ;(01001001011000) (11130) (4696) (1258)   ;(01001001100010) (11142) (4706) (1262)   ;
;400;(01001001101100) (11154) (4716) (126C)    ;(01001001110111) (11167) (4727) (1277)   ;(01001010000001) (11201) (4737) (1281)   ;(01001010001011) (11213) (4747) (128B)   ;(01001010010101) (11225) (4757) (1295)   ;(01001010100000) (11240) (4768) (12A0)   ;(01001010101010) (11252) (4778) (12AA)   ;(01001010110100) (11264) (4788) (12B4)   ;
;408;(01001010111110) (11276) (4798) (12BE)    ;(01001011001000) (11310) (4808) (12C8)   ;(01001011010011) (11323) (4819) (12D3)   ;(01001011011101) (11335) (4829) (12DD)   ;(01001011100111) (11347) (4839) (12E7)   ;(01001011110001) (11361) (4849) (12F1)   ;(01001011111011) (11373) (4859) (12FB)   ;(01001100000101) (11405) (4869) (1305)   ;
;416;(01001100001111) (11417) (4879) (130F)    ;(01001100011001) (11431) (4889) (1319)   ;(01001100100100) (11444) (4900) (1324)   ;(01001100101110) (11456) (4910) (132E)   ;(01001100111000) (11470) (4920) (1338)   ;(01001101000010) (11502) (4930) (1342)   ;(01001101001100) (11514) (4940) (134C)   ;(01001101010110) (11526) (4950) (1356)   ;
;424;(01001101100000) (11540) (4960) (1360)    ;(01001101101010) (11552) (4970) (136A)   ;(01001101110100) (11564) (4980) (1374)   ;(01001101111110) (11576) (4990) (137E)   ;(01001110001000) (11610) (5000) (1388)   ;(01001110010010) (11622) (5010) (1392)   ;(01001110011100) (11634) (5020) (139C)   ;(01001110100101) (11645) (5029) (13A5)   ;
;432;(01001110101111) (11657) (5039) (13AF)    ;(01001110111001) (11671) (5049) (13B9)   ;(01001111000011) (11703) (5059) (13C3)   ;(01001111001101) (11715) (5069) (13CD)   ;(01001111010111) (11727) (5079) (13D7)   ;(01001111100001) (11741) (5089) (13E1)   ;(01001111101011) (11753) (5099) (13EB)   ;(01001111110100) (11764) (5108) (13F4)   ;
;440;(01001111111110) (11776) (5118) (13FE)    ;(01010000001000) (12010) (5128) (1408)   ;(01010000010010) (12022) (5138) (1412)   ;(01010000011100) (12034) (5148) (141C)   ;(01010000100101) (12045) (5157) (1425)   ;(01010000101111) (12057) (5167) (142F)   ;(01010000111001) (12071) (5177) (1439)   ;(01010001000011) (12103) (5187) (1443)   ;
;448;(01010001001100) (12114) (5196) (144C)    ;(01010001010110) (12126) (5206) (1456)   ;(01010001100000) (12140) (5216) (1460)   ;(01010001101001) (12151) (5225) (1469)   ;(01010001110011) (12163) (5235) (1473)   ;(01010001111101) (12175) (5245) (147D)   ;(01010010000110) (12206) (5254) (1486)   ;(01010010010000) (12220) (5264) (1490)   ;
;456;(01010010011010) (12232) (5274) (149A)    ;(01010010100011) (12243) (5283) (14A3)   ;(01010010101101) (12255) (5293) (14AD)   ;(01010010110110) (12266) (5302) (14B6)   ;(01010011000000) (12300) (5312) (14C0)   ;(01010011001010) (12312) (5322) (14CA)   ;(01010011010011) (12323) (5331) (14D3)   ;(01010011011101) (12335) (5341) (14DD)   ;
;464;(01010011100110) (12346) (5350) (14E6)    ;(01010011110000) (12360) (5360) (14F0)   ;(01010011111001) (12371) (5369) (14F9)   ;(01010100000011) (12403) (5379) (1503)   ;(01010100001100) (12414) (5388) (150C)   ;(01010100010110) (12426) (5398) (1516)   ;(01010100011111) (12437) (5407) (151F)   ;(01010100101000) (12450) (5416) (1528)   ;
;472;(01010100110010) (12462) (5426) (1532)    ;(01010100111011) (12473) (5435) (153B)   ;(01010101000101) (12505) (5445) (1545)   ;(01010101001110) (12516) (5454) (154E)   ;(01010101010111) (12527) (5463) (1557)   ;(01010101100001) (12541) (5473) (1561)   ;(01010101101010) (12552) (5482) (156A)   ;(01010101110011) (12563) (5491) (1573)   ;
;480;(01010101111101) (12575) (5501) (157D)    ;(01010110000110) (12606) (5510) (1586)   ;(01010110001111) (12617) (5519) (158F)   ;(01010110011001) (12631) (5529) (1599)   ;(01010110100010) (12642) (5538) (15A2)   ;(01010110101011) (12653) (5547) (15AB)   ;(01010110110100) (12664) (5556) (15B4)   ;(01010110111110) (12676) (5566) (15BE)   ;
;488;(01010111000111) (12707) (5575) (15C7)    ;(01010111010000) (12720) (5584) (15D0)   ;(01010111011001) (12731) (5593) (15D9)   ;(01010111100010) (12742) (5602) (15E2)   ;(01010111101100) (12754) (5612) (15EC)   ;(01010111110101) (12765) (5621) (15F5)   ;(01010111111110) (12776) (5630) (15FE)   ;(01011000000111) (13007) (5639) (1607)   ;
;496;(01011000010000) (13020) (5648) (1610)    ;(01011000011001) (13031) (5657) (1619)   ;(01011000100010) (13042) (5666) (1622)   ;(01011000101011) (13053) (5675) (162B)   ;(01011000110100) (13064) (5684) (1634)   ;(01011000111101) (13075) (5693) (163D)   ;(01011001000110) (13106) (5702) (1646)   ;(01011001001111) (13117) (5711) (164F)   ;
;504;(01011001011000) (13130) (5720) (1658)    ;(01011001100001) (13141) (5729) (1661)   ;(01011001101010) (13152) (5738) (166A)   ;(01011001110011) (13163) (5747) (1673)   ;(01011001111100) (13174) (5756) (167C)   ;(01011010000101) (13205) (5765) (1685)   ;(01011010001110) (13216) (5774) (168E)   ;(01011010010111) (13227) (5783) (1697)   ;
;512;(01011010100000) (13240) (5792) (16A0)    ;(01011010101001) (13251) (5801) (16A9)   ;(01011010110010) (13262) (5810) (16B2)   ;(01011010111011) (13273) (5819) (16BB)   ;(01011011000011) (13303) (5827) (16C3)   ;(01011011001100) (13314) (5836) (16CC)   ;(01011011010101) (13325) (5845) (16D5)   ;(01011011011110) (13336) (5854) (16DE)   ;
;520;(01011011100111) (13347) (5863) (16E7)    ;(01011011101111) (13357) (5871) (16EF)   ;(01011011111000) (13370) (5880) (16F8)   ;(01011100000001) (13401) (5889) (1701)   ;(01011100001010) (13412) (5898) (170A)   ;(01011100010010) (13422) (5906) (1712)   ;(01011100011011) (13433) (5915) (171B)   ;(01011100100100) (13444) (5924) (1724)   ;
;528;(01011100101100) (13454) (5932) (172C)    ;(01011100110101) (13465) (5941) (1735)   ;(01011100111110) (13476) (5950) (173E)   ;(01011101000110) (13506) (5958) (1746)   ;(01011101001111) (13517) (5967) (174F)   ;(01011101010111) (13527) (5975) (1757)   ;(01011101100000) (13540) (5984) (1760)   ;(01011101101001) (13551) (5993) (1769)   ;
;536;(01011101110001) (13561) (6001) (1771)    ;(01011101111010) (13572) (6010) (177A)   ;(01011110000010) (13602) (6018) (1782)   ;(01011110001011) (13613) (6027) (178B)   ;(01011110010011) (13623) (6035) (1793)   ;(01011110011100) (13634) (6044) (179C)   ;(01011110100100) (13644) (6052) (17A4)   ;(01011110101101) (13655) (6061) (17AD)   ;
;544;(01011110110101) (13665) (6069) (17B5)    ;(01011110111110) (13676) (6078) (17BE)   ;(01011111000110) (13706) (6086) (17C6)   ;(01011111001110) (13716) (6094) (17CE)   ;(01011111010111) (13727) (6103) (17D7)   ;(01011111011111) (13737) (6111) (17DF)   ;(01011111101000) (13750) (6120) (17E8)   ;(01011111110000) (13760) (6128) (17F0)   ;
;552;(01011111111000) (13770) (6136) (17F8)    ;(01100000000000) (14000) (6144) (1800)   ;(01100000001001) (14011) (6153) (1809)   ;(01100000010001) (14021) (6161) (1811)   ;(01100000011001) (14031) (6169) (1819)   ;(01100000100010) (14042) (6178) (1822)   ;(01100000101010) (14052) (6186) (182A)   ;(01100000110010) (14062) (6194) (1832)   ;
;560;(01100000111010) (14072) (6202) (183A)    ;(01100001000010) (14102) (6210) (1842)   ;(01100001001011) (14113) (6219) (184B)   ;(01100001010011) (14123) (6227) (1853)   ;(01100001011011) (14133) (6235) (185B)   ;(01100001100011) (14143) (6243) (1863)   ;(01100001101011) (14153) (6251) (186B)   ;(01100001110011) (14163) (6259) (1873)   ;
;568;(01100001111011) (14173) (6267) (187B)    ;(01100010000100) (14204) (6276) (1884)   ;(01100010001100) (14214) (6284) (188C)   ;(01100010010100) (14224) (6292) (1894)   ;(01100010011100) (14234) (6300) (189C)   ;(01100010100100) (14244) (6308) (18A4)   ;(01100010101100) (14254) (6316) (18AC)   ;(01100010110100) (14264) (6324) (18B4)   ;
;576;(01100010111100) (14274) (6332) (18BC)    ;(01100011000100) (14304) (6340) (18C4)   ;(01100011001100) (14314) (6348) (18CC)   ;(01100011010100) (14324) (6356) (18D4)   ;(01100011011011) (14333) (6363) (18DB)   ;(01100011100011) (14343) (6371) (18E3)   ;(01100011101011) (14353) (6379) (18EB)   ;(01100011110011) (14363) (6387) (18F3)   ;
;584;(01100011111011) (14373) (6395) (18FB)    ;(01100100000011) (14403) (6403) (1903)   ;(01100100001011) (14413) (6411) (190B)   ;(01100100010011) (14423) (6419) (1913)   ;(01100100011010) (14432) (6426) (191A)   ;(01100100100010) (14442) (6434) (1922)   ;(01100100101010) (14452) (6442) (192A)   ;(01100100110010) (14462) (6450) (1932)   ;
;592;(01100100111001) (14471) (6457) (1939)    ;(01100101000001) (14501) (6465) (1941)   ;(01100101001001) (14511) (6473) (1949)   ;(01100101010000) (14520) (6480) (1950)   ;(01100101011000) (14530) (6488) (1958)   ;(01100101100000) (14540) (6496) (1960)   ;(01100101100111) (14547) (6503) (1967)   ;(01100101101111) (14557) (6511) (196F)   ;
;600;(01100101110111) (14567) (6519) (1977)    ;(01100101111110) (14576) (6526) (197E)   ;(01100110000110) (14606) (6534) (1986)   ;(01100110001101) (14615) (6541) (198D)   ;(01100110010101) (14625) (6549) (1995)   ;(01100110011101) (14635) (6557) (199D)   ;(01100110100100) (14644) (6564) (19A4)   ;(01100110101100) (14654) (6572) (19AC)   ;
;608;(01100110110011) (14663) (6579) (19B3)    ;(01100110111011) (14673) (6587) (19BB)   ;(01100111000010) (14702) (6594) (19C2)   ;(01100111001001) (14711) (6601) (19C9)   ;(01100111010001) (14721) (6609) (19D1)   ;(01100111011000) (14730) (6616) (19D8)   ;(01100111100000) (14740) (6624) (19E0)   ;(01100111100111) (14747) (6631) (19E7)   ;
;616;(01100111101110) (14756) (6638) (19EE)    ;(01100111110110) (14766) (6646) (19F6)   ;(01100111111101) (14775) (6653) (19FD)   ;(01101000000100) (15004) (6660) (1A04)   ;(01101000001100) (15014) (6668) (1A0C)   ;(01101000010011) (15023) (6675) (1A13)   ;(01101000011010) (15032) (6682) (1A1A)   ;(01101000100010) (15042) (6690) (1A22)   ;
;624;(01101000101001) (15051) (6697) (1A29)    ;(01101000110000) (15060) (6704) (1A30)   ;(01101000110111) (15067) (6711) (1A37)   ;(01101000111110) (15076) (6718) (1A3E)   ;(01101001000110) (15106) (6726) (1A46)   ;(01101001001101) (15115) (6733) (1A4D)   ;(01101001010100) (15124) (6740) (1A54)   ;(01101001011011) (15133) (6747) (1A5B)   ;
;632;(01101001100010) (15142) (6754) (1A62)    ;(01101001101001) (15151) (6761) (1A69)   ;(01101001110000) (15160) (6768) (1A70)   ;(01101001110111) (15167) (6775) (1A77)   ;(01101001111111) (15177) (6783) (1A7F)   ;(01101010000110) (15206) (6790) (1A86)   ;(01101010001101) (15215) (6797) (1A8D)   ;(01101010010100) (15224) (6804) (1A94)   ;
;640;(01101010011011) (15233) (6811) (1A9B)    ;(01101010100010) (15242) (6818) (1AA2)   ;(01101010101000) (15250) (6824) (1AA8)   ;(01101010101111) (15257) (6831) (1AAF)   ;(01101010110110) (15266) (6838) (1AB6)   ;(01101010111101) (15275) (6845) (1ABD)   ;(01101011000100) (15304) (6852) (1AC4)   ;(01101011001011) (15313) (6859) (1ACB)   ;
;648;(01101011010010) (15322) (6866) (1AD2)    ;(01101011011001) (15331) (6873) (1AD9)   ;(01101011100000) (15340) (6880) (1AE0)   ;(01101011100110) (15346) (6886) (1AE6)   ;(01101011101101) (15355) (6893) (1AED)   ;(01101011110100) (15364) (6900) (1AF4)   ;(01101011111011) (15373) (6907) (1AFB)   ;(01101100000001) (15401) (6913) (1B01)   ;
;656;(01101100001000) (15410) (6920) (1B08)    ;(01101100001111) (15417) (6927) (1B0F)   ;(01101100010110) (15426) (6934) (1B16)   ;(01101100011100) (15434) (6940) (1B1C)   ;(01101100100011) (15443) (6947) (1B23)   ;(01101100101010) (15452) (6954) (1B2A)   ;(01101100110000) (15460) (6960) (1B30)   ;(01101100110111) (15467) (6967) (1B37)   ;
;664;(01101100111101) (15475) (6973) (1B3D)    ;(01101101000100) (15504) (6980) (1B44)   ;(01101101001011) (15513) (6987) (1B4B)   ;(01101101010001) (15521) (6993) (1B51)   ;(01101101011000) (15530) (7000) (1B58)   ;(01101101011110) (15536) (7006) (1B5E)   ;(01101101100101) (15545) (7013) (1B65)   ;(01101101101011) (15553) (7019) (1B6B)   ;
;672;(01101101110010) (15562) (7026) (1B72)    ;(01101101111000) (15570) (7032) (1B78)   ;(01101101111111) (15577) (7039) (1B7F)   ;(01101110000101) (15605) (7045) (1B85)   ;(01101110001011) (15613) (7051) (1B8B)   ;(01101110010010) (15622) (7058) (1B92)   ;(01101110011000) (15630) (7064) (1B98)   ;(01101110011110) (15636) (7070) (1B9E)   ;
;680;(01101110100101) (15645) (7077) (1BA5)    ;(01101110101011) (15653) (7083) (1BAB)   ;(01101110110001) (15661) (7089) (1BB1)   ;(01101110111000) (15670) (7096) (1BB8)   ;(01101110111110) (15676) (7102) (1BBE)   ;(01101111000100) (15704) (7108) (1BC4)   ;(01101111001010) (15712) (7114) (1BCA)   ;(01101111010001) (15721) (7121) (1BD1)   ;
;688;(01101111010111) (15727) (7127) (1BD7)    ;(01101111011101) (15735) (7133) (1BDD)   ;(01101111100011) (15743) (7139) (1BE3)   ;(01101111101001) (15751) (7145) (1BE9)   ;(01101111110000) (15760) (7152) (1BF0)   ;(01101111110110) (15766) (7158) (1BF6)   ;(01101111111100) (15774) (7164) (1BFC)   ;(01110000000010) (16002) (7170) (1C02)   ;
;696;(01110000001000) (16010) (7176) (1C08)    ;(01110000001110) (16016) (7182) (1C0E)   ;(01110000010100) (16024) (7188) (1C14)   ;(01110000011010) (16032) (7194) (1C1A)   ;(01110000100000) (16040) (7200) (1C20)   ;(01110000100110) (16046) (7206) (1C26)   ;(01110000101100) (16054) (7212) (1C2C)   ;(01110000110010) (16062) (7218) (1C32)   ;
;704;(01110000111000) (16070) (7224) (1C38)    ;(01110000111110) (16076) (7230) (1C3E)   ;(01110001000100) (16104) (7236) (1C44)   ;(01110001001010) (16112) (7242) (1C4A)   ;(01110001001111) (16117) (7247) (1C4F)   ;(01110001010101) (16125) (7253) (1C55)   ;(01110001011011) (16133) (7259) (1C5B)   ;(01110001100001) (16141) (7265) (1C61)   ;
;712;(01110001100111) (16147) (7271) (1C67)    ;(01110001101100) (16154) (7276) (1C6C)   ;(01110001110010) (16162) (7282) (1C72)   ;(01110001111000) (16170) (7288) (1C78)   ;(01110001111110) (16176) (7294) (1C7E)   ;(01110010000011) (16203) (7299) (1C83)   ;(01110010001001) (16211) (7305) (1C89)   ;(01110010001111) (16217) (7311) (1C8F)   ;
;720;(01110010010100) (16224) (7316) (1C94)    ;(01110010011010) (16232) (7322) (1C9A)   ;(01110010100000) (16240) (7328) (1CA0)   ;(01110010100101) (16245) (7333) (1CA5)   ;(01110010101011) (16253) (7339) (1CAB)   ;(01110010110000) (16260) (7344) (1CB0)   ;(01110010110110) (16266) (7350) (1CB6)   ;(01110010111100) (16274) (7356) (1CBC)   ;
;728;(01110011000001) (16301) (7361) (1CC1)    ;(01110011000111) (16307) (7367) (1CC7)   ;(01110011001100) (16314) (7372) (1CCC)   ;(01110011010001) (16321) (7377) (1CD1)   ;(01110011010111) (16327) (7383) (1CD7)   ;(01110011011100) (16334) (7388) (1CDC)   ;(01110011100010) (16342) (7394) (1CE2)   ;(01110011100111) (16347) (7399) (1CE7)   ;
;736;(01110011101101) (16355) (7405) (1CED)    ;(01110011110010) (16362) (7410) (1CF2)   ;(01110011110111) (16367) (7415) (1CF7)   ;(01110011111101) (16375) (7421) (1CFD)   ;(01110100000010) (16402) (7426) (1D02)   ;(01110100000111) (16407) (7431) (1D07)   ;(01110100001100) (16414) (7436) (1D0C)   ;(01110100010010) (16422) (7442) (1D12)   ;
;744;(01110100010111) (16427) (7447) (1D17)    ;(01110100011100) (16434) (7452) (1D1C)   ;(01110100100001) (16441) (7457) (1D21)   ;(01110100100111) (16447) (7463) (1D27)   ;(01110100101100) (16454) (7468) (1D2C)   ;(01110100110001) (16461) (7473) (1D31)   ;(01110100110110) (16466) (7478) (1D36)   ;(01110100111011) (16473) (7483) (1D3B)   ;
;752;(01110101000000) (16500) (7488) (1D40)    ;(01110101000101) (16505) (7493) (1D45)   ;(01110101001010) (16512) (7498) (1D4A)   ;(01110101001111) (16517) (7503) (1D4F)   ;(01110101010101) (16525) (7509) (1D55)   ;(01110101011010) (16532) (7514) (1D5A)   ;(01110101011111) (16537) (7519) (1D5F)   ;(01110101100100) (16544) (7524) (1D64)   ;
;760;(01110101101000) (16550) (7528) (1D68)    ;(01110101101101) (16555) (7533) (1D6D)   ;(01110101110010) (16562) (7538) (1D72)   ;(01110101110111) (16567) (7543) (1D77)   ;(01110101111100) (16574) (7548) (1D7C)   ;(01110110000001) (16601) (7553) (1D81)   ;(01110110000110) (16606) (7558) (1D86)   ;(01110110001011) (16613) (7563) (1D8B)   ;
;768;(01110110001111) (16617) (7567) (1D8F)    ;(01110110010100) (16624) (7572) (1D94)   ;(01110110011001) (16631) (7577) (1D99)   ;(01110110011110) (16636) (7582) (1D9E)   ;(01110110100011) (16643) (7587) (1DA3)   ;(01110110100111) (16647) (7591) (1DA7)   ;(01110110101100) (16654) (7596) (1DAC)   ;(01110110110001) (16661) (7601) (1DB1)   ;
;776;(01110110110101) (16665) (7605) (1DB5)    ;(01110110111010) (16672) (7610) (1DBA)   ;(01110110111111) (16677) (7615) (1DBF)   ;(01110111000011) (16703) (7619) (1DC3)   ;(01110111001000) (16710) (7624) (1DC8)   ;(01110111001100) (16714) (7628) (1DCC)   ;(01110111010001) (16721) (7633) (1DD1)   ;(01110111010110) (16726) (7638) (1DD6)   ;
;784;(01110111011010) (16732) (7642) (1DDA)    ;(01110111011111) (16737) (7647) (1DDF)   ;(01110111100011) (16743) (7651) (1DE3)   ;(01110111101000) (16750) (7656) (1DE8)   ;(01110111101100) (16754) (7660) (1DEC)   ;(01110111110001) (16761) (7665) (1DF1)   ;(01110111110101) (16765) (7669) (1DF5)   ;(01110111111001) (16771) (7673) (1DF9)   ;
;792;(01110111111110) (16776) (7678) (1DFE)    ;(01111000000010) (17002) (7682) (1E02)   ;(01111000000110) (17006) (7686) (1E06)   ;(01111000001011) (17013) (7691) (1E0B)   ;(01111000001111) (17017) (7695) (1E0F)   ;(01111000010011) (17023) (7699) (1E13)   ;(01111000011000) (17030) (7704) (1E18)   ;(01111000011100) (17034) (7708) (1E1C)   ;
;800;(01111000100000) (17040) (7712) (1E20)    ;(01111000100100) (17044) (7716) (1E24)   ;(01111000101001) (17051) (7721) (1E29)   ;(01111000101101) (17055) (7725) (1E2D)   ;(01111000110001) (17061) (7729) (1E31)   ;(01111000110101) (17065) (7733) (1E35)   ;(01111000111001) (17071) (7737) (1E39)   ;(01111000111101) (17075) (7741) (1E3D)   ;
;808;(01111001000001) (17101) (7745) (1E41)    ;(01111001000110) (17106) (7750) (1E46)   ;(01111001001010) (17112) (7754) (1E4A)   ;(01111001001110) (17116) (7758) (1E4E)   ;(01111001010010) (17122) (7762) (1E52)   ;(01111001010110) (17126) (7766) (1E56)   ;(01111001011010) (17132) (7770) (1E5A)   ;(01111001011110) (17136) (7774) (1E5E)   ;
;816;(01111001100010) (17142) (7778) (1E62)    ;(01111001100110) (17146) (7782) (1E66)   ;(01111001101001) (17151) (7785) (1E69)   ;(01111001101101) (17155) (7789) (1E6D)   ;(01111001110001) (17161) (7793) (1E71)   ;(01111001110101) (17165) (7797) (1E75)   ;(01111001111001) (17171) (7801) (1E79)   ;(01111001111101) (17175) (7805) (1E7D)   ;
;824;(01111010000001) (17201) (7809) (1E81)    ;(01111010000100) (17204) (7812) (1E84)   ;(01111010001000) (17210) (7816) (1E88)   ;(01111010001100) (17214) (7820) (1E8C)   ;(01111010010000) (17220) (7824) (1E90)   ;(01111010010011) (17223) (7827) (1E93)   ;(01111010010111) (17227) (7831) (1E97)   ;(01111010011011) (17233) (7835) (1E9B)   ;
;832;(01111010011110) (17236) (7838) (1E9E)    ;(01111010100010) (17242) (7842) (1EA2)   ;(01111010100110) (17246) (7846) (1EA6)   ;(01111010101001) (17251) (7849) (1EA9)   ;(01111010101101) (17255) (7853) (1EAD)   ;(01111010110000) (17260) (7856) (1EB0)   ;(01111010110100) (17264) (7860) (1EB4)   ;(01111010110111) (17267) (7863) (1EB7)   ;
;840;(01111010111011) (17273) (7867) (1EBB)    ;(01111010111110) (17276) (7870) (1EBE)   ;(01111011000010) (17302) (7874) (1EC2)   ;(01111011000101) (17305) (7877) (1EC5)   ;(01111011001001) (17311) (7881) (1EC9)   ;(01111011001100) (17314) (7884) (1ECC)   ;(01111011010000) (17320) (7888) (1ED0)   ;(01111011010011) (17323) (7891) (1ED3)   ;
;848;(01111011010110) (17326) (7894) (1ED6)    ;(01111011011010) (17332) (7898) (1EDA)   ;(01111011011101) (17335) (7901) (1EDD)   ;(01111011100000) (17340) (7904) (1EE0)   ;(01111011100100) (17344) (7908) (1EE4)   ;(01111011100111) (17347) (7911) (1EE7)   ;(01111011101010) (17352) (7914) (1EEA)   ;(01111011101101) (17355) (7917) (1EED)   ;
;856;(01111011110001) (17361) (7921) (1EF1)    ;(01111011110100) (17364) (7924) (1EF4)   ;(01111011110111) (17367) (7927) (1EF7)   ;(01111011111010) (17372) (7930) (1EFA)   ;(01111011111101) (17375) (7933) (1EFD)   ;(01111100000000) (17400) (7936) (1F00)   ;(01111100000011) (17403) (7939) (1F03)   ;(01111100000110) (17406) (7942) (1F06)   ;
;864;(01111100001010) (17412) (7946) (1F0A)    ;(01111100001101) (17415) (7949) (1F0D)   ;(01111100010000) (17420) (7952) (1F10)   ;(01111100010011) (17423) (7955) (1F13)   ;(01111100010110) (17426) (7958) (1F16)   ;(01111100011001) (17431) (7961) (1F19)   ;(01111100011100) (17434) (7964) (1F1C)   ;(01111100011110) (17436) (7966) (1F1E)   ;
;872;(01111100100001) (17441) (7969) (1F21)    ;(01111100100100) (17444) (7972) (1F24)   ;(01111100100111) (17447) (7975) (1F27)   ;(01111100101010) (17452) (7978) (1F2A)   ;(01111100101101) (17455) (7981) (1F2D)   ;(01111100110000) (17460) (7984) (1F30)   ;(01111100110010) (17462) (7986) (1F32)   ;(01111100110101) (17465) (7989) (1F35)   ;
;880;(01111100111000) (17470) (7992) (1F38)    ;(01111100111011) (17473) (7995) (1F3B)   ;(01111100111101) (17475) (7997) (1F3D)   ;(01111101000000) (17500) (8000) (1F40)   ;(01111101000011) (17503) (8003) (1F43)   ;(01111101000110) (17506) (8006) (1F46)   ;(01111101001000) (17510) (8008) (1F48)   ;(01111101001011) (17513) (8011) (1F4B)   ;
;888;(01111101001101) (17515) (8013) (1F4D)    ;(01111101010000) (17520) (8016) (1F50)   ;(01111101010011) (17523) (8019) (1F53)   ;(01111101010101) (17525) (8021) (1F55)   ;(01111101011000) (17530) (8024) (1F58)   ;(01111101011010) (17532) (8026) (1F5A)   ;(01111101011101) (17535) (8029) (1F5D)   ;(01111101011111) (17537) (8031) (1F5F)   ;
;896;(01111101100010) (17542) (8034) (1F62)    ;(01111101100100) (17544) (8036) (1F64)   ;(01111101100110) (17546) (8038) (1F66)   ;(01111101101001) (17551) (8041) (1F69)   ;(01111101101011) (17553) (8043) (1F6B)   ;(01111101101110) (17556) (8046) (1F6E)   ;(01111101110000) (17560) (8048) (1F70)   ;(01111101110010) (17562) (8050) (1F72)   ;
;904;(01111101110101) (17565) (8053) (1F75)    ;(01111101110111) (17567) (8055) (1F77)   ;(01111101111001) (17571) (8057) (1F79)   ;(01111101111011) (17573) (8059) (1F7B)   ;(01111101111110) (17576) (8062) (1F7E)   ;(01111110000000) (17600) (8064) (1F80)   ;(01111110000010) (17602) (8066) (1F82)   ;(01111110000100) (17604) (8068) (1F84)   ;
;912;(01111110000110) (17606) (8070) (1F86)    ;(01111110001001) (17611) (8073) (1F89)   ;(01111110001011) (17613) (8075) (1F8B)   ;(01111110001101) (17615) (8077) (1F8D)   ;(01111110001111) (17617) (8079) (1F8F)   ;(01111110010001) (17621) (8081) (1F91)   ;(01111110010011) (17623) (8083) (1F93)   ;(01111110010101) (17625) (8085) (1F95)   ;
;920;(01111110010111) (17627) (8087) (1F97)    ;(01111110011001) (17631) (8089) (1F99)   ;(01111110011011) (17633) (8091) (1F9B)   ;(01111110011101) (17635) (8093) (1F9D)   ;(01111110011111) (17637) (8095) (1F9F)   ;(01111110100001) (17641) (8097) (1FA1)   ;(01111110100011) (17643) (8099) (1FA3)   ;(01111110100100) (17644) (8100) (1FA4)   ;
;928;(01111110100110) (17646) (8102) (1FA6)    ;(01111110101000) (17650) (8104) (1FA8)   ;(01111110101010) (17652) (8106) (1FAA)   ;(01111110101100) (17654) (8108) (1FAC)   ;(01111110101110) (17656) (8110) (1FAE)   ;(01111110101111) (17657) (8111) (1FAF)   ;(01111110110001) (17661) (8113) (1FB1)   ;(01111110110011) (17663) (8115) (1FB3)   ;
;936;(01111110110100) (17664) (8116) (1FB4)    ;(01111110110110) (17666) (8118) (1FB6)   ;(01111110111000) (17670) (8120) (1FB8)   ;(01111110111001) (17671) (8121) (1FB9)   ;(01111110111011) (17673) (8123) (1FBB)   ;(01111110111101) (17675) (8125) (1FBD)   ;(01111110111110) (17676) (8126) (1FBE)   ;(01111111000000) (17700) (8128) (1FC0)   ;
;944;(01111111000001) (17701) (8129) (1FC1)    ;(01111111000011) (17703) (8131) (1FC3)   ;(01111111000100) (17704) (8132) (1FC4)   ;(01111111000110) (17706) (8134) (1FC6)   ;(01111111000111) (17707) (8135) (1FC7)   ;(01111111001001) (17711) (8137) (1FC9)   ;(01111111001010) (17712) (8138) (1FCA)   ;(01111111001100) (17714) (8140) (1FCC)   ;
;952;(01111111001101) (17715) (8141) (1FCD)    ;(01111111001110) (17716) (8142) (1FCE)   ;(01111111010000) (17720) (8144) (1FD0)   ;(01111111010001) (17721) (8145) (1FD1)   ;(01111111010010) (17722) (8146) (1FD2)   ;(01111111010100) (17724) (8148) (1FD4)   ;(01111111010101) (17725) (8149) (1FD5)   ;(01111111010110) (17726) (8150) (1FD6)   ;
;960;(01111111011000) (17730) (8152) (1FD8)    ;(01111111011001) (17731) (8153) (1FD9)   ;(01111111011010) (17732) (8154) (1FDA)   ;(01111111011011) (17733) (8155) (1FDB)   ;(01111111011100) (17734) (8156) (1FDC)   ;(01111111011101) (17735) (8157) (1FDD)   ;(01111111011111) (17737) (8159) (1FDF)   ;(01111111100000) (17740) (8160) (1FE0)   ;
;968;(01111111100001) (17741) (8161) (1FE1)    ;(01111111100010) (17742) (8162) (1FE2)   ;(01111111100011) (17743) (8163) (1FE3)   ;(01111111100100) (17744) (8164) (1FE4)   ;(01111111100101) (17745) (8165) (1FE5)   ;(01111111100110) (17746) (8166) (1FE6)   ;(01111111100111) (17747) (8167) (1FE7)   ;(01111111101000) (17750) (8168) (1FE8)   ;
;976;(01111111101001) (17751) (8169) (1FE9)    ;(01111111101010) (17752) (8170) (1FEA)   ;(01111111101011) (17753) (8171) (1FEB)   ;(01111111101011) (17753) (8171) (1FEB)   ;(01111111101100) (17754) (8172) (1FEC)   ;(01111111101101) (17755) (8173) (1FED)   ;(01111111101110) (17756) (8174) (1FEE)   ;(01111111101111) (17757) (8175) (1FEF)   ;
;984;(01111111110000) (17760) (8176) (1FF0)    ;(01111111110000) (17760) (8176) (1FF0)   ;(01111111110001) (17761) (8177) (1FF1)   ;(01111111110010) (17762) (8178) (1FF2)   ;(01111111110011) (17763) (8179) (1FF3)   ;(01111111110011) (17763) (8179) (1FF3)   ;(01111111110100) (17764) (8180) (1FF4)   ;(01111111110101) (17765) (8181) (1FF5)   ;
;992;(01111111110101) (17765) (8181) (1FF5)    ;(01111111110110) (17766) (8182) (1FF6)   ;(01111111110110) (17766) (8182) (1FF6)   ;(01111111110111) (17767) (8183) (1FF7)   ;(01111111110111) (17767) (8183) (1FF7)   ;(01111111111000) (17770) (8184) (1FF8)   ;(01111111111000) (17770) (8184) (1FF8)   ;(01111111111001) (17771) (8185) (1FF9)   ;
;1000;(01111111111001) (17771) (8185) (1FF9)    ;(01111111111010) (17772) (8186) (1FFA)   ;(01111111111010) (17772) (8186) (1FFA)   ;(01111111111011) (17773) (8187) (1FFB)   ;(01111111111011) (17773) (8187) (1FFB)   ;(01111111111100) (17774) (8188) (1FFC)   ;(01111111111100) (17774) (8188) (1FFC)   ;(01111111111100) (17774) (8188) (1FFC)   ;
;1008;(01111111111101) (17775) (8189) (1FFD)    ;(01111111111101) (17775) (8189) (1FFD)   ;(01111111111101) (17775) (8189) (1FFD)   ;(01111111111101) (17775) (8189) (1FFD)   ;(01111111111110) (17776) (8190) (1FFE)   ;(01111111111110) (17776) (8190) (1FFE)   ;(01111111111110) (17776) (8190) (1FFE)   ;(01111111111110) (17776) (8190) (1FFE)   ;
;1016;(01111111111110) (17776) (8190) (1FFE)    ;(01111111111111) (17777) (8191) (1FFF)   ;(01111111111111) (17777) (8191) (1FFF)   ;(01111111111111) (17777) (8191) (1FFF)   ;(01111111111111) (17777) (8191) (1FFF)   ;(01111111111111) (17777) (8191) (1FFF)   ;(01111111111111) (17777) (8191) (1FFF)   ;(01111111111111) (17777) (8191) (1FFF)   ;


RAM content values are presented in the following format: (Binary) (Octal) (Decimal) (Hexadecimal) 
+------------------------------------------------------------------------------------------------------------------------------------------------------------------------------------------------------------------------------------------------------------------+
; |HF_SDR|hilbert_filter:u_hilbert|altsyncram:coef_rom_rtl_0|altsyncram_ff91:auto_generated|ALTSYNCRAM                                                                                                                                                             ;
+------------------------------------------------------------------------------------------------------------------------------------------------------------------------------------------------------------------------------------------------------------------+
;   Addr   ;              +0              ;              +1              ;              +2              ;              +3              ;              +4              ;              +5              ;              +6              ;              +7              ;
+----------+------------------------------+------------------------------+------------------------------+------------------------------+------------------------------+------------------------------+------------------------------+------------------------------+
;0;(11111111111110011) (377763) (131059) (1FFF3)    ;(00000000000000000) (0) (0) (00)   ;(11111111111110011) (377763) (131059) (1FFF3)   ;(00000000000000000) (0) (0) (00)   ;(11111111111110010) (377762) (131058) (1FFF2)   ;(00000000000000000) (0) (0) (00)   ;(11111111111110001) (377761) (131057) (1FFF1)   ;(00000000000000000) (0) (0) (00)   ;
;8;(11111111111110000) (377760) (131056) (1FFF0)    ;(00000000000000000) (0) (0) (00)   ;(11111111111101111) (377757) (131055) (1FFEF)   ;(00000000000000000) (0) (0) (00)   ;(11111111111101110) (377756) (131054) (1FFEE)   ;(00000000000000000) (0) (0) (00)   ;(11111111111101100) (377754) (131052) (1FFEC)   ;(00000000000000000) (0) (0) (00)   ;
;16;(11111111111101010) (377752) (131050) (1FFEA)    ;(00000000000000000) (0) (0) (00)   ;(11111111111101000) (377750) (131048) (1FFE8)   ;(00000000000000000) (0) (0) (00)   ;(11111111111100110) (377746) (131046) (1FFE6)   ;(00000000000000000) (0) (0) (00)   ;(11111111111100011) (377743) (131043) (1FFE3)   ;(00000000000000000) (0) (0) (00)   ;
;24;(11111111111100000) (377740) (131040) (1FFE0)    ;(00000000000000000) (0) (0) (00)   ;(11111111111011100) (377734) (131036) (1FFDC)   ;(00000000000000000) (0) (0) (00)   ;(11111111111011001) (377731) (131033) (1FFD9)   ;(00000000000000000) (0) (0) (00)   ;(11111111111010101) (377725) (131029) (1FFD5)   ;(00000000000000000) (0) (0) (00)   ;
;32;(11111111111010000) (377720) (131024) (1FFD0)    ;(00000000000000000) (0) (0) (00)   ;(11111111111001100) (377714) (131020) (1FFCC)   ;(00000000000000000) (0) (0) (00)   ;(11111111111000111) (377707) (131015) (1FFC7)   ;(00000000000000000) (0) (0) (00)   ;(11111111111000001) (377701) (131009) (1FFC1)   ;(00000000000000000) (0) (0) (00)   ;
;40;(11111111110111011) (377673) (131003) (1FFBB)    ;(00000000000000000) (0) (0) (00)   ;(11111111110110101) (377665) (130997) (1FFB5)   ;(00000000000000000) (0) (0) (00)   ;(11111111110101110) (377656) (130990) (1FFAE)   ;(00000000000000000) (0) (0) (00)   ;(11111111110100111) (377647) (130983) (1FFA7)   ;(00000000000000000) (0) (0) (00)   ;
;48;(11111111110011111) (377637) (130975) (1FF9F)    ;(00000000000000000) (0) (0) (00)   ;(11111111110010111) (377627) (130967) (1FF97)   ;(00000000000000000) (0) (0) (00)   ;(11111111110001110) (377616) (130958) (1FF8E)   ;(00000000000000000) (0) (0) (00)   ;(11111111110000100) (377604) (130948) (1FF84)   ;(00000000000000000) (0) (0) (00)   ;
;56;(11111111101111010) (377572) (130938) (1FF7A)    ;(00000000000000000) (0) (0) (00)   ;(11111111101110000) (377560) (130928) (1FF70)   ;(00000000000000000) (0) (0) (00)   ;(11111111101100100) (377544) (130916) (1FF64)   ;(00000000000000000) (0) (0) (00)   ;(11111111101011000) (377530) (130904) (1FF58)   ;(00000000000000000) (0) (0) (00)   ;
;64;(11111111101001011) (377513) (130891) (1FF4B)    ;(00000000000000000) (0) (0) (00)   ;(11111111100111110) (377476) (130878) (1FF3E)   ;(00000000000000000) (0) (0) (00)   ;(11111111100101111) (377457) (130863) (1FF2F)   ;(00000000000000000) (0) (0) (00)   ;(11111111100011111) (377437) (130847) (1FF1F)   ;(00000000000000000) (0) (0) (00)   ;
;72;(11111111100001111) (377417) (130831) (1FF0F)    ;(00000000000000000) (0) (0) (00)   ;(11111111011111101) (377375) (130813) (1FEFD)   ;(00000000000000000) (0) (0) (00)   ;(11111111011101010) (377352) (130794) (1FEEA)   ;(00000000000000000) (0) (0) (00)   ;(11111111011010101) (377325) (130773) (1FED5)   ;(00000000000000000) (0) (0) (00)   ;
;80;(11111111010111111) (377277) (130751) (1FEBF)    ;(00000000000000000) (0) (0) (00)   ;(11111111010100111) (377247) (130727) (1FEA7)   ;(00000000000000000) (0) (0) (00)   ;(11111111010001110) (377216) (130702) (1FE8E)   ;(00000000000000000) (0) (0) (00)   ;(11111111001110001) (377161) (130673) (1FE71)   ;(00000000000000000) (0) (0) (00)   ;
;88;(11111111001010011) (377123) (130643) (1FE53)    ;(00000000000000000) (0) (0) (00)   ;(11111111000110001) (377061) (130609) (1FE31)   ;(00000000000000000) (0) (0) (00)   ;(11111111000001100) (377014) (130572) (1FE0C)   ;(00000000000000000) (0) (0) (00)   ;(11111110111100011) (376743) (130531) (1FDE3)   ;(00000000000000000) (0) (0) (00)   ;
;96;(11111110110110101) (376665) (130485) (1FDB5)    ;(00000000000000000) (0) (0) (00)   ;(11111110110000010) (376602) (130434) (1FD82)   ;(00000000000000000) (0) (0) (00)   ;(11111110101000111) (376507) (130375) (1FD47)   ;(00000000000000000) (0) (0) (00)   ;(11111110100000100) (376404) (130308) (1FD04)   ;(00000000000000000) (0) (0) (00)   ;
;104;(11111110010110110) (376266) (130230) (1FCB6)    ;(00000000000000000) (0) (0) (00)   ;(11111110001011011) (376133) (130139) (1FC5B)   ;(00000000000000000) (0) (0) (00)   ;(11111101111101100) (375754) (130028) (1FBEC)   ;(00000000000000000) (0) (0) (00)   ;(11111101101100110) (375546) (129894) (1FB66)   ;(00000000000000000) (0) (0) (00)   ;
;112;(11111101010111100) (375274) (129724) (1FABC)    ;(00000000000000000) (0) (0) (00)   ;(11111100111100001) (374741) (129505) (1F9E1)   ;(00000000000000000) (0) (0) (00)   ;(11111100010110111) (374267) (129207) (1F8B7)   ;(00000000000000000) (0) (0) (00)   ;(11111011100001100) (373414) (128780) (1F70C)   ;(00000000000000000) (0) (0) (00)   ;
;120;(11111010001101111) (372157) (128111) (1F46F)    ;(00000000000000000) (0) (0) (00)   ;(11110111111000001) (367701) (126913) (1EFC1)   ;(00000000000000000) (0) (0) (00)   ;(11110010011011100) (362334) (124124) (1E4DC)   ;(00000000000000000) (0) (0) (00)   ;(11010111001111110) (327176) (110206) (1AE7E)   ;(00000000000000000) (0) (0) (00)   ;
;128;(00101000110000010) (50602) (20866) (5182)    ;(00000000000000000) (0) (0) (00)   ;(00001101100100100) (15444) (6948) (1B24)   ;(00000000000000000) (0) (0) (00)   ;(00001000000111111) (10077) (4159) (103F)   ;(00000000000000000) (0) (0) (00)   ;(00000101110010001) (5621) (2961) (B91)   ;(00000000000000000) (0) (0) (00)   ;
;136;(00000100011110100) (4364) (2292) (8F4)    ;(00000000000000000) (0) (0) (00)   ;(00000011101001001) (3511) (1865) (749)   ;(00000000000000000) (0) (0) (00)   ;(00000011000011111) (3037) (1567) (61F)   ;(00000000000000000) (0) (0) (00)   ;(00000010101000100) (2504) (1348) (544)   ;(00000000000000000) (0) (0) (00)   ;
;144;(00000010010011010) (2232) (1178) (49A)    ;(00000000000000000) (0) (0) (00)   ;(00000010000010100) (2024) (1044) (414)   ;(00000000000000000) (0) (0) (00)   ;(00000001110100101) (1645) (933) (3A5)   ;(00000000000000000) (0) (0) (00)   ;(00000001101001010) (1512) (842) (34A)   ;(00000000000000000) (0) (0) (00)   ;
;152;(00000001011111100) (1374) (764) (2FC)    ;(00000000000000000) (0) (0) (00)   ;(00000001010111001) (1271) (697) (2B9)   ;(00000000000000000) (0) (0) (00)   ;(00000001001111110) (1176) (638) (27E)   ;(00000000000000000) (0) (0) (00)   ;(00000001001001011) (1113) (587) (24B)   ;(00000000000000000) (0) (0) (00)   ;
;160;(00000001000011101) (1035) (541) (21D)    ;(00000000000000000) (0) (0) (00)   ;(00000000111110100) (764) (500) (1F4)   ;(00000000000000000) (0) (0) (00)   ;(00000000111001111) (717) (463) (1CF)   ;(00000000000000000) (0) (0) (00)   ;(00000000110101101) (655) (429) (1AD)   ;(00000000000000000) (0) (0) (00)   ;
;168;(00000000110001111) (617) (399) (18F)    ;(00000000000000000) (0) (0) (00)   ;(00000000101110010) (562) (370) (172)   ;(00000000000000000) (0) (0) (00)   ;(00000000101011001) (531) (345) (159)   ;(00000000000000000) (0) (0) (00)   ;(00000000101000001) (501) (321) (141)   ;(00000000000000000) (0) (0) (00)   ;
;176;(00000000100101011) (453) (299) (12B)    ;(00000000000000000) (0) (0) (00)   ;(00000000100010110) (426) (278) (116)   ;(00000000000000000) (0) (0) (00)   ;(00000000100000011) (403) (259) (103)   ;(00000000000000000) (0) (0) (00)   ;(00000000011110001) (361) (241) (F1)   ;(00000000000000000) (0) (0) (00)   ;
;184;(00000000011100001) (341) (225) (E1)    ;(00000000000000000) (0) (0) (00)   ;(00000000011010001) (321) (209) (D1)   ;(00000000000000000) (0) (0) (00)   ;(00000000011000010) (302) (194) (C2)   ;(00000000000000000) (0) (0) (00)   ;(00000000010110101) (265) (181) (B5)   ;(00000000000000000) (0) (0) (00)   ;
;192;(00000000010101000) (250) (168) (A8)    ;(00000000000000000) (0) (0) (00)   ;(00000000010011100) (234) (156) (9C)   ;(00000000000000000) (0) (0) (00)   ;(00000000010010000) (220) (144) (90)   ;(00000000000000000) (0) (0) (00)   ;(00000000010000110) (206) (134) (86)   ;(00000000000000000) (0) (0) (00)   ;
;200;(00000000001111100) (174) (124) (7C)    ;(00000000000000000) (0) (0) (00)   ;(00000000001110010) (162) (114) (72)   ;(00000000000000000) (0) (0) (00)   ;(00000000001101001) (151) (105) (69)   ;(00000000000000000) (0) (0) (00)   ;(00000000001100001) (141) (97) (61)   ;(00000000000000000) (0) (0) (00)   ;
;208;(00000000001011001) (131) (89) (59)    ;(00000000000000000) (0) (0) (00)   ;(00000000001010010) (122) (82) (52)   ;(00000000000000000) (0) (0) (00)   ;(00000000001001011) (113) (75) (4B)   ;(00000000000000000) (0) (0) (00)   ;(00000000001000101) (105) (69) (45)   ;(00000000000000000) (0) (0) (00)   ;
;216;(00000000000111111) (77) (63) (3F)    ;(00000000000000000) (0) (0) (00)   ;(00000000000111001) (71) (57) (39)   ;(00000000000000000) (0) (0) (00)   ;(00000000000110100) (64) (52) (34)   ;(00000000000000000) (0) (0) (00)   ;(00000000000110000) (60) (48) (30)   ;(00000000000000000) (0) (0) (00)   ;
;224;(00000000000101011) (53) (43) (2B)    ;(00000000000000000) (0) (0) (00)   ;(00000000000100111) (47) (39) (27)   ;(00000000000000000) (0) (0) (00)   ;(00000000000100100) (44) (36) (24)   ;(00000000000000000) (0) (0) (00)   ;(00000000000100000) (40) (32) (20)   ;(00000000000000000) (0) (0) (00)   ;
;232;(00000000000011101) (35) (29) (1D)    ;(00000000000000000) (0) (0) (00)   ;(00000000000011010) (32) (26) (1A)   ;(00000000000000000) (0) (0) (00)   ;(00000000000011000) (30) (24) (18)   ;(00000000000000000) (0) (0) (00)   ;(00000000000010110) (26) (22) (16)   ;(00000000000000000) (0) (0) (00)   ;
;240;(00000000000010100) (24) (20) (14)    ;(00000000000000000) (0) (0) (00)   ;(00000000000010010) (22) (18) (12)   ;(00000000000000000) (0) (0) (00)   ;(00000000000010001) (21) (17) (11)   ;(00000000000000000) (0) (0) (00)   ;(00000000000010000) (20) (16) (10)   ;(00000000000000000) (0) (0) (00)   ;
;248;(00000000000001111) (17) (15) (0F)    ;(00000000000000000) (0) (0) (00)   ;(00000000000001110) (16) (14) (0E)   ;(00000000000000000) (0) (0) (00)   ;(00000000000001101) (15) (13) (0D)   ;(00000000000000000) (0) (0) (00)   ;(00000000000001101) (15) (13) (0D)   ;(00000000000000000) (0) (0) (00)   ;


+-----------------------------------------------------------------------------------------------+
; Fitter DSP Block Usage Summary                                                                ;
+---------------------------------------+-------------+---------------------+-------------------+
; Statistic                             ; Number Used ; Available per Block ; Maximum Available ;
+---------------------------------------+-------------+---------------------+-------------------+
; Simple Multipliers (9-bit)            ; 0           ; 2                   ; 46                ;
; Simple Multipliers (18-bit)           ; 5           ; 1                   ; 23                ;
; Embedded Multiplier Blocks            ; 5           ; --                  ; 23                ;
; Embedded Multiplier 9-bit elements    ; 10          ; 2                   ; 46                ;
; Signed Embedded Multipliers           ; 5           ; --                  ; --                ;
; Unsigned Embedded Multipliers         ; 0           ; --                  ; --                ;
; Mixed Sign Embedded Multipliers       ; 0           ; --                  ; --                ;
; Variable Sign Embedded Multipliers    ; 0           ; --                  ; --                ;
; Dedicated Input Shift Register Chains ; 0           ; --                  ; --                ;
+---------------------------------------+-------------+---------------------+-------------------+


+------------------------------------------------------------------------------------------------------------------------------------------------------------------------------------------------------------------------------------------------------------------------------------+
; DSP Block Details                                                                                                                                                                                                                                                                  ;
+-------------------------------------------------------------------------------------+----------------------------+--------------------+---------------------+--------------------------------+-----------------------+-----------------------+-------------------+-----------------+
; Name                                                                                ; Mode                       ; Location           ; Sign Representation ; Has Input Shift Register Chain ; Data A Input Register ; Data B Input Register ; Pipeline Register ; Output Register ;
+-------------------------------------------------------------------------------------+----------------------------+--------------------+---------------------+--------------------------------+-----------------------+-----------------------+-------------------+-----------------+
; multi_band_modulator:u_band_mod|mix_qq_B[0]                                         ; Simple Multiplier (18-bit) ; DSPOUT_X20_Y8_N2   ;                     ; No                             ;                       ;                       ;                   ; yes             ;
;    multi_band_modulator:u_band_mod|lpm_mult:Mult3|mult_56t:auto_generated|mac_mult1 ;                            ; DSPMULT_X20_Y8_N0  ; Signed              ;                                ; yes                   ; yes                   ; no                ;                 ;
; multi_band_modulator:u_band_mod|mix_ii_B[0]                                         ; Simple Multiplier (18-bit) ; DSPOUT_X20_Y10_N2  ;                     ; No                             ;                       ;                       ;                   ; yes             ;
;    multi_band_modulator:u_band_mod|lpm_mult:Mult2|mult_56t:auto_generated|mac_mult1 ;                            ; DSPMULT_X20_Y10_N0 ; Signed              ;                                ; yes                   ; yes                   ; no                ;                 ;
; multi_band_modulator:u_band_mod|mix_ii_A[0]                                         ; Simple Multiplier (18-bit) ; DSPOUT_X20_Y13_N2  ;                     ; No                             ;                       ;                       ;                   ; yes             ;
;    multi_band_modulator:u_band_mod|lpm_mult:Mult0|mult_56t:auto_generated|mac_mult1 ;                            ; DSPMULT_X20_Y13_N0 ; Signed              ;                                ; yes                   ; yes                   ; no                ;                 ;
; multi_band_modulator:u_band_mod|mix_qq_A[0]                                         ; Simple Multiplier (18-bit) ; DSPOUT_X20_Y9_N2   ;                     ; No                             ;                       ;                       ;                   ; yes             ;
;    multi_band_modulator:u_band_mod|lpm_mult:Mult1|mult_56t:auto_generated|mac_mult1 ;                            ; DSPMULT_X20_Y9_N0  ; Signed              ;                                ; yes                   ; yes                   ; no                ;                 ;
; hilbert_filter:u_hilbert|mult2[0]                                                   ; Simple Multiplier (18-bit) ; DSPOUT_X20_Y12_N2  ;                     ; No                             ;                       ;                       ;                   ; yes             ;
;    hilbert_filter:u_hilbert|lpm_mult:Mult0|mult_16t:auto_generated|mac_mult1        ;                            ; DSPMULT_X20_Y12_N0 ; Signed              ;                                ; no                    ; no                    ; no                ;                 ;
+-------------------------------------------------------------------------------------+----------------------------+--------------------+---------------------+--------------------------------+-----------------------+-----------------------+-------------------+-----------------+


+-------------------------------------------------+
; Routing Usage Summary                           ;
+-----------------------+-------------------------+
; Routing Resource Type ; Usage                   ;
+-----------------------+-------------------------+
; Block interconnects   ; 3,373 / 32,401 ( 10 % ) ;
; C16 interconnects     ; 18 / 1,326 ( 1 % )      ;
; C4 interconnects      ; 1,371 / 21,816 ( 6 % )  ;
; Direct links          ; 936 / 32,401 ( 3 % )    ;
; Global clocks         ; 2 / 10 ( 20 % )         ;
; Local interconnects   ; 592 / 10,320 ( 6 % )    ;
; R24 interconnects     ; 25 / 1,289 ( 2 % )      ;
; R4 interconnects      ; 1,666 / 28,186 ( 6 % )  ;
+-----------------------+-------------------------+


+-----------------------------------------------------------------------------+
; LAB Logic Elements                                                          ;
+---------------------------------------------+-------------------------------+
; Number of Logic Elements  (Average = 11.65) ; Number of LABs  (Total = 183) ;
+---------------------------------------------+-------------------------------+
; 1                                           ; 21                            ;
; 2                                           ; 5                             ;
; 3                                           ; 5                             ;
; 4                                           ; 6                             ;
; 5                                           ; 2                             ;
; 6                                           ; 3                             ;
; 7                                           ; 2                             ;
; 8                                           ; 2                             ;
; 9                                           ; 4                             ;
; 10                                          ; 11                            ;
; 11                                          ; 3                             ;
; 12                                          ; 5                             ;
; 13                                          ; 3                             ;
; 14                                          ; 18                            ;
; 15                                          ; 14                            ;
; 16                                          ; 79                            ;
+---------------------------------------------+-------------------------------+


+--------------------------------------------------------------------+
; LAB-wide Signals                                                   ;
+------------------------------------+-------------------------------+
; LAB-wide Signals  (Average = 1.54) ; Number of LABs  (Total = 183) ;
+------------------------------------+-------------------------------+
; 1 Clock                            ; 143                           ;
; 1 Clock enable                     ; 88                            ;
; 1 Sync. clear                      ; 34                            ;
; 1 Sync. load                       ; 6                             ;
; 2 Clock enables                    ; 11                            ;
+------------------------------------+-------------------------------+


+------------------------------------------------------------------------------+
; LAB Signals Sourced                                                          ;
+----------------------------------------------+-------------------------------+
; Number of Signals Sourced  (Average = 16.56) ; Number of LABs  (Total = 183) ;
+----------------------------------------------+-------------------------------+
; 0                                            ; 3                             ;
; 1                                            ; 8                             ;
; 2                                            ; 22                            ;
; 3                                            ; 4                             ;
; 4                                            ; 5                             ;
; 5                                            ; 2                             ;
; 6                                            ; 2                             ;
; 7                                            ; 2                             ;
; 8                                            ; 6                             ;
; 9                                            ; 3                             ;
; 10                                           ; 2                             ;
; 11                                           ; 2                             ;
; 12                                           ; 6                             ;
; 13                                           ; 3                             ;
; 14                                           ; 7                             ;
; 15                                           ; 2                             ;
; 16                                           ; 10                            ;
; 17                                           ; 6                             ;
; 18                                           ; 12                            ;
; 19                                           ; 1                             ;
; 20                                           ; 11                            ;
; 21                                           ; 1                             ;
; 22                                           ; 4                             ;
; 23                                           ; 2                             ;
; 24                                           ; 3                             ;
; 25                                           ; 1                             ;
; 26                                           ; 6                             ;
; 27                                           ; 2                             ;
; 28                                           ; 9                             ;
; 29                                           ; 4                             ;
; 30                                           ; 7                             ;
; 31                                           ; 3                             ;
; 32                                           ; 22                            ;
+----------------------------------------------+-------------------------------+


+---------------------------------------------------------------------------------+
; LAB Signals Sourced Out                                                         ;
+-------------------------------------------------+-------------------------------+
; Number of Signals Sourced Out  (Average = 9.43) ; Number of LABs  (Total = 183) ;
+-------------------------------------------------+-------------------------------+
; 0                                               ; 5                             ;
; 1                                               ; 29                            ;
; 2                                               ; 6                             ;
; 3                                               ; 10                            ;
; 4                                               ; 9                             ;
; 5                                               ; 3                             ;
; 6                                               ; 4                             ;
; 7                                               ; 3                             ;
; 8                                               ; 6                             ;
; 9                                               ; 4                             ;
; 10                                              ; 12                            ;
; 11                                              ; 6                             ;
; 12                                              ; 9                             ;
; 13                                              ; 9                             ;
; 14                                              ; 26                            ;
; 15                                              ; 12                            ;
; 16                                              ; 26                            ;
; 17                                              ; 0                             ;
; 18                                              ; 0                             ;
; 19                                              ; 0                             ;
; 20                                              ; 0                             ;
; 21                                              ; 0                             ;
; 22                                              ; 0                             ;
; 23                                              ; 0                             ;
; 24                                              ; 1                             ;
; 25                                              ; 0                             ;
; 26                                              ; 2                             ;
; 27                                              ; 0                             ;
; 28                                              ; 1                             ;
+-------------------------------------------------+-------------------------------+


+------------------------------------------------------------------------------+
; LAB Distinct Inputs                                                          ;
+----------------------------------------------+-------------------------------+
; Number of Distinct Inputs  (Average = 16.62) ; Number of LABs  (Total = 183) ;
+----------------------------------------------+-------------------------------+
; 0                                            ; 0                             ;
; 1                                            ; 3                             ;
; 2                                            ; 6                             ;
; 3                                            ; 12                            ;
; 4                                            ; 10                            ;
; 5                                            ; 11                            ;
; 6                                            ; 4                             ;
; 7                                            ; 6                             ;
; 8                                            ; 0                             ;
; 9                                            ; 3                             ;
; 10                                           ; 5                             ;
; 11                                           ; 6                             ;
; 12                                           ; 12                            ;
; 13                                           ; 0                             ;
; 14                                           ; 3                             ;
; 15                                           ; 2                             ;
; 16                                           ; 7                             ;
; 17                                           ; 7                             ;
; 18                                           ; 13                            ;
; 19                                           ; 5                             ;
; 20                                           ; 4                             ;
; 21                                           ; 2                             ;
; 22                                           ; 1                             ;
; 23                                           ; 3                             ;
; 24                                           ; 2                             ;
; 25                                           ; 3                             ;
; 26                                           ; 2                             ;
; 27                                           ; 1                             ;
; 28                                           ; 9                             ;
; 29                                           ; 13                            ;
; 30                                           ; 3                             ;
; 31                                           ; 6                             ;
; 32                                           ; 8                             ;
; 33                                           ; 6                             ;
; 34                                           ; 4                             ;
+----------------------------------------------+-------------------------------+


+------------------------------------------+
; I/O Rules Summary                        ;
+----------------------------------+-------+
; I/O Rules Statistic              ; Total ;
+----------------------------------+-------+
; Total I/O Rules                  ; 30    ;
; Number of I/O Rules Passed       ; 10    ;
; Number of I/O Rules Failed       ; 0     ;
; Number of I/O Rules Unchecked    ; 0     ;
; Number of I/O Rules Inapplicable ; 20    ;
+----------------------------------+-------+


+--------------------------------------------------------------------------------------------------------------------------------------------------------------------------------------------------------------------------------------------------------------------------------------+
; I/O Rules Details                                                                                                                                                                                                                                                                    ;
+--------------+-----------+-----------------------------------+------------------------------------------------------------------------------------------------------+----------+--------------------------------------------------------------------------+------+-------------------+
; Status       ; ID        ; Category                          ; Rule Description                                                                                     ; Severity ; Information                                                              ; Area ; Extra Information ;
+--------------+-----------+-----------------------------------+------------------------------------------------------------------------------------------------------+----------+--------------------------------------------------------------------------+------+-------------------+
; Pass         ; IO_000001 ; Capacity Checks                   ; Number of pins in an I/O bank should not exceed the number of locations available.                   ; Critical ; 0 such failures found.                                                   ; I/O  ;                   ;
; Pass         ; IO_000002 ; Capacity Checks                   ; Number of clocks in an I/O bank should not exceed the number of clocks available.                    ; Critical ; 0 such failures found.                                                   ; I/O  ;                   ;
; Pass         ; IO_000003 ; Capacity Checks                   ; Number of pins in a Vrefgroup should not exceed the number of locations available.                   ; Critical ; 0 such failures found.                                                   ; I/O  ;                   ;
; Inapplicable ; IO_000004 ; Voltage Compatibility Checks      ; The I/O bank should support the requested VCCIO.                                                     ; Critical ; No IOBANK_VCCIO assignments found.                                       ; I/O  ;                   ;
; Inapplicable ; IO_000005 ; Voltage Compatibility Checks      ; The I/O bank should not have competing VREF values.                                                  ; Critical ; No VREF I/O Standard assignments found.                                  ; I/O  ;                   ;
; Pass         ; IO_000006 ; Voltage Compatibility Checks      ; The I/O bank should not have competing VCCIO values.                                                 ; Critical ; 0 such failures found.                                                   ; I/O  ;                   ;
; Pass         ; IO_000007 ; Valid Location Checks             ; Checks for unavailable locations.                                                                    ; Critical ; 0 such failures found.                                                   ; I/O  ;                   ;
; Inapplicable ; IO_000008 ; Valid Location Checks             ; Checks for reserved locations.                                                                       ; Critical ; No reserved LogicLock region found.                                      ; I/O  ;                   ;
; Pass         ; IO_000009 ; I/O Properties Checks for One I/O ; The location should support the requested I/O standard.                                              ; Critical ; 0 such failures found.                                                   ; I/O  ;                   ;
; Pass         ; IO_000010 ; I/O Properties Checks for One I/O ; The location should support the requested I/O direction.                                             ; Critical ; 0 such failures found.                                                   ; I/O  ;                   ;
; Inapplicable ; IO_000011 ; I/O Properties Checks for One I/O ; The location should support the requested Current Strength.                                          ; Critical ; No Current Strength assignments found.                                   ; I/O  ;                   ;
; Inapplicable ; IO_000012 ; I/O Properties Checks for One I/O ; The location should support the requested On Chip Termination value.                                 ; Critical ; No Termination assignments found.                                        ; I/O  ;                   ;
; Inapplicable ; IO_000013 ; I/O Properties Checks for One I/O ; The location should support the requested Bus Hold value.                                            ; Critical ; No Enable Bus-Hold Circuitry assignments found.                          ; I/O  ;                   ;
; Inapplicable ; IO_000014 ; I/O Properties Checks for One I/O ; The location should support the requested Weak Pull Up value.                                        ; Critical ; No Weak Pull-Up Resistor assignments found.                              ; I/O  ;                   ;
; Pass         ; IO_000015 ; I/O Properties Checks for One I/O ; The location should support the requested PCI Clamp Diode.                                           ; Critical ; 0 such failures found.                                                   ; I/O  ;                   ;
; Inapplicable ; IO_000018 ; I/O Properties Checks for One I/O ; The I/O standard should support the requested Current Strength.                                      ; Critical ; No Current Strength assignments found.                                   ; I/O  ;                   ;
; Inapplicable ; IO_000019 ; I/O Properties Checks for One I/O ; The I/O standard should support the requested On Chip Termination value.                             ; Critical ; No Termination assignments found.                                        ; I/O  ;                   ;
; Pass         ; IO_000020 ; I/O Properties Checks for One I/O ; The I/O standard should support the requested PCI Clamp Diode.                                       ; Critical ; 0 such failures found.                                                   ; I/O  ;                   ;
; Inapplicable ; IO_000021 ; I/O Properties Checks for One I/O ; The I/O standard should support the requested Weak Pull Up value.                                    ; Critical ; No Weak Pull-Up Resistor assignments found.                              ; I/O  ;                   ;
; Inapplicable ; IO_000022 ; I/O Properties Checks for One I/O ; The I/O standard should support the requested Bus Hold value.                                        ; Critical ; No Enable Bus-Hold Circuitry assignments found.                          ; I/O  ;                   ;
; Inapplicable ; IO_000023 ; I/O Properties Checks for One I/O ; The I/O standard should support the Open Drain value.                                                ; Critical ; No open drain assignments found.                                         ; I/O  ;                   ;
; Inapplicable ; IO_000024 ; I/O Properties Checks for One I/O ; The I/O direction should support the On Chip Termination value.                                      ; Critical ; No Termination assignments found.                                        ; I/O  ;                   ;
; Inapplicable ; IO_000026 ; I/O Properties Checks for One I/O ; On Chip Termination and Current Strength should not be used at the same time.                        ; Critical ; No Current Strength or Termination assignments found.                    ; I/O  ;                   ;
; Inapplicable ; IO_000027 ; I/O Properties Checks for One I/O ; Weak Pull Up and Bus Hold should not be used at the same time.                                       ; Critical ; No Enable Bus-Hold Circuitry or Weak Pull-Up Resistor assignments found. ; I/O  ;                   ;
; Inapplicable ; IO_000045 ; I/O Properties Checks for One I/O ; The I/O standard should support the requested Slew Rate value.                                       ; Critical ; No Slew Rate assignments found.                                          ; I/O  ;                   ;
; Inapplicable ; IO_000046 ; I/O Properties Checks for One I/O ; The location should support the requested Slew Rate value.                                           ; Critical ; No Slew Rate assignments found.                                          ; I/O  ;                   ;
; Inapplicable ; IO_000047 ; I/O Properties Checks for One I/O ; On Chip Termination and Slew Rate should not be used at the same time.                               ; Critical ; No Slew Rate assignments found.                                          ; I/O  ;                   ;
; Pass         ; IO_000033 ; Electromigration Checks           ; Current density for consecutive I/Os should not exceed 240mA for row I/Os and 240mA for column I/Os. ; Critical ; 0 such failures found.                                                   ; I/O  ;                   ;
; Inapplicable ; IO_000034 ; SI Related Distance Checks        ; Single-ended outputs should be 5 LAB row(s) away from a differential I/O.                            ; High     ; No Differential I/O Standard assignments found.                          ; I/O  ;                   ;
; Inapplicable ; IO_000042 ; SI Related SSO Limit Checks       ; No more than 20 outputs are allowed in a VREF group when VREF is being read from.                    ; High     ; No VREF I/O Standard assignments found.                                  ; I/O  ;                   ;
+--------------+-----------+-----------------------------------+------------------------------------------------------------------------------------------------------+----------+--------------------------------------------------------------------------+------+-------------------+


+-----------------------------------------------------------------------------------------------------------------------------------------------------------------------------------------------------------------------------------------------------------------------------------------------------------------------------------------------------------------------------------------------------------------------------------------------------------------+
; I/O Rules Matrix                                                                                                                                                                                                                                                                                                                                                                                                                                                ;
+--------------------+-----------+--------------+-----------+--------------+--------------+-----------+-----------+--------------+-----------+-----------+--------------+--------------+--------------+--------------+--------------+--------------+--------------+--------------+--------------+--------------+--------------+--------------+--------------+--------------+--------------+--------------+--------------+-----------+--------------+--------------+
; Pin/Rules          ; IO_000001 ; IO_000002    ; IO_000003 ; IO_000004    ; IO_000005    ; IO_000006 ; IO_000007 ; IO_000008    ; IO_000009 ; IO_000010 ; IO_000011    ; IO_000012    ; IO_000013    ; IO_000014    ; IO_000015    ; IO_000018    ; IO_000019    ; IO_000020    ; IO_000021    ; IO_000022    ; IO_000023    ; IO_000024    ; IO_000026    ; IO_000027    ; IO_000045    ; IO_000046    ; IO_000047    ; IO_000033 ; IO_000034    ; IO_000042    ;
+--------------------+-----------+--------------+-----------+--------------+--------------+-----------+-----------+--------------+-----------+-----------+--------------+--------------+--------------+--------------+--------------+--------------+--------------+--------------+--------------+--------------+--------------+--------------+--------------+--------------+--------------+--------------+--------------+-----------+--------------+--------------+
; Total Pass         ; 28        ; 14           ; 28        ; 0            ; 0            ; 28        ; 28        ; 0            ; 28        ; 28        ; 0            ; 0            ; 0            ; 0            ; 6            ; 0            ; 0            ; 6            ; 0            ; 0            ; 0            ; 0            ; 0            ; 0            ; 0            ; 0            ; 0            ; 28        ; 0            ; 0            ;
; Total Unchecked    ; 0         ; 0            ; 0         ; 0            ; 0            ; 0         ; 0         ; 0            ; 0         ; 0         ; 0            ; 0            ; 0            ; 0            ; 0            ; 0            ; 0            ; 0            ; 0            ; 0            ; 0            ; 0            ; 0            ; 0            ; 0            ; 0            ; 0            ; 0         ; 0            ; 0            ;
; Total Inapplicable ; 0         ; 14           ; 0         ; 28           ; 28           ; 0         ; 0         ; 28           ; 0         ; 0         ; 28           ; 28           ; 28           ; 28           ; 22           ; 28           ; 28           ; 22           ; 28           ; 28           ; 28           ; 28           ; 28           ; 28           ; 28           ; 28           ; 28           ; 0         ; 28           ; 28           ;
; Total Fail         ; 0         ; 0            ; 0         ; 0            ; 0            ; 0         ; 0         ; 0            ; 0         ; 0         ; 0            ; 0            ; 0            ; 0            ; 0            ; 0            ; 0            ; 0            ; 0            ; 0            ; 0            ; 0            ; 0            ; 0            ; 0            ; 0            ; 0            ; 0         ; 0            ; 0            ;
; led[0]             ; Pass      ; Inapplicable ; Pass      ; Inapplicable ; Inapplicable ; Pass      ; Pass      ; Inapplicable ; Pass      ; Pass      ; Inapplicable ; Inapplicable ; Inapplicable ; Inapplicable ; Inapplicable ; Inapplicable ; Inapplicable ; Inapplicable ; Inapplicable ; Inapplicable ; Inapplicable ; Inapplicable ; Inapplicable ; Inapplicable ; Inapplicable ; Inapplicable ; Inapplicable ; Pass      ; Inapplicable ; Inapplicable ;
; led[1]             ; Pass      ; Inapplicable ; Pass      ; Inapplicable ; Inapplicable ; Pass      ; Pass      ; Inapplicable ; Pass      ; Pass      ; Inapplicable ; Inapplicable ; Inapplicable ; Inapplicable ; Inapplicable ; Inapplicable ; Inapplicable ; Inapplicable ; Inapplicable ; Inapplicable ; Inapplicable ; Inapplicable ; Inapplicable ; Inapplicable ; Inapplicable ; Inapplicable ; Inapplicable ; Pass      ; Inapplicable ; Inapplicable ;
; led[2]             ; Pass      ; Inapplicable ; Pass      ; Inapplicable ; Inapplicable ; Pass      ; Pass      ; Inapplicable ; Pass      ; Pass      ; Inapplicable ; Inapplicable ; Inapplicable ; Inapplicable ; Inapplicable ; Inapplicable ; Inapplicable ; Inapplicable ; Inapplicable ; Inapplicable ; Inapplicable ; Inapplicable ; Inapplicable ; Inapplicable ; Inapplicable ; Inapplicable ; Inapplicable ; Pass      ; Inapplicable ; Inapplicable ;
; led[3]             ; Pass      ; Inapplicable ; Pass      ; Inapplicable ; Inapplicable ; Pass      ; Pass      ; Inapplicable ; Pass      ; Pass      ; Inapplicable ; Inapplicable ; Inapplicable ; Inapplicable ; Inapplicable ; Inapplicable ; Inapplicable ; Inapplicable ; Inapplicable ; Inapplicable ; Inapplicable ; Inapplicable ; Inapplicable ; Inapplicable ; Inapplicable ; Inapplicable ; Inapplicable ; Pass      ; Inapplicable ; Inapplicable ;
; dac_clk            ; Pass      ; Inapplicable ; Pass      ; Inapplicable ; Inapplicable ; Pass      ; Pass      ; Inapplicable ; Pass      ; Pass      ; Inapplicable ; Inapplicable ; Inapplicable ; Inapplicable ; Inapplicable ; Inapplicable ; Inapplicable ; Inapplicable ; Inapplicable ; Inapplicable ; Inapplicable ; Inapplicable ; Inapplicable ; Inapplicable ; Inapplicable ; Inapplicable ; Inapplicable ; Pass      ; Inapplicable ; Inapplicable ;
; dac_data[0]        ; Pass      ; Pass         ; Pass      ; Inapplicable ; Inapplicable ; Pass      ; Pass      ; Inapplicable ; Pass      ; Pass      ; Inapplicable ; Inapplicable ; Inapplicable ; Inapplicable ; Inapplicable ; Inapplicable ; Inapplicable ; Inapplicable ; Inapplicable ; Inapplicable ; Inapplicable ; Inapplicable ; Inapplicable ; Inapplicable ; Inapplicable ; Inapplicable ; Inapplicable ; Pass      ; Inapplicable ; Inapplicable ;
; dac_data[1]        ; Pass      ; Pass         ; Pass      ; Inapplicable ; Inapplicable ; Pass      ; Pass      ; Inapplicable ; Pass      ; Pass      ; Inapplicable ; Inapplicable ; Inapplicable ; Inapplicable ; Inapplicable ; Inapplicable ; Inapplicable ; Inapplicable ; Inapplicable ; Inapplicable ; Inapplicable ; Inapplicable ; Inapplicable ; Inapplicable ; Inapplicable ; Inapplicable ; Inapplicable ; Pass      ; Inapplicable ; Inapplicable ;
; dac_data[2]        ; Pass      ; Pass         ; Pass      ; Inapplicable ; Inapplicable ; Pass      ; Pass      ; Inapplicable ; Pass      ; Pass      ; Inapplicable ; Inapplicable ; Inapplicable ; Inapplicable ; Inapplicable ; Inapplicable ; Inapplicable ; Inapplicable ; Inapplicable ; Inapplicable ; Inapplicable ; Inapplicable ; Inapplicable ; Inapplicable ; Inapplicable ; Inapplicable ; Inapplicable ; Pass      ; Inapplicable ; Inapplicable ;
; dac_data[3]        ; Pass      ; Pass         ; Pass      ; Inapplicable ; Inapplicable ; Pass      ; Pass      ; Inapplicable ; Pass      ; Pass      ; Inapplicable ; Inapplicable ; Inapplicable ; Inapplicable ; Inapplicable ; Inapplicable ; Inapplicable ; Inapplicable ; Inapplicable ; Inapplicable ; Inapplicable ; Inapplicable ; Inapplicable ; Inapplicable ; Inapplicable ; Inapplicable ; Inapplicable ; Pass      ; Inapplicable ; Inapplicable ;
; dac_data[4]        ; Pass      ; Pass         ; Pass      ; Inapplicable ; Inapplicable ; Pass      ; Pass      ; Inapplicable ; Pass      ; Pass      ; Inapplicable ; Inapplicable ; Inapplicable ; Inapplicable ; Inapplicable ; Inapplicable ; Inapplicable ; Inapplicable ; Inapplicable ; Inapplicable ; Inapplicable ; Inapplicable ; Inapplicable ; Inapplicable ; Inapplicable ; Inapplicable ; Inapplicable ; Pass      ; Inapplicable ; Inapplicable ;
; dac_data[5]        ; Pass      ; Pass         ; Pass      ; Inapplicable ; Inapplicable ; Pass      ; Pass      ; Inapplicable ; Pass      ; Pass      ; Inapplicable ; Inapplicable ; Inapplicable ; Inapplicable ; Inapplicable ; Inapplicable ; Inapplicable ; Inapplicable ; Inapplicable ; Inapplicable ; Inapplicable ; Inapplicable ; Inapplicable ; Inapplicable ; Inapplicable ; Inapplicable ; Inapplicable ; Pass      ; Inapplicable ; Inapplicable ;
; dac_data[6]        ; Pass      ; Pass         ; Pass      ; Inapplicable ; Inapplicable ; Pass      ; Pass      ; Inapplicable ; Pass      ; Pass      ; Inapplicable ; Inapplicable ; Inapplicable ; Inapplicable ; Inapplicable ; Inapplicable ; Inapplicable ; Inapplicable ; Inapplicable ; Inapplicable ; Inapplicable ; Inapplicable ; Inapplicable ; Inapplicable ; Inapplicable ; Inapplicable ; Inapplicable ; Pass      ; Inapplicable ; Inapplicable ;
; dac_data[7]        ; Pass      ; Pass         ; Pass      ; Inapplicable ; Inapplicable ; Pass      ; Pass      ; Inapplicable ; Pass      ; Pass      ; Inapplicable ; Inapplicable ; Inapplicable ; Inapplicable ; Inapplicable ; Inapplicable ; Inapplicable ; Inapplicable ; Inapplicable ; Inapplicable ; Inapplicable ; Inapplicable ; Inapplicable ; Inapplicable ; Inapplicable ; Inapplicable ; Inapplicable ; Pass      ; Inapplicable ; Inapplicable ;
; dac_data[8]        ; Pass      ; Pass         ; Pass      ; Inapplicable ; Inapplicable ; Pass      ; Pass      ; Inapplicable ; Pass      ; Pass      ; Inapplicable ; Inapplicable ; Inapplicable ; Inapplicable ; Inapplicable ; Inapplicable ; Inapplicable ; Inapplicable ; Inapplicable ; Inapplicable ; Inapplicable ; Inapplicable ; Inapplicable ; Inapplicable ; Inapplicable ; Inapplicable ; Inapplicable ; Pass      ; Inapplicable ; Inapplicable ;
; dac_data[9]        ; Pass      ; Pass         ; Pass      ; Inapplicable ; Inapplicable ; Pass      ; Pass      ; Inapplicable ; Pass      ; Pass      ; Inapplicable ; Inapplicable ; Inapplicable ; Inapplicable ; Inapplicable ; Inapplicable ; Inapplicable ; Inapplicable ; Inapplicable ; Inapplicable ; Inapplicable ; Inapplicable ; Inapplicable ; Inapplicable ; Inapplicable ; Inapplicable ; Inapplicable ; Pass      ; Inapplicable ; Inapplicable ;
; dac_data[10]       ; Pass      ; Pass         ; Pass      ; Inapplicable ; Inapplicable ; Pass      ; Pass      ; Inapplicable ; Pass      ; Pass      ; Inapplicable ; Inapplicable ; Inapplicable ; Inapplicable ; Inapplicable ; Inapplicable ; Inapplicable ; Inapplicable ; Inapplicable ; Inapplicable ; Inapplicable ; Inapplicable ; Inapplicable ; Inapplicable ; Inapplicable ; Inapplicable ; Inapplicable ; Pass      ; Inapplicable ; Inapplicable ;
; dac_data[11]       ; Pass      ; Pass         ; Pass      ; Inapplicable ; Inapplicable ; Pass      ; Pass      ; Inapplicable ; Pass      ; Pass      ; Inapplicable ; Inapplicable ; Inapplicable ; Inapplicable ; Inapplicable ; Inapplicable ; Inapplicable ; Inapplicable ; Inapplicable ; Inapplicable ; Inapplicable ; Inapplicable ; Inapplicable ; Inapplicable ; Inapplicable ; Inapplicable ; Inapplicable ; Pass      ; Inapplicable ; Inapplicable ;
; dac_data[12]       ; Pass      ; Pass         ; Pass      ; Inapplicable ; Inapplicable ; Pass      ; Pass      ; Inapplicable ; Pass      ; Pass      ; Inapplicable ; Inapplicable ; Inapplicable ; Inapplicable ; Inapplicable ; Inapplicable ; Inapplicable ; Inapplicable ; Inapplicable ; Inapplicable ; Inapplicable ; Inapplicable ; Inapplicable ; Inapplicable ; Inapplicable ; Inapplicable ; Inapplicable ; Pass      ; Inapplicable ; Inapplicable ;
; dac_data[13]       ; Pass      ; Pass         ; Pass      ; Inapplicable ; Inapplicable ; Pass      ; Pass      ; Inapplicable ; Pass      ; Pass      ; Inapplicable ; Inapplicable ; Inapplicable ; Inapplicable ; Inapplicable ; Inapplicable ; Inapplicable ; Inapplicable ; Inapplicable ; Inapplicable ; Inapplicable ; Inapplicable ; Inapplicable ; Inapplicable ; Inapplicable ; Inapplicable ; Inapplicable ; Pass      ; Inapplicable ; Inapplicable ;
; mic_sck            ; Pass      ; Inapplicable ; Pass      ; Inapplicable ; Inapplicable ; Pass      ; Pass      ; Inapplicable ; Pass      ; Pass      ; Inapplicable ; Inapplicable ; Inapplicable ; Inapplicable ; Inapplicable ; Inapplicable ; Inapplicable ; Inapplicable ; Inapplicable ; Inapplicable ; Inapplicable ; Inapplicable ; Inapplicable ; Inapplicable ; Inapplicable ; Inapplicable ; Inapplicable ; Pass      ; Inapplicable ; Inapplicable ;
; mic_ws             ; Pass      ; Inapplicable ; Pass      ; Inapplicable ; Inapplicable ; Pass      ; Pass      ; Inapplicable ; Pass      ; Pass      ; Inapplicable ; Inapplicable ; Inapplicable ; Inapplicable ; Inapplicable ; Inapplicable ; Inapplicable ; Inapplicable ; Inapplicable ; Inapplicable ; Inapplicable ; Inapplicable ; Inapplicable ; Inapplicable ; Inapplicable ; Inapplicable ; Inapplicable ; Pass      ; Inapplicable ; Inapplicable ;
; mic_lr             ; Pass      ; Inapplicable ; Pass      ; Inapplicable ; Inapplicable ; Pass      ; Pass      ; Inapplicable ; Pass      ; Pass      ; Inapplicable ; Inapplicable ; Inapplicable ; Inapplicable ; Inapplicable ; Inapplicable ; Inapplicable ; Inapplicable ; Inapplicable ; Inapplicable ; Inapplicable ; Inapplicable ; Inapplicable ; Inapplicable ; Inapplicable ; Inapplicable ; Inapplicable ; Pass      ; Inapplicable ; Inapplicable ;
; clk_50m            ; Pass      ; Inapplicable ; Pass      ; Inapplicable ; Inapplicable ; Pass      ; Pass      ; Inapplicable ; Pass      ; Pass      ; Inapplicable ; Inapplicable ; Inapplicable ; Inapplicable ; Pass         ; Inapplicable ; Inapplicable ; Pass         ; Inapplicable ; Inapplicable ; Inapplicable ; Inapplicable ; Inapplicable ; Inapplicable ; Inapplicable ; Inapplicable ; Inapplicable ; Pass      ; Inapplicable ; Inapplicable ;
; key[3]             ; Pass      ; Inapplicable ; Pass      ; Inapplicable ; Inapplicable ; Pass      ; Pass      ; Inapplicable ; Pass      ; Pass      ; Inapplicable ; Inapplicable ; Inapplicable ; Inapplicable ; Pass         ; Inapplicable ; Inapplicable ; Pass         ; Inapplicable ; Inapplicable ; Inapplicable ; Inapplicable ; Inapplicable ; Inapplicable ; Inapplicable ; Inapplicable ; Inapplicable ; Pass      ; Inapplicable ; Inapplicable ;
; key[1]             ; Pass      ; Inapplicable ; Pass      ; Inapplicable ; Inapplicable ; Pass      ; Pass      ; Inapplicable ; Pass      ; Pass      ; Inapplicable ; Inapplicable ; Inapplicable ; Inapplicable ; Pass         ; Inapplicable ; Inapplicable ; Pass         ; Inapplicable ; Inapplicable ; Inapplicable ; Inapplicable ; Inapplicable ; Inapplicable ; Inapplicable ; Inapplicable ; Inapplicable ; Pass      ; Inapplicable ; Inapplicable ;
; key[2]             ; Pass      ; Inapplicable ; Pass      ; Inapplicable ; Inapplicable ; Pass      ; Pass      ; Inapplicable ; Pass      ; Pass      ; Inapplicable ; Inapplicable ; Inapplicable ; Inapplicable ; Pass         ; Inapplicable ; Inapplicable ; Pass         ; Inapplicable ; Inapplicable ; Inapplicable ; Inapplicable ; Inapplicable ; Inapplicable ; Inapplicable ; Inapplicable ; Inapplicable ; Pass      ; Inapplicable ; Inapplicable ;
; key[0]             ; Pass      ; Inapplicable ; Pass      ; Inapplicable ; Inapplicable ; Pass      ; Pass      ; Inapplicable ; Pass      ; Pass      ; Inapplicable ; Inapplicable ; Inapplicable ; Inapplicable ; Pass         ; Inapplicable ; Inapplicable ; Pass         ; Inapplicable ; Inapplicable ; Inapplicable ; Inapplicable ; Inapplicable ; Inapplicable ; Inapplicable ; Inapplicable ; Inapplicable ; Pass      ; Inapplicable ; Inapplicable ;
; mic_sd             ; Pass      ; Inapplicable ; Pass      ; Inapplicable ; Inapplicable ; Pass      ; Pass      ; Inapplicable ; Pass      ; Pass      ; Inapplicable ; Inapplicable ; Inapplicable ; Inapplicable ; Pass         ; Inapplicable ; Inapplicable ; Pass         ; Inapplicable ; Inapplicable ; Inapplicable ; Inapplicable ; Inapplicable ; Inapplicable ; Inapplicable ; Inapplicable ; Inapplicable ; Pass      ; Inapplicable ; Inapplicable ;
+--------------------+-----------+--------------+-----------+--------------+--------------+-----------+-----------+--------------+-----------+-----------+--------------+--------------+--------------+--------------+--------------+--------------+--------------+--------------+--------------+--------------+--------------+--------------+--------------+--------------+--------------+--------------+--------------+-----------+--------------+--------------+


+---------------------------------------------------------------------------------------------+
; Fitter Device Options                                                                       ;
+------------------------------------------------------------------+--------------------------+
; Option                                                           ; Setting                  ;
+------------------------------------------------------------------+--------------------------+
; Enable user-supplied start-up clock (CLKUSR)                     ; Off                      ;
; Enable device-wide reset (DEV_CLRn)                              ; Off                      ;
; Enable device-wide output enable (DEV_OE)                        ; Off                      ;
; Enable INIT_DONE output                                          ; Off                      ;
; Configuration scheme                                             ; Active Serial            ;
; Error detection CRC                                              ; Off                      ;
; Enable open drain on CRC_ERROR pin                               ; Off                      ;
; Enable input tri-state on active configuration pins in user mode ; Off                      ;
; Configuration Voltage Level                                      ; Auto                     ;
; Force Configuration Voltage Level                                ; Off                      ;
; nCEO                                                             ; As output driving ground ;
; Data[0]                                                          ; As input tri-stated      ;
; Data[1]/ASDO                                                     ; As input tri-stated      ;
; Data[7..2]                                                       ; Unreserved               ;
; FLASH_nCE/nCSO                                                   ; As input tri-stated      ;
; Other Active Parallel pins                                       ; Unreserved               ;
; DCLK                                                             ; As output driving ground ;
; Base pin-out file on sameframe device                            ; Off                      ;
+------------------------------------------------------------------+--------------------------+


+------------------------------------+
; Operating Settings and Conditions  ;
+---------------------------+--------+
; Setting                   ; Value  ;
+---------------------------+--------+
; Nominal Core Voltage      ; 1.20 V ;
; Low Junction Temperature  ; 0 °C   ;
; High Junction Temperature ; 85 °C  ;
+---------------------------+--------+


+---------------------------------------------------------------------------------------------------------------------------+
; Estimated Delay Added for Hold Timing Summary                                                                             ;
+---------------------------------------------------+---------------------------------------------------+-------------------+
; Source Clock(s)                                   ; Destination Clock(s)                              ; Delay Added in ns ;
+---------------------------------------------------+---------------------------------------------------+-------------------+
; u_pll|altpll_component|auto_generated|pll1|clk[0] ; u_pll|altpll_component|auto_generated|pll1|clk[0] ; 1.0               ;
+---------------------------------------------------+---------------------------------------------------+-------------------+
Note: For more information on problematic transfers, consider running the Fitter again with the Optimize hold timing option (Settings Menu) turned off.
This will disable optimization of problematic paths and expose them for further analysis using the TimeQuest Timing Analyzer.


+--------------------------------------------------------------------------------------------------------------------------------------------------------------------------------------+
; Estimated Delay Added for Hold Timing Details                                                                                                                                        ;
+----------------------------------------------+-------------------------------------------------------------------------------------------------------------------+-------------------+
; Source Register                              ; Destination Register                                                                                              ; Delay Added in ns ;
+----------------------------------------------+-------------------------------------------------------------------------------------------------------------------+-------------------+
; hilbert_filter:u_hilbert|tap0[1]             ; hilbert_filter:u_hilbert|altsyncram:coef_rom_rtl_0|altsyncram_ff91:auto_generated|ram_block1a2~porta_address_reg0 ; 0.043             ;
; hilbert_filter:u_hilbert|tap0[2]             ; hilbert_filter:u_hilbert|altsyncram:coef_rom_rtl_0|altsyncram_ff91:auto_generated|ram_block1a2~porta_address_reg0 ; 0.043             ;
; hilbert_filter:u_hilbert|tap0[3]             ; hilbert_filter:u_hilbert|altsyncram:coef_rom_rtl_0|altsyncram_ff91:auto_generated|ram_block1a2~porta_address_reg0 ; 0.043             ;
; hilbert_filter:u_hilbert|tap0[4]             ; hilbert_filter:u_hilbert|altsyncram:coef_rom_rtl_0|altsyncram_ff91:auto_generated|ram_block1a2~porta_address_reg0 ; 0.043             ;
; hilbert_filter:u_hilbert|tap0[5]             ; hilbert_filter:u_hilbert|altsyncram:coef_rom_rtl_0|altsyncram_ff91:auto_generated|ram_block1a2~porta_address_reg0 ; 0.043             ;
; hilbert_filter:u_hilbert|tap0[6]             ; hilbert_filter:u_hilbert|altsyncram:coef_rom_rtl_0|altsyncram_ff91:auto_generated|ram_block1a2~porta_address_reg0 ; 0.043             ;
; hilbert_filter:u_hilbert|tap0[7]             ; hilbert_filter:u_hilbert|altsyncram:coef_rom_rtl_0|altsyncram_ff91:auto_generated|ram_block1a2~porta_address_reg0 ; 0.043             ;
; key0_stable_d                                ; tx_enable                                                                                                         ; 0.037             ;
; i2s_rx:u_i2s_rx|audio_data[22]               ; tx_audio_proc:u_tx_audio_proc|x_prev[22]                                                                          ; 0.035             ;
; i2s_rx:u_i2s_rx|audio_data[18]               ; tx_audio_proc:u_tx_audio_proc|x_prev[18]                                                                          ; 0.035             ;
; i2s_rx:u_i2s_rx|audio_data[15]               ; tx_audio_proc:u_tx_audio_proc|x_prev[15]                                                                          ; 0.035             ;
; i2s_rx:u_i2s_rx|audio_data[12]               ; tx_audio_proc:u_tx_audio_proc|x_prev[12]                                                                          ; 0.035             ;
; i2s_rx:u_i2s_rx|audio_data[10]               ; tx_audio_proc:u_tx_audio_proc|x_prev[10]                                                                          ; 0.035             ;
; i2s_rx:u_i2s_rx|audio_data[0]                ; tx_audio_proc:u_tx_audio_proc|x_prev[0]                                                                           ; 0.035             ;
; cic_interpolator:u_cic_q|i1_out[35]          ; cic_interpolator:u_cic_q|i1_out[35]                                                                               ; 0.032             ;
; cic_interpolator:u_cic_q|i2_out[35]          ; cic_interpolator:u_cic_q|i2_out[35]                                                                               ; 0.032             ;
; cic_interpolator:u_cic_q|c3_d1[15]           ; cic_interpolator:u_cic_q|c3_out[16]                                                                               ; 0.032             ;
; cic_interpolator:u_cic_q|i3_out[35]          ; cic_interpolator:u_cic_q|i3_out[35]                                                                               ; 0.032             ;
; cic_interpolator:u_cic_i|i1_out[35]          ; cic_interpolator:u_cic_i|i1_out[35]                                                                               ; 0.032             ;
; cic_interpolator:u_cic_i|i2_out[35]          ; cic_interpolator:u_cic_i|i2_out[35]                                                                               ; 0.032             ;
; cic_interpolator:u_cic_i|c3_d1[15]           ; cic_interpolator:u_cic_i|c3_out[16]                                                                               ; 0.032             ;
; cic_interpolator:u_cic_i|i3_out[35]          ; cic_interpolator:u_cic_i|i3_out[35]                                                                               ; 0.032             ;
; debounce_cnt[19]                             ; debounce_cnt[19]                                                                                                  ; 0.032             ;
; multi_band_modulator:u_band_mod|tx_out_B[26] ; multi_band_modulator:u_band_mod|dac_out_B[7]                                                                      ; 0.031             ;
; hilbert_filter:u_hilbert|tap_issue[8]        ; hilbert_filter:u_hilbert|tap_issue[8]                                                                             ; 0.030             ;
+----------------------------------------------+-------------------------------------------------------------------------------------------------------------------+-------------------+
Note: This table only shows the top 25 path(s) that have the largest delay added for hold.


+-----------------+
; Fitter Messages ;
+-----------------+
Info (11104): Parallel Compilation has detected 48 hyper-threaded processors. However, the extra hyper-threaded processors will not be used by default. Parallel Compilation will use 16 of the 16 physical processors detected instead.
Info (119006): Selected device EP4CE10F17C8 for design "HF_SDR"
Info (21077): Core supply voltage is 1.2V
Info (21077): Low junction temperature is 0 degrees C
Info (21077): High junction temperature is 85 degrees C
Info (15535): Implemented PLL "sys_pll:u_pll|altpll:altpll_component|sys_pll_altpll:auto_generated|pll1" as Cyclone IV E PLL type
    Info (15099): Implementing clock multiplication of 2, clock division of 1, and phase shift of 0 degrees (0 ps) for sys_pll:u_pll|altpll:altpll_component|sys_pll_altpll:auto_generated|wire_pll1_clk[0] port
    Info (15099): Implementing clock multiplication of 4, clock division of 1, and phase shift of 180 degrees (2500 ps) for sys_pll:u_pll|altpll:altpll_component|sys_pll_altpll:auto_generated|wire_pll1_clk[1] port
Info (171003): Fitter is performing an Auto Fit compilation, which may decrease Fitter effort to reduce compilation time
Warning (292013): Feature LogicLock is only available with a valid subscription license. You can purchase a software subscription to gain full access to this feature.
Info (176444): Device migration not selected. If you intend to use device migration later, you may need to change the pin assignments as they may be incompatible with other devices
    Info (176445): Device EP4CE6F17C8 is compatible
    Info (176445): Device EP4CE15F17C8 is compatible
    Info (176445): Device EP4CE22F17C8 is compatible
Info (169124): Fitter converted 5 user pins into dedicated programming pins
    Info (169125): Pin ~ALTERA_ASDO_DATA1~ is reserved at location C1
    Info (169125): Pin ~ALTERA_FLASH_nCE_nCSO~ is reserved at location D2
    Info (169125): Pin ~ALTERA_DCLK~ is reserved at location H1
    Info (169125): Pin ~ALTERA_DATA0~ is reserved at location H2
    Info (169125): Pin ~ALTERA_nCEO~ is reserved at location F16
Warning (15714): Some pins have incomplete I/O assignments. Refer to the I/O Assignment Warnings report for details
Info (176045): Design uses memory blocks. Violating setup or hold times of memory block address registers for either read or write operations could cause memory contents to be corrupted. Make sure that all memory block address registers meet the setup and hold time requirements.
Info (176353): Automatically promoted node sys_pll:u_pll|altpll:altpll_component|sys_pll_altpll:auto_generated|wire_pll1_clk[0] (placed in counter C0 of PLL_1)
    Info (176355): Automatically promoted destinations to use location or clock signal Global Clock CLKCTRL_G3
Info (176353): Automatically promoted node sys_pll:u_pll|altpll:altpll_component|sys_pll_altpll:auto_generated|wire_pll1_clk[1] (placed in counter C1 of PLL_1)
    Info (176355): Automatically promoted destinations to use location or clock signal Global Clock CLKCTRL_G4
Info (332104): Reading SDC File: 'HF_SDR.sdc'
Info (332110): Deriving PLL clocks
    Info (332110): create_generated_clock -source {u_pll|altpll_component|auto_generated|pll1|inclk[0]} -multiply_by 2 -duty_cycle 50.00 -name {u_pll|altpll_component|auto_generated|pll1|clk[0]} {u_pll|altpll_component|auto_generated|pll1|clk[0]}
    Info (332110): create_generated_clock -source {u_pll|altpll_component|auto_generated|pll1|inclk[0]} -multiply_by 4 -phase 180.00 -duty_cycle 50.00 -name {u_pll|altpll_component|auto_generated|pll1|clk[1]} {u_pll|altpll_component|auto_generated|pll1|clk[1]}
Info (332151): Clock uncertainty is not calculated until you update the timing netlist.
Info (332123): Deriving Clock Uncertainty. Please refer to report_sdc in TimeQuest to see clock uncertainties.
Info (332129): Detected timing requirements -- optimizing circuit to achieve only the specified requirements
Info (332111): Found 3 clocks
    Info (332111):   Period   Clock Name
    Info (332111): ======== ============
    Info (332111):   20.000      clk_50m
    Info (332111):   10.000 u_pll|altpll_component|auto_generated|pll1|clk[0]
    Info (332111):    5.000 u_pll|altpll_component|auto_generated|pll1|clk[1]
Info (176233): Starting register packing
Info (176235): Finished register packing
    Extra Info (176218): Packed 112 registers into blocks of type Embedded multiplier block
    Extra Info (176218): Packed 141 registers into blocks of type Embedded multiplier output
    Extra Info (176220): Created 28 register duplicates
Warning (15064): PLL "sys_pll:u_pll|altpll:altpll_component|sys_pll_altpll:auto_generated|pll1" output port clk[1] feeds output pin "dac_clk~output" via non-dedicated routing -- jitter performance depends on switching rate of other design elements. Use PLL dedicated clock outputs to ensure jitter performance
Info (171121): Fitter preparation operations ending: elapsed time is 00:00:02
Info (170189): Fitter placement preparation operations beginning
Info (170190): Fitter placement preparation operations ending: elapsed time is 00:00:01
Info (170191): Fitter placement operations beginning
Info (170137): Fitter placement was successful
Info (170192): Fitter placement operations ending: elapsed time is 00:00:04
Info (170193): Fitter routing operations beginning
Info (170195): Router estimated average interconnect usage is 4% of the available device resources
    Info (170196): Router estimated peak interconnect usage is 8% of the available device resources in the region that extends from location X0_Y0 to location X10_Y11
Info (170194): Fitter routing operations ending: elapsed time is 00:00:03
Info (170199): The Fitter performed an Auto Fit compilation.  Optimizations were skipped to reduce compilation time.
    Info (170201): Optimizations that may affect the design's routability were skipped
Info (11888): Total time spent on timing analysis during the Fitter is 3.16 seconds.
Info (334003): Started post-fitting delay annotation
Info (334004): Delay annotation completed successfully
Info (334003): Started post-fitting delay annotation
Info (334004): Delay annotation completed successfully
Info (11218): Fitter post-fit operations ending: elapsed time is 00:00:02
Warning (169177): 6 pins must meet Altera requirements for 3.3-, 3.0-, and 2.5-V interfaces. For more information, refer to AN 447: Interfacing Cyclone IV E Devices with 3.3/3.0/2.5-V LVTTL/LVCMOS I/O Systems.
    Info (169178): Pin clk_50m uses I/O standard 3.3-V LVTTL at E1
    Info (169178): Pin key[3] uses I/O standard 3.3-V LVTTL at F1
    Info (169178): Pin key[1] uses I/O standard 3.3-V LVTTL at M1
    Info (169178): Pin key[2] uses I/O standard 3.3-V LVTTL at F2
    Info (169178): Pin key[0] uses I/O standard 3.3-V LVTTL at M2
    Info (169178): Pin mic_sd uses I/O standard 3.3-V LVTTL at M7
Info (144001): Generated suppressed messages file C:/Users/Admin/Documents/FPGA/HF_SDR/output_files/HF_SDR.fit.smsg
Info: Quartus II 64-Bit Fitter was successful. 0 errors, 4 warnings
    Info: Peak virtual memory: 6154 megabytes
    Info: Processing ended: Fri Mar 20 01:16:56 2026
    Info: Elapsed time: 00:00:19
    Info: Total CPU time (on all processors): 00:00:31


+----------------------------+
; Fitter Suppressed Messages ;
+----------------------------+
The suppressed messages can be found in C:/Users/Admin/Documents/FPGA/HF_SDR/output_files/HF_SDR.fit.smsg.


